trade_id,signal_id,pair,side,setup_id,setup_attribution,status,result,signal_time,signal_candle_time,entry_time,entry_price,stop_price,target_price,risk_distance,target_rr,exit_time,exit_price,exit_reason,realized_r,bars_held,mfe_r,mae_r,ambiguous_touch,score_master,quality,rank_index,h4,h1,m15,ict_readiness,institutional_readiness,gate,gate_score,adr_used_pct,event_risk,technical_age_min,map_age_min,data_sufficient,data_quality_pct,d1_regime,w1_regime,active_session,checklist_passed,checklist_note,created_at,updated_at,engine_version,candidate_id,episode_id,source_model,source_timeframe,candidate_captured_at,candidate_status,candidate_score,model_evidence_json,context_gate_passed,context_gate_state,context_hard_blocks,context_soft_blocks,candidate_observation,execution_timeframe,timeframe_alignment_passed,timeframe_alignment_reason,gross_r,spread_cost_r,slippage_cost_r,total_friction_r,net_r,friction_version
44815897ea62dce33817eed8,44815897ea62dce33817eed8,USD/CAD,BUY,crt,SOURCE_MODEL_EXPLICIT,BLOCKED_CONTEXT,,2026-09-21T00:40:02.511052+00:00,,,,,,,2.0,,,,,,,,,89.0,91.0,89.9,🟢 CONFIRMA,🟢 PULLBACK OK,🟡 AGUARDAR GATILHO,60.5,57.8,B,65.0,41.83804627249276,NORMAL,12.2414379,12.2414379,True,100.0,COMPRESSÃO,TENDÊNCIA ALTISTA,Asian Range,False,"Candidato observado, mas não qualificado para simulação pelo contexto global.",2026-09-21T00:40:23.730499+00:00,2026-09-21T00:40:23.730499+00:00,ATLASQUANT_MODEL_PAPER_V1,2b2217163d130f2e0f281402,44815897ea62dce33817eed8,CRT,H1,2026-09-21T00:40:02.511052+00:00,🟢 CRT CONFIRMADO,100.0,"{""anchor_high"": 1.39895, ""anchor_low"": 1.39839, ""invalidation"": 1.39828, ""phase"": ""DISTRIBUIÇÃO"", ""raid_side"": ""SSL"", ""score"": 100.0, ""status"": ""🟢 CRT CONFIRMADO"", ""target"": 1.39895}",False,🟡 DIREÇÃO CONFIRMADA — AGUARDAR EXECUÇÃO,,ICT incompleto (60/100) | Fluxo institucional incompleto (58/100) | M15 ainda não confirmou gatilho,True,,,,,,,,,
334bae69552154d36dd93bca,334bae69552154d36dd93bca,USD/CHF,BUY,crt,SOURCE_MODEL_EXPLICIT,BLOCKED_CONTEXT,,2026-09-21T00:40:02.511052+00:00,,,,,,,2.0,,,,,,,,,89.0,91.0,89.9,🟡 PARCIAL,🔴 CONTRA,🟡 AGUARDAR GATILHO,60.5,55.0,B,77.0,33.68123120467073,NORMAL,12.2203097,12.2203097,True,100.0,TENDÊNCIA ALTISTA,EXPANSÃO DOS DOIS LADOS,Asian Range,False,"Candidato observado, mas não qualificado para simulação pelo contexto global.",2026-09-21T00:40:23.730499+00:00,2026-09-21T00:40:23.730499+00:00,ATLASQUANT_MODEL_PAPER_V1,3fb13e938cb790bf47ae6377,334bae69552154d36dd93bca,CRT,H1,2026-09-21T00:40:02.511052+00:00,🟢 CRT CONFIRMADO,100.0,"{""anchor_high"": 0.82297, ""anchor_low"": 0.82218, ""invalidation"": 0.8217, ""phase"": ""DISTRIBUIÇÃO"", ""raid_side"": ""SSL"", ""score"": 100.0, ""status"": ""🟢 CRT CONFIRMADO"", ""target"": 0.82297}",False,🔴 BLOQUEADO,H1 está contra o viés,ICT incompleto (60/100) | Fluxo institucional incompleto (55/100) | M15 ainda não confirmou gatilho,True,,,,,,,,,
b705ade5ae12ee1d0c0ce657,b705ade5ae12ee1d0c0ce657,USD/CHF,BUY,amd-po3,SOURCE_MODEL_EXPLICIT,BLOCKED_CONTEXT,,2026-09-21T02:31:13.469984+00:00,,,,,,,2.0,,,,,,,,,89.0,91.0,89.9,🟡 PARCIAL,🔴 CONTRA,🟡 AGUARDAR GATILHO,57.5,63.6,B,72.0,33.68123120467073,NORMAL,0.5040186,0.5040186,True,100.0,TENDÊNCIA ALTISTA,EXPANSÃO DOS DOIS LADOS,Asian Range,False,"Candidato observado, mas não qualificado para simulação pelo contexto global.",2026-09-21T02:31:46.596937+00:00,2026-09-21T02:31:46.596937+00:00,ATLASQUANT_MODEL_PAPER_V1,4e8cfeeabc0a595e797d0d4f,b705ade5ae12ee1d0c0ce657,AMD,M15,2026-09-21T02:31:13.469984+00:00,🟢 AMD / PO3 EM DISTRIBUIÇÃO,100.0,"{""acc_high"": 0.8229, ""acc_low"": 0.82207, ""manipulation_side"": ""SSL"", ""phase"": ""DISTRIBUIÇÃO"", ""score"": 100.0, ""status"": ""🟢 AMD / PO3 EM DISTRIBUIÇÃO"", ""target"": 0.8229}",False,🔴 BLOQUEADO,H1 está contra o viés,ICT incompleto (58/100) | Fluxo institucional incompleto (64/100) | M15 ainda não confirmou gatilho,True,,,,,,,,,
adefea533a314e38158368ad,adefea533a314e38158368ad,EUR/USD,SELL,amd-po3,SOURCE_MODEL_EXPLICIT,BLOCKED_CONTEXT,,2026-09-21T02:47:34.347885+00:00,,,,,,,2.0,,,,,,,,,91.0,70.0,82.5,🟢 CONFIRMA,🟢 PULLBACK OK,🟢 GATILHO,57.5,58.6,WAIT,57.0,61.237188872623946,NORMAL,0.4759053666666666,0.4759053666666666,True,100.0,EQUILÍBRIO / LIQUIDEZ,COMPRESSÃO,Asian Range,False,"Candidato observado, mas não qualificado para simulação pelo contexto global.",2026-09-21T02:48:06.815212+00:00,2026-09-21T02:48:06.815212+00:00,ATLASQUANT_MODEL_PAPER_V1,60cc62d4fae6aafe8f9fc8e0,adefea533a314e38158368ad,AMD,M15,2026-09-21T02:47:34.347885+00:00,🟢 AMD / PO3 EM DISTRIBUIÇÃO,100.0,"{""acc_high"": 1.14854, ""acc_low"": 1.14766, ""manipulation_side"": ""BSL"", ""phase"": ""DISTRIBUIÇÃO"", ""score"": 100.0, ""status"": ""🟢 AMD / PO3 EM DISTRIBUIÇÃO"", ""target"": 1.14766}",False,🟡 DIREÇÃO CONFIRMADA — AGUARDAR EXECUÇÃO,,Gate ainda não liberou execução | ICT incompleto (58/100) | Fluxo institucional incompleto (59/100),True,,,,,,,,,
a818581097501239b192fc26,a818581097501239b192fc26,GBP/USD,SELL,amd-po3,SOURCE_MODEL_EXPLICIT,BLOCKED_CONTEXT,,2026-09-21T02:47:34.347885+00:00,,,,,,,2.0,,,,,,,,,68.0,70.0,69.1,🟢 CONFIRMA,🟢 PULLBACK OK,🟢 GATILHO,48.8,76.2,WAIT,12.0,41.34520276953829,NORMAL,0.4969018166666666,0.4969018166666666,True,100.0,TENDÊNCIA ALTISTA,TENDÊNCIA ALTISTA,Asian Range,False,"Candidato observado, mas não qualificado para simulação pelo contexto global.",2026-09-21T02:48:06.815212+00:00,2026-09-21T02:48:06.815212+00:00,ATLASQUANT_MODEL_PAPER_V1,5dcaf04494114145fef9d0af,a818581097501239b192fc26,AMD,M15,2026-09-21T02:47:34.347885+00:00,🟢 AMD / PO3 EM DISTRIBUIÇÃO,100.0,"{""acc_high"": 1.33928, ""acc_low"": 1.33873, ""manipulation_side"": ""BSL"", ""phase"": ""DISTRIBUIÇÃO"", ""score"": 100.0, ""status"": ""🟢 AMD / PO3 EM DISTRIBUIÇÃO"", ""target"": 1.33873}",False,⚪ EM OBSERVAÇÃO,,Gate ainda não liberou execução | ICT incompleto (49/100),True,,,,,,,,,
72a9a60c4fe2c3ca4ed41e22,72a9a60c4fe2c3ca4ed41e22,USD/JPY,BUY,ote,SOURCE_MODEL_EXPLICIT,BLOCKED_CONTEXT,,2026-09-21T02:47:34.347885+00:00,,,,,,,2.0,,,,,,,,,90.0,84.0,87.2,🟢 CONFIRMA,🔴 CONTRA,🔴 SEM GATILHO,64.8,57.9,WAIT,50.0,45.091629786069234,NORMAL,16.817895916666668,16.817895916666668,True,100.0,TENDÊNCIA BAIXISTA,EQUILÍBRIO / LIQUIDEZ,Asian Range,False,"Candidato observado, mas não qualificado para simulação pelo contexto global.",2026-09-21T02:48:06.815212+00:00,2026-09-21T02:48:06.815212+00:00,ATLASQUANT_MODEL_PAPER_V1,8d101fd2937ddb253e27a0ca,72a9a60c4fe2c3ca4ed41e22,OTE,H1,2026-09-21T02:47:34.347885+00:00,🟢 DENTRO DO OTE,100.0,"{""price"": 156.70732, ""retracement_pct"": 72.17910343867196, ""score"": 100.0, ""status"": ""🟢 DENTRO DO OTE"", ""sweet_705"": 156.7169688, ""swing_high"": 157.12209, ""swing_low"": 156.54745, ""zone_high"": 156.7658132, ""zone_low"": 156.66812439999998}",False,🔴 BLOQUEADO,H1 está contra o viés,Gate ainda não liberou execução | ICT incompleto (65/100) | Fluxo institucional incompleto (58/100) | M15 ainda não confirmou gatilho,True,,,,,,,,,
762c289fe724137924c94874,762c289fe724137924c94874,EUR/USD,SELL,crt,SOURCE_MODEL_EXPLICIT,BLOCKED_CONTEXT,,2026-09-21T03:22:06.084397+00:00,,,,,,,2.0,,,,,,,,,74.0,90.0,80.3,🟢 CONFIRMA,🟢 PULLBACK OK,🟢 GATILHO,78.5,61.4,B,72.0,65.59297218155524,NORMAL,36.08175615,1.4599293,True,100.0,EQUILÍBRIO / LIQUIDEZ,COMPRESSÃO,Asian Range,False,"Candidato observado, mas não qualificado para simulação pelo contexto global.",2026-09-21T03:23:43.166259+00:00,2026-09-21T03:23:43.166259+00:00,ATLASQUANT_MODEL_PAPER_V1,fa9ea8a72ea4c36f925e48a8,762c289fe724137924c94874,CRT,H1,2026-09-21T03:22:06.084397+00:00,🟢 CRT CONFIRMADO,100.0,"{""anchor_high"": 1.14854, ""anchor_low"": 1.14766, ""invalidation"": 1.14857, ""phase"": ""DISTRIBUIÇÃO"", ""raid_side"": ""BSL"", ""score"": 100.0, ""status"": ""🟢 CRT CONFIRMADO"", ""target"": 1.14766}",False,🟠 SETUP EM FORMAÇÃO,,Fluxo institucional incompleto (61/100),True,,,,,,,,,
7ac23c5c1e0192f7a93d94d2,7ac23c5c1e0192f7a93d94d2,GBP/USD,SELL,crt,SOURCE_MODEL_EXPLICIT,BLOCKED_CONTEXT,,2026-09-21T03:22:06.084397+00:00,,,,,,,2.0,,,,,,,,,69.0,90.0,77.6,🟢 CONFIRMA,🟢 PULLBACK OK,🟢 GATILHO,69.8,73.5,WAIT,27.0,41.34520276953829,NORMAL,36.1027526,1.4884974333333332,True,100.0,TENDÊNCIA ALTISTA,TENDÊNCIA ALTISTA,Asian Range,False,"Candidato observado, mas não qualificado para simulação pelo contexto global.",2026-09-21T03:23:43.166259+00:00,2026-09-21T03:23:43.166259+00:00,ATLASQUANT_MODEL_PAPER_V1,b964c0d4988fad6196061a09,7ac23c5c1e0192f7a93d94d2,CRT,H1,2026-09-21T03:22:06.084397+00:00,🟢 CRT CONFIRMADO,100.0,"{""anchor_high"": 1.33928, ""anchor_low"": 1.33873, ""invalidation"": 1.33936, ""phase"": ""DISTRIBUIÇÃO"", ""raid_side"": ""BSL"", ""score"": 100.0, ""status"": ""🟢 CRT CONFIRMADO"", ""target"": 1.33873}",False,🟠 SETUP EM FORMAÇÃO,,Gate ainda não liberou execução | ICT incompleto (70/100),True,,,,,,,,,
f7f2265e753d2078499e1c28,f7f2265e753d2078499e1c28,USD/JPY,BUY,amd-po3,SOURCE_MODEL_EXPLICIT,BLOCKED_CONTEXT,,2026-09-21T03:22:06.084397+00:00,,,,,,,2.0,,,,,,,,,81.0,90.0,84.4,🟢 CONFIRMA,🔴 CONTRA,🔴 SEM GATILHO,73.8,60.3,WAIT,50.0,45.091629786069234,NORMAL,1.5469964,1.5469964,True,100.0,TENDÊNCIA BAIXISTA,EQUILÍBRIO / LIQUIDEZ,Asian Range,False,"Candidato observado, mas não qualificado para simulação pelo contexto global.",2026-09-21T03:23:43.166259+00:00,2026-09-21T03:23:43.166259+00:00,ATLASQUANT_MODEL_PAPER_V1,3c122976041604afef1af888,f7f2265e753d2078499e1c28,AMD,M15,2026-09-21T03:22:06.084397+00:00,🟢 AMD / PO3 EM DISTRIBUIÇÃO,100.0,"{""acc_high"": 157.10032, ""acc_low"": 156.70155, ""manipulation_side"": ""SSL"", ""phase"": ""DISTRIBUIÇÃO"", ""score"": 100.0, ""status"": ""🟢 AMD / PO3 EM DISTRIBUIÇÃO"", ""target"": 157.10032}",False,🔴 BLOQUEADO,H1 está contra o viés,Gate ainda não liberou execução | Fluxo institucional incompleto (60/100) | M15 ainda não confirmou gatilho,True,,,,,,,,,
e39d2526cb7126f27a46d314,e39d2526cb7126f27a46d314,USD/CAD,BUY,fvg,SOURCE_MODEL_EXPLICIT,BLOCKED_CONTEXT,,2026-09-21T04:22:13.963390+00:00,,,,,,,2.0,,,,,,,,,89.0,91.0,89.9,🟢 CONFIRMA,🟢 PULLBACK OK,🟡 AGUARDAR GATILHO,43.2,70.2,B,75.0,5.139329217422848,NORMAL,1.3837001833333331,1.3837001833333331,True,100.0,TENDÊNCIA ALTISTA,TENDÊNCIA ALTISTA,,False,"Candidato observado, mas não qualificado para simulação pelo contexto global.",2026-09-21T04:23:41.153537+00:00,2026-09-21T04:23:41.153537+00:00,ATLASQUANT_MODEL_PAPER_V1,27540b1676cb825ed983536b,e39d2526cb7126f27a46d314,FVG,M15,2026-09-21T04:22:13.963390+00:00,🟢 FVG EM TESTE,90.0,"{""price"": 1.40019, ""score"": 90.0, ""status"": ""🟢 FVG EM TESTE"", ""zone_high"": 1.40027, ""zone_low"": 1.40013}",False,🟡 DIREÇÃO CONFIRMADA — AGUARDAR EXECUÇÃO,,ICT incompleto (43/100) | M15 ainda não confirmou gatilho,True,,,,,,,,,
c18aa0e5771fa953818a401e,c18aa0e5771fa953818a401e,USD/CAD,BUY,crt,SOURCE_MODEL_EXPLICIT,BLOCKED_CONTEXT,,2026-09-21T06:28:37.512785+00:00,,,,,,,2.0,,,,,,,,,89.0,91.0,89.9,🟢 CONFIRMA,🟢 PULLBACK OK,🟢 GATILHO,60.5,68.4,B,77.0,40.647421992320766,NORMAL,1.3744389,1.3744389,True,100.0,TENDÊNCIA ALTISTA,TENDÊNCIA ALTISTA,London Killzone,False,"Candidato observado, mas não qualificado para simulação pelo contexto global.",2026-09-21T06:30:05.339034+00:00,2026-09-21T06:30:05.339034+00:00,ATLASQUANT_MODEL_PAPER_V1,fa881c7b7a2488cf8d219f5d,c18aa0e5771fa953818a401e,CRT,H1,2026-09-21T06:28:37.512785+00:00,🟢 CRT CONFIRMADO,100.0,"{""anchor_high"": 1.40053, ""anchor_low"": 1.40014, ""invalidation"": 1.40013, ""phase"": ""DISTRIBUIÇÃO"", ""raid_side"": ""SSL"", ""score"": 100.0, ""status"": ""🟢 CRT CONFIRMADO"", ""target"": 1.40053}",False,🟡 DIREÇÃO CONFIRMADA — AGUARDAR EXECUÇÃO,,ICT incompleto (60/100) | Fluxo institucional incompleto (68/100),True,,,,,,,,,
af3aac45d03d7d4f082169e2,af3aac45d03d7d4f082169e2,USD/CAD,BUY,fvg,SOURCE_MODEL_EXPLICIT,BLOCKED_CONTEXT,,2026-09-21T08:24:09.798435+00:00,,,,,,,2.0,,,,,,,,,89.0,91.0,89.9,🟢 CONFIRMA,🟢 PULLBACK OK,🔴 SEM GATILHO,43.2,59.3,B,77.0,51.62689804771799,NORMAL,1.37115785,1.37115785,True,100.0,TENDÊNCIA ALTISTA,TENDÊNCIA ALTISTA,London Killzone,False,"Candidato observado, mas não qualificado para simulação pelo contexto global.",2026-09-21T08:25:38.067191+00:00,2026-09-21T08:25:38.067191+00:00,ATLASQUANT_MODEL_PAPER_V1,5c9f15155cc787aa90ce97ba,af3aac45d03d7d4f082169e2,FVG,M15,2026-09-21T08:24:09.798435+00:00,🟢 FVG EM TESTE,90.0,"{""price"": 1.40127, ""score"": 90.0, ""status"": ""🟢 FVG EM TESTE"", ""zone_high"": 1.40171, ""zone_low"": 1.40097}",False,🟡 DIREÇÃO CONFIRMADA — AGUARDAR EXECUÇÃO,,ICT incompleto (43/100) | Fluxo institucional incompleto (59/100) | M15 ainda não confirmou gatilho,True,,,,,,,,,
fd143e1fab52916befffc576,fd143e1fab52916befffc576,USD/JPY,BUY,fvg,SOURCE_MODEL_EXPLICIT,BLOCKED_CONTEXT,,2026-09-21T08:24:09.798435+00:00,,,,,,,2.0,,,,,,,,,90.0,84.0,87.2,🟢 CONFIRMA,🟢 PULLBACK OK,🟡 AGUARDAR GATILHO,43.2,73.1,WAIT,42.0,27.43583836968057,NORMAL,0.4163898166666666,0.4163898166666666,True,100.0,EXPANSÃO DOS DOIS LADOS,EQUILÍBRIO / LIQUIDEZ,London Killzone,False,"Candidato observado, mas não qualificado para simulação pelo contexto global.",2026-09-21T08:25:38.067191+00:00,2026-09-21T08:25:38.067191+00:00,ATLASQUANT_MODEL_PAPER_V1,a887a83653bbdf1bafe47a68,fd143e1fab52916befffc576,FVG,M15,2026-09-21T08:24:09.798435+00:00,🟢 FVG EM TESTE,90.0,"{""price"": 157.17797, ""score"": 90.0, ""status"": ""🟢 FVG EM TESTE"", ""zone_high"": 157.18182, ""zone_low"": 157.0756}",False,🟡 DIREÇÃO CONFIRMADA — AGUARDAR EXECUÇÃO,,Gate ainda não liberou execução | ICT incompleto (43/100) | M15 ainda não confirmou gatilho,True,,,,,,,,,
bb53075a45ce37bfb30b527c,bb53075a45ce37bfb30b527c,USD/CAD,BUY,amd-po3,SOURCE_MODEL_EXPLICIT,BLOCKED_CONTEXT,,2026-09-21T10:22:13.857538+00:00,,,,,,,2.0,,,,,,,,,89.0,91.0,89.9,🟢 CONFIRMA,🟡 ESTICADO,🟡 AGUARDAR GATILHO,78.5,54.0,B,75.0,51.62689804771799,NORMAL,0.5495235333333334,0.5495235333333334,True,100.0,TENDÊNCIA ALTISTA,TENDÊNCIA ALTISTA,,False,"Candidato observado, mas não qualificado para simulação pelo contexto global.",2026-09-21T10:22:51.362935+00:00,2026-09-21T10:22:51.362935+00:00,ATLASQUANT_MODEL_PAPER_V1,c3c6b3754b83f7bdf21d4258,bb53075a45ce37bfb30b527c,AMD,M15,2026-09-21T10:22:13.857538+00:00,🟢 AMD / PO3 EM DISTRIBUIÇÃO,100.0,"{""acc_high"": 1.40234, ""acc_low"": 1.40112, ""manipulation_side"": ""SSL"", ""phase"": ""DISTRIBUIÇÃO"", ""score"": 100.0, ""status"": ""🟢 AMD / PO3 EM DISTRIBUIÇÃO"", ""target"": 1.40234}",False,🟠 SETUP EM FORMAÇÃO,,Fluxo institucional incompleto (54/100) | M15 ainda não confirmou gatilho,True,M15,1.0,SOURCE_EQUALS_EXECUTION,,,,,,
8662e27ce8f23904833b08e3,8662e27ce8f23904833b08e3,USD/CAD,BUY,crt,SOURCE_MODEL_EXPLICIT,BLOCKED_TIMEFRAME,,2026-09-21T10:22:13.857538+00:00,,,,,,,2.0,,,,,,,,,89.0,91.0,89.9,🟢 CONFIRMA,🟡 ESTICADO,🟡 AGUARDAR GATILHO,78.5,54.0,B,75.0,51.62689804771799,NORMAL,0.5495235333333334,0.5495235333333334,True,100.0,TENDÊNCIA ALTISTA,TENDÊNCIA ALTISTA,,False,"Candidato observado, mas não qualificado para simulação pelo contexto global.",2026-09-21T10:22:51.362935+00:00,2026-09-21T10:22:51.362935+00:00,ATLASQUANT_MODEL_PAPER_V1,61c55e2378b1f58b8cf379b1,8662e27ce8f23904833b08e3,CRT,H1,2026-09-21T10:22:13.857538+00:00,🟢 CRT CONFIRMADO,100.0,"{""anchor_high"": 1.40234, ""anchor_low"": 1.40112, ""invalidation"": 1.40076, ""phase"": ""DISTRIBUIÇÃO"", ""raid_side"": ""SSL"", ""score"": 100.0, ""status"": ""🟢 CRT CONFIRMADO"", ""target"": 1.40234}",False,🟠 SETUP EM FORMAÇÃO,,Fluxo institucional incompleto (54/100) | M15 ainda não confirmou gatilho,True,,0.0,EXECUTION_FRAME_NOT_AVAILABLE:H1,,,,,,
39775d271d863583152c44a5,39775d271d863583152c44a5,USD/CHF,BUY,ote,SOURCE_MODEL_EXPLICIT,BLOCKED_TIMEFRAME,,2026-09-21T11:21:19.178678+00:00,,,,,,,2.0,,,,,,,,,89.0,91.0,89.9,🟢 CONFIRMA,🔴 CONTRA,🔴 SEM GATILHO,58.0,60.3,B,72.0,47.97752808988749,NORMAL,1.3623333,1.3623333,True,100.0,TENDÊNCIA ALTISTA,EXPANSÃO DOS DOIS LADOS,New York AM,False,"Candidato observado, mas não qualificado para simulação pelo contexto global.",2026-09-21T11:22:49.024186+00:00,2026-09-21T11:22:49.024186+00:00,ATLASQUANT_MODEL_PAPER_V1,a8d4fde8a7062101d85c730f,39775d271d863583152c44a5,OTE,H1,2026-09-21T11:21:19.178678+00:00,🟢 DENTRO DO OTE,100.0,"{""price"": 0.82235, ""retracement_pct"": 70.3196347031949, ""score"": 100.0, ""status"": ""🟢 DENTRO DO OTE"", ""sweet_705"": 0.8223460499999999, ""swing_high"": 0.82389, ""swing_low"": 0.8217, ""zone_high"": 0.8225322, ""zone_low"": 0.8221598999999999}",False,🔴 BLOQUEADO,H1 está contra o viés,ICT incompleto (58/100) | Fluxo institucional incompleto (60/100) | M15 ainda não confirmou gatilho,True,,0.0,EXECUTION_FRAME_NOT_AVAILABLE:H1,,,,,,
ebf5547c5704401595d26d88,ebf5547c5704401595d26d88,USD/JPY,BUY,amd-po3,SOURCE_MODEL_EXPLICIT,BLOCKED_CONTEXT,,2026-09-21T13:21:08.012383+00:00,,,,,,,2.0,,,,,,,,,90.0,84.0,87.2,🟢 CONFIRMA,🟢 PULLBACK OK,🟡 AGUARDAR GATILHO,57.5,75.2,WAIT,42.0,35.04463405334978,NORMAL,0.4637580333333334,0.4637580333333334,True,100.0,EXPANSÃO DOS DOIS LADOS,EQUILÍBRIO / LIQUIDEZ,New York AM,False,"Candidato observado, mas não qualificado para simulação pelo contexto global.",2026-09-21T13:22:39.262201+00:00,2026-09-21T13:22:39.262201+00:00,ATLASQUANT_MODEL_PAPER_V1,6977368ab48d3ae5ab10870d,ebf5547c5704401595d26d88,AMD,M15,2026-09-21T13:21:08.012383+00:00,🟢 AMD / PO3 EM DISTRIBUIÇÃO,100.0,"{""acc_high"": 157.31309, ""acc_low"": 157.17525, ""manipulation_side"": ""SSL"", ""phase"": ""DISTRIBUIÇÃO"", ""score"": 100.0, ""status"": ""🟢 AMD / PO3 EM DISTRIBUIÇÃO"", ""target"": 157.31309}",False,🟡 DIREÇÃO CONFIRMADA — AGUARDAR EXECUÇÃO,,Gate ainda não liberou execução | ICT incompleto (58/100) | M15 ainda não confirmou gatilho,True,M15,1.0,SOURCE_EQUALS_EXECUTION,,,,,,
9eb4c46b5b66cdbdf28a24b6,9eb4c46b5b66cdbdf28a24b6,USD/JPY,BUY,amd-po3,SOURCE_MODEL_EXPLICIT,BLOCKED_CONTEXT,,2026-09-21T13:47:35.313684+00:00,,,,,,,2.0,,,,,,,,,90.0,84.0,87.2,🟢 CONFIRMA,🟡 ESTICADO,🟡 AGUARDAR GATILHO,78.5,63.1,WAIT,42.0,35.04463405334978,NORMAL,0.3834858333333333,0.3834858333333333,True,100.0,EXPANSÃO DOS DOIS LADOS,EQUILÍBRIO / LIQUIDEZ,New York AM,False,"Candidato observado, mas não qualificado para simulação pelo contexto global.",2026-09-21T13:48:03.278269+00:00,2026-09-21T13:48:03.278269+00:00,ATLASQUANT_MODEL_PAPER_V1,32273664a857c0541837f676,9eb4c46b5b66cdbdf28a24b6,AMD,M15,2026-09-21T13:47:35.313684+00:00,🟢 AMD / PO3 EM DISTRIBUIÇÃO,100.0,"{""acc_high"": 157.30687, ""acc_low"": 157.18299, ""manipulation_side"": ""SSL"", ""phase"": ""DISTRIBUIÇÃO"", ""score"": 100.0, ""status"": ""🟢 AMD / PO3 EM DISTRIBUIÇÃO"", ""target"": 157.30687}",False,⚪ EM OBSERVAÇÃO,,Gate ainda não liberou execução | Fluxo institucional incompleto (63/100) | M15 ainda não confirmou gatilho,True,M15,1.0,SOURCE_EQUALS_EXECUTION,,,,,,
c31152caea3c780d14bb6d78,c31152caea3c780d14bb6d78,USD/JPY,BUY,crt,SOURCE_MODEL_EXPLICIT,BLOCKED_TIMEFRAME,,2026-09-21T13:47:35.313684+00:00,,,,,,,2.0,,,,,,,,,90.0,84.0,87.2,🟢 CONFIRMA,🟡 ESTICADO,🟡 AGUARDAR GATILHO,78.5,63.1,WAIT,42.0,35.04463405334978,NORMAL,0.3834858333333333,0.3834858333333333,True,100.0,EXPANSÃO DOS DOIS LADOS,EQUILÍBRIO / LIQUIDEZ,New York AM,False,"Candidato observado, mas não qualificado para simulação pelo contexto global.",2026-09-21T13:48:03.278269+00:00,2026-09-21T13:48:03.278269+00:00,ATLASQUANT_MODEL_PAPER_V1,c780ad812b8beb7218ba78b2,c31152caea3c780d14bb6d78,CRT,H1,2026-09-21T13:47:35.313684+00:00,🟢 CRT CONFIRMADO,100.0,"{""anchor_high"": 157.28668, ""anchor_low"": 157.18299, ""invalidation"": 157.17392, ""phase"": ""DISTRIBUIÇÃO"", ""raid_side"": ""SSL"", ""score"": 100.0, ""status"": ""🟢 CRT CONFIRMADO"", ""target"": 157.28668}",False,⚪ EM OBSERVAÇÃO,,Gate ainda não liberou execução | Fluxo institucional incompleto (63/100) | M15 ainda não confirmou gatilho,True,,0.0,EXECUTION_FRAME_NOT_AVAILABLE:H1,,,,,,
4267ba99eec84995f590cabf,4267ba99eec84995f590cabf,GBP/USD,SELL,crt,SOURCE_MODEL_EXPLICIT,BLOCKED_TIMEFRAME,,2026-09-21T14:22:04.856939+00:00,,,,,,,2.0,,,,,,,,,68.0,70.0,69.1,🟡 PARCIAL,🟢 PULLBACK OK,🟢 GATILHO,60.5,83.0,WAIT,27.0,62.20853497580515,NORMAL,1.7286268333333332,1.7286268333333332,True,100.0,EXPANSÃO DOS DOIS LADOS,TENDÊNCIA ALTISTA,London Close,False,"Candidato observado, mas não qualificado para simulação pelo contexto global.",2026-09-21T14:23:50.270901+00:00,2026-09-21T14:23:50.270901+00:00,ATLASQUANT_MODEL_PAPER_V1,13e89e66916af886e0063db6,4267ba99eec84995f590cabf,CRT,H1,2026-09-21T14:22:04.856939+00:00,🟢 CRT CONFIRMADO,100.0,"{""anchor_high"": 1.3397, ""anchor_low"": 1.338, ""invalidation"": 1.34, ""phase"": ""DISTRIBUIÇÃO"", ""raid_side"": ""BSL"", ""score"": 100.0, ""status"": ""🟢 CRT CONFIRMADO"", ""target"": 1.338}",False,⚪ EM OBSERVAÇÃO,,Gate ainda não liberou execução | ICT incompleto (60/100),True,,0.0,EXECUTION_FRAME_NOT_AVAILABLE:H1,,,,,,
aac18cb01c0ea3a6a2660de4,aac18cb01c0ea3a6a2660de4,USD/CAD,BUY,amd-po3,SOURCE_MODEL_EXPLICIT,BLOCKED_CONTEXT,,2026-09-21T14:22:04.856939+00:00,,,,,,,2.0,,,,,,,,,89.0,91.0,89.9,🟢 CONFIRMA,🟢 PULLBACK OK,🔴 SEM GATILHO,57.5,63.8,B,77.0,62.37276822959976,NORMAL,1.6169897333333334,1.6169897333333334,True,100.0,TENDÊNCIA ALTISTA,TENDÊNCIA ALTISTA,London Close,False,"Candidato observado, mas não qualificado para simulação pelo contexto global.",2026-09-21T14:23:50.270901+00:00,2026-09-21T14:23:50.270901+00:00,ATLASQUANT_MODEL_PAPER_V1,446a8440d37599e7dcd2896a,aac18cb01c0ea3a6a2660de4,AMD,M15,2026-09-21T14:22:04.856939+00:00,🟢 AMD / PO3 EM DISTRIBUIÇÃO,100.0,"{""acc_high"": 1.40229, ""acc_low"": 1.39971, ""manipulation_side"": ""SSL"", ""phase"": ""DISTRIBUIÇÃO"", ""score"": 100.0, ""status"": ""🟢 AMD / PO3 EM DISTRIBUIÇÃO"", ""target"": 1.40229}",False,🟡 DIREÇÃO CONFIRMADA — AGUARDAR EXECUÇÃO,,ICT incompleto (58/100) | Fluxo institucional incompleto (64/100) | M15 ainda não confirmou gatilho,True,M15,1.0,SOURCE_EQUALS_EXECUTION,,,,,,
ed1cb068a8bffb61f786a7f6,ed1cb068a8bffb61f786a7f6,USD/CHF,BUY,crt,SOURCE_MODEL_EXPLICIT,BLOCKED_TIMEFRAME,,2026-09-21T14:22:04.856939+00:00,,,,,,,2.0,,,,,,,,,89.0,91.0,89.9,🔴 CONTRA,🔴 CONTRA,🔴 SEM GATILHO,74.2,80.4,B,77.0,80.48689138576808,NORMAL,1.58962365,1.58962365,True,100.0,TENDÊNCIA ALTISTA,EXPANSÃO DOS DOIS LADOS,London Close,False,"Candidato observado, mas não qualificado para simulação pelo contexto global.",2026-09-21T14:23:50.270901+00:00,2026-09-21T14:23:50.270901+00:00,ATLASQUANT_MODEL_PAPER_V1,d367545790dbd039b1161d98,ed1cb068a8bffb61f786a7f6,CRT,H1,2026-09-21T14:22:04.856939+00:00,🟢 CRT CONFIRMADO,100.0,"{""anchor_high"": 0.82252, ""anchor_low"": 0.82091, ""invalidation"": 0.82082, ""phase"": ""DISTRIBUIÇÃO"", ""raid_side"": ""SSL"", ""score"": 100.0, ""status"": ""🟢 CRT CONFIRMADO"", ""target"": 0.82252}",False,🔴 BLOQUEADO,H4 está contra o viés | H1 está contra o viés,M15 ainda não confirmou gatilho,True,,0.0,EXECUTION_FRAME_NOT_AVAILABLE:H1,,,,,,
789ce049baa6a19b701b1178,789ce049baa6a19b701b1178,USD/CAD,BUY,crt,SOURCE_MODEL_EXPLICIT,BLOCKED_TIMEFRAME,,2026-09-21T15:19:56.599642+00:00,,,,,,,2.0,,,,,,,,,89.0,91.0,89.9,🟢 CONFIRMA,🟢 PULLBACK OK,🟡 AGUARDAR GATILHO,60.5,63.8,B,77.0,62.37276822959976,NORMAL,1.5098779,1.5098779,True,100.0,TENDÊNCIA ALTISTA,TENDÊNCIA ALTISTA,London Close,False,"Candidato observado, mas não qualificado para simulação pelo contexto global.",2026-09-21T15:21:37.464309+00:00,2026-09-21T15:21:37.464309+00:00,ATLASQUANT_MODEL_PAPER_V1,542a26d55dfd6e8fdf6a1c92,789ce049baa6a19b701b1178,CRT,H1,2026-09-21T15:19:56.599642+00:00,🟢 CRT CONFIRMADO,100.0,"{""anchor_high"": 1.40067, ""anchor_low"": 1.39981, ""invalidation"": 1.39967, ""phase"": ""DISTRIBUIÇÃO"", ""raid_side"": ""SSL"", ""score"": 100.0, ""status"": ""🟢 CRT CONFIRMADO"", ""target"": 1.40067}",False,🟡 DIREÇÃO CONFIRMADA — AGUARDAR EXECUÇÃO,,ICT incompleto (60/100) | Fluxo institucional incompleto (64/100) | M15 ainda não confirmou gatilho,True,,0.0,EXECUTION_FRAME_NOT_AVAILABLE:H1,,,,,,
b2894a68d4607e4adb80b0d2,b2894a68d4607e4adb80b0d2,USD/JPY,BUY,amd-po3,SOURCE_MODEL_EXPLICIT,BLOCKED_CONTEXT,,2026-09-21T18:23:25.844654+00:00,,,,,,,2.0,,,,,,,,,90.0,84.0,87.2,🟢 CONFIRMA,🟡 ESTICADO,🟡 AGUARDAR GATILHO,57.5,50.5,WAIT,42.0,47.81185390371351,NORMAL,0.5846829499999999,0.5846829499999999,True,100.0,EXPANSÃO DOS DOIS LADOS,EQUILÍBRIO / LIQUIDEZ,New York PM,False,"Candidato observado, mas não qualificado para simulação pelo contexto global.",2026-09-21T18:25:05.057028+00:00,2026-09-21T18:25:05.057028+00:00,ATLASQUANT_MODEL_PAPER_V1,5e1b16a0aa15db32dd011786,b2894a68d4607e4adb80b0d2,AMD,M15,2026-09-21T18:23:25.844654+00:00,🟢 AMD / PO3 EM DISTRIBUIÇÃO,100.0,"{""acc_high"": 157.53444, ""acc_low"": 157.34499, ""manipulation_side"": ""SSL"", ""phase"": ""DISTRIBUIÇÃO"", ""score"": 100.0, ""status"": ""🟢 AMD / PO3 EM DISTRIBUIÇÃO"", ""target"": 157.53444}",False,⚪ EM OBSERVAÇÃO,,Gate ainda não liberou execução | ICT incompleto (58/100) | Fluxo institucional incompleto (50/100) | M15 ainda não confirmou gatilho,True,M15,1.0,SOURCE_EQUALS_EXECUTION,,,,,,
b015f1405b2d4c8c018d19ea,b015f1405b2d4c8c018d19ea,USD/CAD,BUY,fvg,SOURCE_MODEL_EXPLICIT,BLOCKED_CONTEXT,,2026-09-21T19:19:39.023547+00:00,,,,,,,2.0,,,,,,,,,89.0,91.0,89.9,🟢 CONFIRMA,🟢 PULLBACK OK,🟡 AGUARDAR GATILHO,43.2,63.1,B,77.0,98.1144668780235,NORMAL,1.5002276666666667,1.5002276666666667,True,100.0,TENDÊNCIA ALTISTA,TENDÊNCIA ALTISTA,New York PM,False,"Candidato observado, mas não qualificado para simulação pelo contexto global.",2026-09-21T19:21:17.572920+00:00,2026-09-21T19:21:17.572920+00:00,ATLASQUANT_MODEL_PAPER_V1,30631532233b41f9fe9e145a,b015f1405b2d4c8c018d19ea,FVG,M15,2026-09-21T19:19:39.023547+00:00,🟢 FVG EM TESTE,90.0,"{""price"": 1.40336, ""score"": 90.0, ""status"": ""🟢 FVG EM TESTE"", ""zone_high"": 1.4035, ""zone_low"": 1.40328}",False,🟡 DIREÇÃO CONFIRMADA — AGUARDAR EXECUÇÃO,,ADR14 em 98%: evitar perseguir preço | ICT incompleto (43/100) | Fluxo institucional incompleto (63/100) | M15 ainda não confirmou gatilho,True,M15,1.0,SOURCE_EQUALS_EXECUTION,,,,,,
6bf525db37679f0490fe7e7a,6bf525db37679f0490fe7e7a,EUR/USD,SELL,crt,SOURCE_MODEL_EXPLICIT,BLOCKED_CONTEXT,,2026-09-21T21:16:19.601300+00:00,,,,,,,2.0,,,,,,,,,91.0,70.0,82.5,🟢 CONFIRMA,🟢 PULLBACK OK,🔴 SEM GATILHO,53.8,57.4,WAIT,50.0,89.50995405819052,NORMAL,0.5284279,0.5284279,True,100.0,EXPANSÃO DOS DOIS LADOS,COMPRESSÃO,,False,"Candidato observado, mas não qualificado para simulação pelo contexto global.",2026-09-21T21:16:54.536781+00:00,2026-09-21T21:16:54.536781+00:00,ATLASQUANT_MODEL_PAPER_V1,45c05a118219f7fa4f25a786,6bf525db37679f0490fe7e7a,CRT,H1,2026-09-21T21:16:19.601300+00:00,🟢 CRT CONFIRMADO,100.0,"{""anchor_high"": 1.14683, ""anchor_low"": 1.14622, ""invalidation"": 1.14699, ""phase"": ""DISTRIBUIÇÃO"", ""raid_side"": ""BSL"", ""score"": 100.0, ""status"": ""🟢 CRT CONFIRMADO"", ""target"": 1.14622}",False,🟡 DIREÇÃO CONFIRMADA — AGUARDAR EXECUÇÃO,,Gate ainda não liberou execução | ADR14 em 90%: espaço reduzido | ICT incompleto (54/100) | Fluxo institucional incompleto (57/100),True,H1,1.0,SOURCE_EQUALS_EXECUTION,,,,,,
e94a686b84b3add302814536,e94a686b84b3add302814536,GBP/USD,SELL,amd-po3,SOURCE_MODEL_EXPLICIT,BLOCKED_CONTEXT,,2026-09-21T21:16:19.601300+00:00,,,,,,,2.0,,,,,,,,,68.0,70.0,69.1,🟢 CONFIRMA,🟢 PULLBACK OK,🟢 GATILHO,57.5,67.5,WAIT,20.0,73.29520457545296,NORMAL,0.5513703666666667,0.5513703666666667,True,100.0,EXPANSÃO DOS DOIS LADOS,TENDÊNCIA ALTISTA,,False,"Candidato observado, mas não qualificado para simulação pelo contexto global.",2026-09-21T21:16:54.536781+00:00,2026-09-21T21:16:54.536781+00:00,ATLASQUANT_MODEL_PAPER_V1,fa53a3821bd8ee1896af07a9,e94a686b84b3add302814536,AMD,M15,2026-09-21T21:16:19.601300+00:00,🟢 AMD / PO3 EM DISTRIBUIÇÃO,100.0,"{""acc_high"": 1.33735, ""acc_low"": 1.33654, ""manipulation_side"": ""BSL"", ""phase"": ""DISTRIBUIÇÃO"", ""score"": 100.0, ""status"": ""🟢 AMD / PO3 EM DISTRIBUIÇÃO"", ""target"": 1.33654}",False,⚪ EM OBSERVAÇÃO,,Gate ainda não liberou execução | ICT incompleto (58/100) | Fluxo institucional incompleto (68/100),True,M15,1.0,SOURCE_EQUALS_EXECUTION,,,,,,
05f6849737bfd4aafffeb622,05f6849737bfd4aafffeb622,NZD/USD,SELL,crt,SOURCE_MODEL_EXPLICIT,BLOCKED_CONTEXT,,2026-09-21T21:16:19.601300+00:00,,,,,,,2.0,,,,,,,,,84.0,91.0,87.1,🟢 CONFIRMA,🟢 PULLBACK OK,🔴 SEM GATILHO,60.5,57.0,WAIT,50.0,60.28591352859048,NORMAL,0.499088,0.499088,True,100.0,TENDÊNCIA BAIXISTA,EQUILÍBRIO / LIQUIDEZ,,False,"Candidato observado, mas não qualificado para simulação pelo contexto global.",2026-09-21T21:16:54.536781+00:00,2026-09-21T21:16:54.536781+00:00,ATLASQUANT_MODEL_PAPER_V1,ba08cb6128544fe6c73952a2,05f6849737bfd4aafffeb622,CRT,H1,2026-09-21T21:16:19.601300+00:00,🟢 CRT CONFIRMADO,100.0,"{""anchor_high"": 0.5718, ""anchor_low"": 0.57138, ""invalidation"": 0.57198, ""phase"": ""DISTRIBUIÇÃO"", ""raid_side"": ""BSL"", ""score"": 100.0, ""status"": ""🟢 CRT CONFIRMADO"", ""target"": 0.57138}",False,🟡 DIREÇÃO CONFIRMADA — AGUARDAR EXECUÇÃO,,Gate ainda não liberou execução | ICT incompleto (60/100) | Fluxo institucional incompleto (57/100),True,H1,1.0,SOURCE_EQUALS_EXECUTION,,,,,,
3b0db270d89039d298fb261a,3b0db270d89039d298fb261a,USD/CHF,BUY,amd-po3,SOURCE_MODEL_EXPLICIT,BLOCKED_CONTEXT,,2026-09-21T21:44:18.192920+00:00,,,,,,,2.0,,,,,,,,,89.0,91.0,89.9,🔴 CONTRA,🔴 CONTRA,🔴 SEM GATILHO,57.5,69.5,B,75.0,83.89513108614163,NORMAL,0.4812609833333333,0.4812609833333333,True,100.0,TENDÊNCIA ALTISTA,EXPANSÃO DOS DOIS LADOS,,False,"Candidato observado, mas não qualificado para simulação pelo contexto global.",2026-09-21T21:44:49.639265+00:00,2026-09-21T21:44:49.639265+00:00,ATLASQUANT_MODEL_PAPER_V1,c552f15148b71c475d7684b0,3b0db270d89039d298fb261a,AMD,M15,2026-09-21T21:44:18.192920+00:00,🟢 AMD / PO3 EM DISTRIBUIÇÃO,100.0,"{""acc_high"": 0.82167, ""acc_low"": 0.82084, ""manipulation_side"": ""SSL"", ""phase"": ""DISTRIBUIÇÃO"", ""score"": 100.0, ""status"": ""🟢 AMD / PO3 EM DISTRIBUIÇÃO"", ""target"": 0.82167}",False,🔴 BLOQUEADO,H4 está contra o viés | H1 está contra o viés,ICT incompleto (58/100) | Fluxo institucional incompleto (70/100) | M15 ainda não confirmou gatilho,True,M15,1.0,SOURCE_EQUALS_EXECUTION,,,,,,
1e93fea29ac6869a893d1d7e,1e93fea29ac6869a893d1d7e,EUR/USD,SELL,amd-po3,SOURCE_MODEL_EXPLICIT,BLOCKED_CONTEXT,,2026-09-21T22:20:28.562912+00:00,,,,,,,2.0,,,,,,,,,91.0,70.0,82.5,🟢 CONFIRMA,🟢 PULLBACK OK,🟡 AGUARDAR GATILHO,71.8,55.0,WAIT,50.0,89.50995405819052,NORMAL,1.4776082,1.4776082,True,100.0,EXPANSÃO DOS DOIS LADOS,COMPRESSÃO,,False,"Candidato observado, mas não qualificado para simulação pelo contexto global.",2026-09-21T22:21:59.707750+00:00,2026-09-21T22:21:59.707750+00:00,ATLASQUANT_MODEL_PAPER_V1,b326516903a3967ea25dd813,1e93fea29ac6869a893d1d7e,AMD,M15,2026-09-21T22:20:28.562912+00:00,🟢 AMD / PO3 EM DISTRIBUIÇÃO,100.0,"{""acc_high"": 1.14699, ""acc_low"": 1.14622, ""manipulation_side"": ""BSL"", ""phase"": ""DISTRIBUIÇÃO"", ""score"": 100.0, ""status"": ""🟢 AMD / PO3 EM DISTRIBUIÇÃO"", ""target"": 1.14622}",False,🟡 DIREÇÃO CONFIRMADA — AGUARDAR EXECUÇÃO,,Gate ainda não liberou execução | ADR14 em 90%: espaço reduzido | Fluxo institucional incompleto (55/100) | M15 ainda não confirmou gatilho,True,M15,1.0,SOURCE_EQUALS_EXECUTION,,,,,,
02502b3e9b6f5f65dd7674f7,02502b3e9b6f5f65dd7674f7,GBP/USD,SELL,amd-po3,SOURCE_MODEL_EXPLICIT,BLOCKED_CONTEXT,,2026-09-21T22:20:28.562912+00:00,,,,,,,2.0,,,,,,,,,68.0,70.0,69.1,🟢 CONFIRMA,🟢 PULLBACK OK,🟡 AGUARDAR GATILHO,50.8,51.7,WAIT,20.0,76.16952632351047,NORMAL,1.50097045,1.50097045,True,100.0,EXPANSÃO DOS DOIS LADOS,TENDÊNCIA ALTISTA,,False,"Candidato observado, mas não qualificado para simulação pelo contexto global.",2026-09-21T22:21:59.707750+00:00,2026-09-21T22:21:59.707750+00:00,ATLASQUANT_MODEL_PAPER_V1,0e706073c1f2bd8291914c0a,02502b3e9b6f5f65dd7674f7,AMD,M15,2026-09-21T22:20:28.562912+00:00,🟢 AMD / PO3 EM DISTRIBUIÇÃO,100.0,"{""acc_high"": 1.33749, ""acc_low"": 1.33654, ""manipulation_side"": ""BSL"", ""phase"": ""DISTRIBUIÇÃO"", ""score"": 100.0, ""status"": ""🟢 AMD / PO3 EM DISTRIBUIÇÃO"", ""target"": 1.33654}",False,⚪ EM OBSERVAÇÃO,,Gate ainda não liberou execução | ICT incompleto (51/100) | Fluxo institucional incompleto (52/100) | M15 ainda não confirmou gatilho,True,M15,1.0,SOURCE_EQUALS_EXECUTION,,,,,,
59676899b2535b555da2a5c3,59676899b2535b555da2a5c3,USD/CHF,BUY,fvg,SOURCE_MODEL_EXPLICIT,BLOCKED_CONTEXT,,2026-09-21T22:20:28.562912+00:00,,,,,,,2.0,,,,,,,,,89.0,91.0,89.9,🔴 CONTRA,🔴 CONTRA,🔴 SEM GATILHO,43.2,59.3,B,75.0,83.89513108614163,NORMAL,1.3986981166666663,1.3986981166666663,True,100.0,TENDÊNCIA ALTISTA,EXPANSÃO DOS DOIS LADOS,,False,"Candidato observado, mas não qualificado para simulação pelo contexto global.",2026-09-21T22:21:59.707750+00:00,2026-09-21T22:21:59.707750+00:00,ATLASQUANT_MODEL_PAPER_V1,3a105d3e1dee41b7693d62bb,59676899b2535b555da2a5c3,FVG,M15,2026-09-21T22:20:28.562912+00:00,🟢 FVG EM TESTE,90.0,"{""price"": 0.82098, ""score"": 90.0, ""status"": ""🟢 FVG EM TESTE"", ""zone_high"": 0.82108, ""zone_low"": 0.82094}",False,🔴 BLOQUEADO,H4 está contra o viés | H1 está contra o viés,ICT incompleto (43/100) | Fluxo institucional incompleto (59/100) | M15 ainda não confirmou gatilho,True,M15,1.0,SOURCE_EQUALS_EXECUTION,,,,,,
ada286ce058b7cd0e4f92b08,ada286ce058b7cd0e4f92b08,USD/CAD,BUY,crt,SOURCE_MODEL_EXPLICIT,BLOCKED_CONTEXT,,2026-09-22T00:27:21.872142+00:00,,,,,,,2.0,,,,,,,,,89.0,91.0,89.9,🟢 CONFIRMA,🟡 ESTICADO,🔴 SEM GATILHO,53.8,49.1,B,77.0,98.1144668780235,NORMAL,2.53881405,2.53881405,True,100.0,TENDÊNCIA ALTISTA,TENDÊNCIA ALTISTA,Asian Range,False,"Candidato observado, mas não qualificado para simulação pelo contexto global.",2026-09-22T00:30:00.455433+00:00,2026-09-22T00:30:00.455433+00:00,ATLASQUANT_MODEL_PAPER_V1,06c7b3fbf02615892bc05211,ada286ce058b7cd0e4f92b08,CRT,H1,2026-09-22T00:27:21.872142+00:00,🟢 CRT CONFIRMADO,100.0,"{""anchor_high"": 1.4035, ""anchor_low"": 1.40285, ""invalidation"": 1.4026, ""phase"": ""DISTRIBUIÇÃO"", ""raid_side"": ""SSL"", ""score"": 100.0, ""status"": ""🟢 CRT CONFIRMADO"", ""target"": 1.4035}",False,⚪ EM OBSERVAÇÃO,,ADR14 em 98%: evitar perseguir preço | ICT incompleto (54/100) | Fluxo institucional incompleto (49/100) | H1 ainda não confirmou gatilho,True,H1,1.0,SOURCE_EQUALS_EXECUTION,,,,,,
f3cc759c7a8e09310704c18d,f3cc759c7a8e09310704c18d,GBP/USD,SELL,amd-po3,SOURCE_MODEL_EXPLICIT,BLOCKED_CONTEXT,,2026-09-22T01:45:28.406236+00:00,,,,,,,2.0,,,,,,,,,68.0,70.0,69.1,🟢 CONFIRMA,🟢 PULLBACK OK,🟢 GATILHO,57.5,79.9,WAIT,27.0,76.16952632351047,NORMAL,1.6615209666666668,1.6615209666666668,True,100.0,EXPANSÃO DOS DOIS LADOS,TENDÊNCIA ALTISTA,Asian Range,False,"Candidato observado, mas não qualificado para simulação pelo contexto global.",2026-09-22T01:47:09.841440+00:00,2026-09-22T01:47:09.841440+00:00,ATLASQUANT_MODEL_PAPER_V1,18366d6e3847bb5de7b730f0,f3cc759c7a8e09310704c18d,AMD,M15,2026-09-22T01:45:28.406236+00:00,🟢 AMD / PO3 EM DISTRIBUIÇÃO,100.0,"{""acc_high"": 1.33755, ""acc_low"": 1.33676, ""manipulation_side"": ""BSL"", ""phase"": ""DISTRIBUIÇÃO"", ""score"": 100.0, ""status"": ""🟢 AMD / PO3 EM DISTRIBUIÇÃO"", ""target"": 1.33676}",False,⚪ EM OBSERVAÇÃO,,Gate ainda não liberou execução | ICT incompleto (58/100),True,M15,1.0,SOURCE_EQUALS_EXECUTION,,,,,,
417bc38f3a616566c6866a0f,417bc38f3a616566c6866a0f,USD/JPY,BUY,amd-po3,SOURCE_MODEL_EXPLICIT,BLOCKED_CONTEXT,,2026-09-22T01:45:28.406236+00:00,,,,,,,2.0,,,,,,,,,90.0,84.0,87.2,🟢 CONFIRMA,🟢 PULLBACK OK,🟡 AGUARDAR GATILHO,69.5,72.7,WAIT,42.0,47.81185390371351,NORMAL,0.6281116166666667,0.6281116166666667,True,100.0,EXPANSÃO DOS DOIS LADOS,EQUILÍBRIO / LIQUIDEZ,Asian Range,False,"Candidato observado, mas não qualificado para simulação pelo contexto global.",2026-09-22T01:47:09.841440+00:00,2026-09-22T01:47:09.841440+00:00,ATLASQUANT_MODEL_PAPER_V1,8585a518df5a98f9aa5b3399,417bc38f3a616566c6866a0f,AMD,M15,2026-09-22T01:45:28.406236+00:00,🟢 AMD / PO3 EM DISTRIBUIÇÃO,100.0,"{""acc_high"": 157.44184, ""acc_low"": 157.29525, ""manipulation_side"": ""SSL"", ""phase"": ""DISTRIBUIÇÃO"", ""score"": 100.0, ""status"": ""🟢 AMD / PO3 EM DISTRIBUIÇÃO"", ""target"": 157.44184}",False,🟡 DIREÇÃO CONFIRMADA — AGUARDAR EXECUÇÃO,,Gate ainda não liberou execução | ICT incompleto (70/100) | M15 ainda não confirmou gatilho,True,M15,1.0,SOURCE_EQUALS_EXECUTION,,,,,,
1ae549753f1c183f37b562ce,1ae549753f1c183f37b562ce,USD/CAD,BUY,amd-po3,SOURCE_MODEL_EXPLICIT,BLOCKED_CONTEXT,,2026-09-22T02:47:00.635767+00:00,,,,,,,2.0,,,,,,,,,89.0,91.0,89.9,🟢 CONFIRMA,🟡 ESTICADO,🔴 SEM GATILHO,61.2,56.3,B,77.0,109.79476055397744,NORMAL,1.4144573,1.4144573,True,100.0,TENDÊNCIA ALTISTA,TENDÊNCIA ALTISTA,Asian Range,False,"Candidato observado, mas não qualificado para simulação pelo contexto global.",2026-09-22T02:48:31.792892+00:00,2026-09-22T02:48:31.792892+00:00,ATLASQUANT_MODEL_PAPER_V1,27d9332a6c7cc70c58f4956b,1ae549753f1c183f37b562ce,AMD,M15,2026-09-22T02:47:00.635767+00:00,🟢 AMD / PO3 EM DISTRIBUIÇÃO,100.0,"{""acc_high"": 1.40346, ""acc_low"": 1.40295, ""manipulation_side"": ""SSL"", ""phase"": ""DISTRIBUIÇÃO"", ""score"": 100.0, ""status"": ""🟢 AMD / PO3 EM DISTRIBUIÇÃO"", ""target"": 1.40346}",False,⚪ EM OBSERVAÇÃO,,ADR14 em 110%: evitar perseguir preço | ICT incompleto (61/100) | Fluxo institucional incompleto (56/100) | M15 ainda não confirmou gatilho,True,M15,1.0,SOURCE_EQUALS_EXECUTION,,,,,,
f01e30c0ea8cf50a1eb887f2,f01e30c0ea8cf50a1eb887f2,USD/CAD,BUY,fvg,SOURCE_MODEL_EXPLICIT,BLOCKED_CONTEXT,,2026-09-22T02:47:00.635767+00:00,,,,,,,2.0,,,,,,,,,89.0,91.0,89.9,🟢 CONFIRMA,🟡 ESTICADO,🔴 SEM GATILHO,61.2,56.3,B,77.0,109.79476055397744,NORMAL,1.4144573,1.4144573,True,100.0,TENDÊNCIA ALTISTA,TENDÊNCIA ALTISTA,Asian Range,False,"Candidato observado, mas não qualificado para simulação pelo contexto global.",2026-09-22T02:48:31.792892+00:00,2026-09-22T02:48:31.792892+00:00,ATLASQUANT_MODEL_PAPER_V1,06e55f8092aa23889b9817d7,f01e30c0ea8cf50a1eb887f2,FVG,M15,2026-09-22T02:47:00.635767+00:00,🟢 FVG EM TESTE,90.0,"{""price"": 1.40335, ""score"": 90.0, ""status"": ""🟢 FVG EM TESTE"", ""zone_high"": 1.40357, ""zone_low"": 1.4032}",False,⚪ EM OBSERVAÇÃO,,ADR14 em 110%: evitar perseguir preço | ICT incompleto (61/100) | Fluxo institucional incompleto (56/100) | M15 ainda não confirmou gatilho,True,M15,1.0,SOURCE_EQUALS_EXECUTION,,,,,,
e4b032e5081dc5cd338ae8ce,e4b032e5081dc5cd338ae8ce,USD/JPY,BUY,crt,SOURCE_MODEL_EXPLICIT,BLOCKED_CONTEXT,,2026-09-22T02:47:00.635767+00:00,,,,,,,2.0,,,,,,,,,90.0,84.0,87.2,🟢 CONFIRMA,🟢 PULLBACK OK,🔴 SEM GATILHO,60.5,60.4,WAIT,42.0,50.38786497920183,NORMAL,0.4637443166666666,0.4637443166666666,True,100.0,EXPANSÃO DOS DOIS LADOS,EQUILÍBRIO / LIQUIDEZ,Asian Range,False,"Candidato observado, mas não qualificado para simulação pelo contexto global.",2026-09-22T02:48:31.792892+00:00,2026-09-22T02:48:31.792892+00:00,ATLASQUANT_MODEL_PAPER_V1,4b7fca3a63336fee77b7829a,e4b032e5081dc5cd338ae8ce,CRT,H1,2026-09-22T02:47:00.635767+00:00,🟢 CRT CONFIRMADO,100.0,"{""anchor_high"": 157.4031, ""anchor_low"": 157.29525, ""invalidation"": 157.26982, ""phase"": ""DISTRIBUIÇÃO"", ""raid_side"": ""SSL"", ""score"": 100.0, ""status"": ""🟢 CRT CONFIRMADO"", ""target"": 157.4031}",False,🔴 BLOQUEADO,Contexto D1 não alinha com execução H1 (NEUTRO vs ALTISTA),Gate ainda não liberou execução | ICT incompleto (60/100) | Fluxo institucional incompleto (60/100),True,H1,1.0,SOURCE_EQUALS_EXECUTION,,,,,,
ed6a3e5fdaddd24022f624ca,ed6a3e5fdaddd24022f624ca,NZD/USD,SELL,ote,SOURCE_MODEL_EXPLICIT,BLOCKED_CONTEXT,,2026-09-22T03:48:01.670131+00:00,,,,,,,2.0,,,,,,,,,84.0,91.0,87.1,🟢 CONFIRMA,🔴 CONTRA,🔴 SEM GATILHO,46.5,66.6,WAIT,57.0,107.6359832635986,NORMAL,1.517397983333333,1.517397983333333,True,100.0,TENDÊNCIA BAIXISTA,EQUILÍBRIO / LIQUIDEZ,Asian Range,False,"Candidato observado, mas não qualificado para simulação pelo contexto global.",2026-09-22T03:49:37.002580+00:00,2026-09-22T03:49:37.002580+00:00,ATLASQUANT_MODEL_PAPER_V1,935d16760da34993536f4a77,ed6a3e5fdaddd24022f624ca,OTE,H1,2026-09-22T03:48:01.670131+00:00,🟢 DENTRO DO OTE,90.0,"{""price"": 0.57291, ""retracement_pct"": 78.68480725623729, ""score"": 90.0, ""status"": ""🟢 DENTRO DO OTE"", ""sweet_705"": 0.57254905, ""swing_high"": 0.57385, ""swing_low"": 0.56944, ""zone_high"": 0.5729238999999999, ""zone_low"": 0.5721742}",False,🔴 BLOQUEADO,H1 está contra o viés,Gate ainda não liberou execução | ADR14 em 108%: evitar perseguir preço | ICT incompleto (46/100) | Fluxo institucional incompleto (67/100) | H1 ainda não confirmou gatilho,True,H1,1.0,SOURCE_EQUALS_EXECUTION,,,,,,
733ddb6fe66836617888ce33,733ddb6fe66836617888ce33,EUR/USD,SELL,amd-po3,SOURCE_MODEL_EXPLICIT,BLOCKED_CONTEXT,,2026-09-22T06:51:34.636317+00:00,,,,,,,2.0,,,,,,,,,91.0,70.0,82.5,🟢 CONFIRMA,🔴 CONTRA,🟡 AGUARDAR GATILHO,57.5,71.3,B,65.0,50.17064846416263,NORMAL,1.4853259666666667,1.4853259666666667,True,100.0,EXPANSÃO DOS DOIS LADOS,COMPRESSÃO,London Killzone,False,"Candidato observado, mas não qualificado para simulação pelo contexto global.",2026-09-22T06:53:07.022916+00:00,2026-09-22T06:53:07.022916+00:00,ATLASQUANT_MODEL_PAPER_V1,2762cc11b51ab4351cee712d,733ddb6fe66836617888ce33,AMD,M15,2026-09-22T06:51:34.636317+00:00,🟢 AMD / PO3 EM DISTRIBUIÇÃO,100.0,"{""acc_high"": 1.14773, ""acc_low"": 1.14688, ""manipulation_side"": ""BSL"", ""phase"": ""DISTRIBUIÇÃO"", ""score"": 100.0, ""status"": ""🟢 AMD / PO3 EM DISTRIBUIÇÃO"", ""target"": 1.14688}",False,🔴 BLOQUEADO,H1 está contra o viés,ICT incompleto (58/100) | M15 ainda não confirmou gatilho,True,M15,1.0,SOURCE_EQUALS_EXECUTION,,,,,,
1f5b9dd7d055e6e164b7257a,1f5b9dd7d055e6e164b7257a,GBP/USD,SELL,amd-po3,SOURCE_MODEL_EXPLICIT,BLOCKED_CONTEXT,,2026-09-22T06:51:34.636317+00:00,,,,,,,2.0,,,,,,,,,68.0,70.0,69.1,🟢 CONFIRMA,🔴 CONTRA,🟡 AGUARDAR GATILHO,65.0,62.2,WAIT,35.0,37.97806107322875,NORMAL,1.51741545,1.51741545,True,100.0,EXPANSÃO DOS DOIS LADOS,TENDÊNCIA ALTISTA,London Killzone,False,"Candidato observado, mas não qualificado para simulação pelo contexto global.",2026-09-22T06:53:07.022916+00:00,2026-09-22T06:53:07.022916+00:00,ATLASQUANT_MODEL_PAPER_V1,bb517192f2c1b8eb644236af,1f5b9dd7d055e6e164b7257a,AMD,M15,2026-09-22T06:51:34.636317+00:00,🟢 AMD / PO3 EM DISTRIBUIÇÃO,100.0,"{""acc_high"": 1.33856, ""acc_low"": 1.33733, ""manipulation_side"": ""BSL"", ""phase"": ""DISTRIBUIÇÃO"", ""score"": 100.0, ""status"": ""🟢 AMD / PO3 EM DISTRIBUIÇÃO"", ""target"": 1.33733}",False,🔴 BLOQUEADO,H1 está contra o viés,Gate ainda não liberou execução | ICT incompleto (65/100) | Fluxo institucional incompleto (62/100) | M15 ainda não confirmou gatilho,True,M15,1.0,SOURCE_EQUALS_EXECUTION,,,,,,
32f387ee5434be125de691e9,32f387ee5434be125de691e9,USD/CHF,BUY,amd-po3,SOURCE_MODEL_EXPLICIT,BLOCKED_CONTEXT,,2026-09-22T06:51:34.636317+00:00,,,,,,,2.0,,,,,,,,,89.0,91.0,89.9,🔴 CONTRA,🔴 CONTRA,🟡 AGUARDAR GATILHO,61.2,81.5,A,87.0,44.21052631578917,NORMAL,1.3977930666666665,1.3977930666666665,True,100.0,TENDÊNCIA ALTISTA,EXPANSÃO DOS DOIS LADOS,London Killzone,False,"Candidato observado, mas não qualificado para simulação pelo contexto global.",2026-09-22T06:53:07.022916+00:00,2026-09-22T06:53:07.022916+00:00,ATLASQUANT_MODEL_PAPER_V1,edeec9277dcea86cf0ad2255,32f387ee5434be125de691e9,AMD,M15,2026-09-22T06:51:34.636317+00:00,🟢 AMD / PO3 EM DISTRIBUIÇÃO,100.0,"{""acc_high"": 0.82094, ""acc_low"": 0.82024, ""manipulation_side"": ""SSL"", ""phase"": ""DISTRIBUIÇÃO"", ""score"": 100.0, ""status"": ""🟢 AMD / PO3 EM DISTRIBUIÇÃO"", ""target"": 0.82094}",False,🔴 BLOQUEADO,H4 está contra o viés | H1 está contra o viés,ICT incompleto (61/100) | M15 ainda não confirmou gatilho,True,M15,1.0,SOURCE_EQUALS_EXECUTION,,,,,,
f0f3baa250afe15f132de550,f0f3baa250afe15f132de550,USD/CHF,BUY,fvg,SOURCE_MODEL_EXPLICIT,BLOCKED_CONTEXT,,2026-09-22T06:51:34.636317+00:00,,,,,,,2.0,,,,,,,,,89.0,91.0,89.9,🔴 CONTRA,🔴 CONTRA,🟡 AGUARDAR GATILHO,61.2,81.5,A,87.0,44.21052631578917,NORMAL,1.3977930666666665,1.3977930666666665,True,100.0,TENDÊNCIA ALTISTA,EXPANSÃO DOS DOIS LADOS,London Killzone,False,"Candidato observado, mas não qualificado para simulação pelo contexto global.",2026-09-22T06:53:07.022916+00:00,2026-09-22T06:53:07.022916+00:00,ATLASQUANT_MODEL_PAPER_V1,d5a7f0ba83931402a4f32ef6,f0f3baa250afe15f132de550,FVG,M15,2026-09-22T06:51:34.636317+00:00,🟢 FVG EM TESTE,90.0,"{""price"": 0.82121, ""score"": 90.0, ""status"": ""🟢 FVG EM TESTE"", ""zone_high"": 0.82125, ""zone_low"": 0.82054}",False,🔴 BLOQUEADO,H4 está contra o viés | H1 está contra o viés,ICT incompleto (61/100) | M15 ainda não confirmou gatilho,True,M15,1.0,SOURCE_EQUALS_EXECUTION,,,,,,
812775c182704e65084a8886,812775c182704e65084a8886,EUR/USD,SELL,crt,SOURCE_MODEL_EXPLICIT,BLOCKED_CONTEXT,,2026-09-22T07:47:51.086053+00:00,,,,,,,2.0,,,,,,,,,91.0,70.0,82.5,🟢 CONFIRMA,🟢 PULLBACK OK,🟢 GATILHO,60.5,64.7,WAIT,57.0,71.14144861585206,NORMAL,1.6715544333333334,1.6715544333333334,True,100.0,EXPANSÃO DOS DOIS LADOS,COMPRESSÃO,London Killzone,False,"Candidato observado, mas não qualificado para simulação pelo contexto global.",2026-09-22T07:49:33.892264+00:00,2026-09-22T07:49:33.892264+00:00,ATLASQUANT_MODEL_PAPER_V1,d6d741e9c6854b44dd2bf953,812775c182704e65084a8886,CRT,H1,2026-09-22T07:47:51.086053+00:00,🟢 CRT CONFIRMADO,100.0,"{""anchor_high"": 1.14783, ""anchor_low"": 1.14721, ""invalidation"": 1.14785, ""phase"": ""DISTRIBUIÇÃO"", ""raid_side"": ""BSL"", ""score"": 100.0, ""status"": ""🟢 CRT CONFIRMADO"", ""target"": 1.14721}",False,🟡 DIREÇÃO CONFIRMADA — AGUARDAR EXECUÇÃO,,Gate ainda não liberou execução | ICT incompleto (60/100) | Fluxo institucional incompleto (65/100),True,H1,1.0,SOURCE_EQUALS_EXECUTION,,,,,,
31b140628a053e87a5617732,31b140628a053e87a5617732,NZD/USD,SELL,amd-po3,SOURCE_MODEL_EXPLICIT,BLOCKED_CONTEXT,,2026-09-22T07:47:51.086053+00:00,,,,,,,2.0,,,,,,,,,84.0,91.0,87.1,🟡 PARCIAL,🔴 CONTRA,🔴 SEM GATILHO,52.2,77.5,B,65.0,40.13733905579535,NORMAL,1.6455939833333335,1.6455939833333335,True,100.0,TENDÊNCIA BAIXISTA,EQUILÍBRIO / LIQUIDEZ,London Killzone,False,"Candidato observado, mas não qualificado para simulação pelo contexto global.",2026-09-22T07:49:33.892264+00:00,2026-09-22T07:49:33.892264+00:00,ATLASQUANT_MODEL_PAPER_V1,7d0178abacbded0135c5039c,31b140628a053e87a5617732,AMD,M15,2026-09-22T07:47:51.086053+00:00,🟢 AMD / PO3 EM DISTRIBUIÇÃO,100.0,"{""acc_high"": 0.57414, ""acc_low"": 0.57328, ""manipulation_side"": ""BSL"", ""phase"": ""DISTRIBUIÇÃO"", ""score"": 100.0, ""status"": ""🟢 AMD / PO3 EM DISTRIBUIÇÃO"", ""target"": 0.57328}",False,🔴 BLOQUEADO,H1 está contra o viés,ICT incompleto (52/100) | M15 ainda não confirmou gatilho,True,M15,1.0,SOURCE_EQUALS_EXECUTION,,,,,,
4f4b1dc2dbd3959cdcc53494,4f4b1dc2dbd3959cdcc53494,USD/CAD,BUY,crt,SOURCE_MODEL_EXPLICIT,BLOCKED_CONTEXT,,2026-09-22T07:47:51.086053+00:00,,,,,,,2.0,,,,,,,,,89.0,91.0,89.9,🟢 CONFIRMA,🟢 PULLBACK OK,🔴 SEM GATILHO,55.2,71.6,B,77.0,28.98269448488161,NORMAL,1.5960584333333334,1.5960584333333334,True,100.0,TENDÊNCIA ALTISTA,TENDÊNCIA ALTISTA,London Killzone,False,"Candidato observado, mas não qualificado para simulação pelo contexto global.",2026-09-22T07:49:33.892264+00:00,2026-09-22T07:49:33.892264+00:00,ATLASQUANT_MODEL_PAPER_V1,42c8bce7180093003dde7000,4f4b1dc2dbd3959cdcc53494,CRT,H1,2026-09-22T07:47:51.086053+00:00,🟢 CRT CONFIRMADO,100.0,"{""anchor_high"": 1.40298, ""anchor_low"": 1.40247, ""invalidation"": 1.40244, ""phase"": ""DISTRIBUIÇÃO"", ""raid_side"": ""SSL"", ""score"": 100.0, ""status"": ""🟢 CRT CONFIRMADO"", ""target"": 1.40298}",False,🟡 DIREÇÃO CONFIRMADA — AGUARDAR EXECUÇÃO,,ICT incompleto (55/100),True,H1,1.0,SOURCE_EQUALS_EXECUTION,,,,,,
96d81ba62db7899a1cac3d41,96d81ba62db7899a1cac3d41,USD/JPY,BUY,crt,SOURCE_MODEL_EXPLICIT,BLOCKED_CONTEXT,,2026-09-22T07:47:51.086053+00:00,,,,,,,2.0,,,,,,,,,90.0,84.0,87.2,🟢 CONFIRMA,🟢 PULLBACK OK,🟡 AGUARDAR GATILHO,60.5,67.7,WAIT,42.0,28.661041668332416,NORMAL,0.6227688333333333,0.6227688333333333,True,100.0,EXPANSÃO DOS DOIS LADOS,EQUILÍBRIO / LIQUIDEZ,London Killzone,False,"Candidato observado, mas não qualificado para simulação pelo contexto global.",2026-09-22T07:49:33.892264+00:00,2026-09-22T07:49:33.892264+00:00,ATLASQUANT_MODEL_PAPER_V1,0417386ea1f21f9e550619ee,96d81ba62db7899a1cac3d41,CRT,H1,2026-09-22T07:47:51.086053+00:00,🟢 CRT CONFIRMADO,100.0,"{""anchor_high"": 157.53485, ""anchor_low"": 157.44986, ""invalidation"": 157.4241, ""phase"": ""DISTRIBUIÇÃO"", ""raid_side"": ""SSL"", ""score"": 100.0, ""status"": ""🟢 CRT CONFIRMADO"", ""target"": 157.53485}",False,🔴 BLOQUEADO,Contexto D1 não alinha com execução H1 (NEUTRO vs ALTISTA),Gate ainda não liberou execução | ICT incompleto (60/100) | Fluxo institucional incompleto (68/100),True,H1,1.0,SOURCE_EQUALS_EXECUTION,,,,,,
71e2d73c42e3ad02c872f64d,71e2d73c42e3ad02c872f64d,USD/CAD,BUY,crt,SOURCE_MODEL_EXPLICIT,BLOCKED_CONTEXT,,2026-09-22T09:46:49.085489+00:00,,,,,,,2.0,,,,,,,,,89.0,91.0,89.9,🟢 CONFIRMA,🟢 PULLBACK OK,🔴 SEM GATILHO,60.5,63.6,B,75.0,57.28610706776944,NORMAL,1.4643733666666667,1.4643733666666667,True,100.0,TENDÊNCIA ALTISTA,TENDÊNCIA ALTISTA,,False,"Candidato observado, mas não qualificado para simulação pelo contexto global.",2026-09-22T09:48:23.927230+00:00,2026-09-22T09:48:23.927230+00:00,ATLASQUANT_MODEL_PAPER_V1,3478b6a407f31567deb67898,71e2d73c42e3ad02c872f64d,CRT,H1,2026-09-22T09:46:49.085489+00:00,🟢 CRT CONFIRMADO,100.0,"{""anchor_high"": 1.40312, ""anchor_low"": 1.40254, ""invalidation"": 1.40248, ""phase"": ""DISTRIBUIÇÃO"", ""raid_side"": ""SSL"", ""score"": 100.0, ""status"": ""🟢 CRT CONFIRMADO"", ""target"": 1.40312}",False,🟡 DIREÇÃO CONFIRMADA — AGUARDAR EXECUÇÃO,,ICT incompleto (60/100) | Fluxo institucional incompleto (64/100),True,H1,1.0,SOURCE_EQUALS_EXECUTION,,,,,,
a4dd0dad2a204c4091d216c6,a4dd0dad2a204c4091d216c6,NZD/USD,SELL,amd-po3,SOURCE_MODEL_EXPLICIT,BLOCKED_CONTEXT,,2026-09-22T11:46:26.768930+00:00,,,,,,,2.0,,,,,,,,,84.0,91.0,87.1,🟡 PARCIAL,🔴 CONTRA,🔴 SEM GATILHO,57.5,79.7,B,65.0,72.58369098712217,NORMAL,1.7327571,1.7327571,True,100.0,TENDÊNCIA BAIXISTA,EQUILÍBRIO / LIQUIDEZ,New York AM,False,"Candidato observado, mas não qualificado para simulação pelo contexto global.",2026-09-22T11:48:16.001004+00:00,2026-09-22T11:48:16.001004+00:00,ATLASQUANT_MODEL_PAPER_V1,771ec68fb76a5c26317e998a,a4dd0dad2a204c4091d216c6,AMD,M15,2026-09-22T11:46:26.768930+00:00,🟢 AMD / PO3 EM DISTRIBUIÇÃO,100.0,"{""acc_high"": 0.57486, ""acc_low"": 0.57186, ""manipulation_side"": ""BSL"", ""phase"": ""DISTRIBUIÇÃO"", ""score"": 100.0, ""status"": ""🟢 AMD / PO3 EM DISTRIBUIÇÃO"", ""target"": 0.57186}",False,🔴 BLOQUEADO,H1 está contra o viés,ICT incompleto (58/100) | M15 ainda não confirmou gatilho,True,M15,1.0,SOURCE_EQUALS_EXECUTION,,,,,,
3dbff20e7ade2d8644d6ba10,3dbff20e7ade2d8644d6ba10,USD/CAD,BUY,crt,SOURCE_MODEL_EXPLICIT,BLOCKED_CONTEXT,,2026-09-22T12:51:01.308413+00:00,,,,,,,2.0,,,,,,,,,89.0,91.0,89.9,🟢 CONFIRMA,🟢 PULLBACK OK,🟡 AGUARDAR GATILHO,60.5,67.0,B,77.0,57.28610706776944,NORMAL,1.6059199666666666,1.6059199666666666,True,100.0,TENDÊNCIA ALTISTA,TENDÊNCIA ALTISTA,New York AM,False,"Candidato observado, mas não qualificado para simulação pelo contexto global.",2026-09-22T12:52:45.824192+00:00,2026-09-22T12:52:45.824192+00:00,ATLASQUANT_MODEL_PAPER_V1,d9aa3b4e62920fde2563faae,3dbff20e7ade2d8644d6ba10,CRT,H1,2026-09-22T12:51:01.308413+00:00,🟢 CRT CONFIRMADO,100.0,"{""anchor_high"": 1.4044, ""anchor_low"": 1.40292, ""invalidation"": 1.40283, ""phase"": ""DISTRIBUIÇÃO"", ""raid_side"": ""SSL"", ""score"": 100.0, ""status"": ""🟢 CRT CONFIRMADO"", ""target"": 1.4044}",False,🟡 DIREÇÃO CONFIRMADA — AGUARDAR EXECUÇÃO,,ICT incompleto (60/100) | Fluxo institucional incompleto (67/100),True,H1,1.0,SOURCE_EQUALS_EXECUTION,,,,,,
7f8b02af7ea9c5ff1f0faac9,7f8b02af7ea9c5ff1f0faac9,USD/JPY,BUY,crt,SOURCE_MODEL_EXPLICIT,BLOCKED_CONTEXT,,2026-09-22T12:51:01.308413+00:00,,,,,,,2.0,,,,,,,,,90.0,84.0,87.2,🟢 CONFIRMA,🔴 CONTRA,🔴 SEM GATILHO,51.8,68.6,WAIT,50.0,82.62461101826386,NORMAL,0.6769427666666666,0.6769427666666666,True,100.0,EXPANSÃO DOS DOIS LADOS,EQUILÍBRIO / LIQUIDEZ,New York AM,False,"Candidato observado, mas não qualificado para simulação pelo contexto global.",2026-09-22T12:52:45.824192+00:00,2026-09-22T12:52:45.824192+00:00,ATLASQUANT_MODEL_PAPER_V1,6409a2200ee57f182b9e448c,7f8b02af7ea9c5ff1f0faac9,CRT,H1,2026-09-22T12:51:01.308413+00:00,🟢 CRT CONFIRMADO,100.0,"{""anchor_high"": 157.30004, ""anchor_low"": 156.89686, ""invalidation"": 156.81834, ""phase"": ""DISTRIBUIÇÃO"", ""raid_side"": ""SSL"", ""score"": 100.0, ""status"": ""🟢 CRT CONFIRMADO"", ""target"": 157.30004}",False,🔴 BLOQUEADO,H1 está contra o viés | Contexto D1 não alinha com execução H1 (NEUTRO vs ALTISTA),Gate ainda não liberou execução | ICT incompleto (52/100) | Fluxo institucional incompleto (69/100) | H1 ainda não confirmou gatilho,True,H1,1.0,SOURCE_EQUALS_EXECUTION,,,,,,
40a6f7918d830c80c336d5a9,40a6f7918d830c80c336d5a9,NZD/USD,SELL,crt,SOURCE_MODEL_EXPLICIT,BLOCKED_CONTEXT,,2026-09-22T15:46:24.169476+00:00,,,,,,,2.0,,,,,,,,,84.0,91.0,87.1,🔴 CONTRA,🔴 CONTRA,🟢 GATILHO,51.8,77.6,WAIT,57.0,85.08154506437718,NORMAL,1.6861691666666667,1.6861691666666667,True,100.0,TENDÊNCIA BAIXISTA,EQUILÍBRIO / LIQUIDEZ,London Close,False,"Candidato observado, mas não qualificado para simulação pelo contexto global.",2026-09-22T15:48:11.054723+00:00,2026-09-22T15:48:11.054723+00:00,ATLASQUANT_MODEL_PAPER_V1,938c8de0acad1bffff848657,40a6f7918d830c80c336d5a9,CRT,H1,2026-09-22T15:46:24.169476+00:00,🟢 CRT CONFIRMADO,100.0,"{""anchor_high"": 0.57357, ""anchor_low"": 0.57247, ""invalidation"": 0.57358, ""phase"": ""DISTRIBUIÇÃO"", ""raid_side"": ""BSL"", ""score"": 100.0, ""status"": ""🟢 CRT CONFIRMADO"", ""target"": 0.57247}",False,🔴 BLOQUEADO,H4 está contra o viés | H1 está contra o viés,Gate ainda não liberou execução | ADR14 em 85%: espaço reduzido | ICT incompleto (52/100) | H1 ainda não confirmou gatilho,True,H1,1.0,SOURCE_EQUALS_EXECUTION,,,,,,
42c640d5a3ef312c74ddcfa7,42c640d5a3ef312c74ddcfa7,USD/JPY,BUY,crt,SOURCE_MODEL_EXPLICIT,BLOCKED_CONTEXT,,2026-09-22T16:47:35.626830+00:00,,,,,,,2.0,,,,,,,,,90.0,84.0,87.2,🟢 CONFIRMA,🟢 PULLBACK OK,🟡 AGUARDAR GATILHO,55.5,72.5,WAIT,35.0,82.62461101826386,NORMAL,0.6083724833333334,0.6083724833333334,True,100.0,EXPANSÃO DOS DOIS LADOS,EQUILÍBRIO / LIQUIDEZ,,False,"Candidato observado, mas não qualificado para simulação pelo contexto global.",2026-09-22T16:49:17.475485+00:00,2026-09-22T16:49:17.475485+00:00,ATLASQUANT_MODEL_PAPER_V1,4b0bdca0dc5a3e8b39fb04cd,42c640d5a3ef312c74ddcfa7,CRT,H1,2026-09-22T16:47:35.626830+00:00,🟢 CRT CONFIRMADO,100.0,"{""anchor_high"": 157.34187, ""anchor_low"": 157.18301, ""invalidation"": 157.16455, ""phase"": ""DISTRIBUIÇÃO"", ""raid_side"": ""SSL"", ""score"": 100.0, ""status"": ""🟢 CRT CONFIRMADO"", ""target"": 157.34187}",False,🔴 BLOQUEADO,Contexto D1 não alinha com execução H1 (NEUTRO vs ALTISTA),Gate ainda não liberou execução | ICT incompleto (56/100),True,H1,1.0,SOURCE_EQUALS_EXECUTION,,,,,,
b5bfdbf7c56909a7e7eca2da,b5bfdbf7c56909a7e7eca2da,USD/JPY,BUY,fvg,SOURCE_MODEL_EXPLICIT,BLOCKED_CONTEXT,,2026-09-22T16:47:35.626830+00:00,,,,,,,2.0,,,,,,,,,90.0,84.0,87.2,🟢 CONFIRMA,🟢 PULLBACK OK,🟡 AGUARDAR GATILHO,55.5,72.5,WAIT,35.0,82.62461101826386,NORMAL,0.6083724833333334,0.6083724833333334,True,100.0,EXPANSÃO DOS DOIS LADOS,EQUILÍBRIO / LIQUIDEZ,,False,"Candidato observado, mas não qualificado para simulação pelo contexto global.",2026-09-22T16:49:17.475485+00:00,2026-09-22T16:49:17.475485+00:00,ATLASQUANT_MODEL_PAPER_V1,03ed8add2d3ebdb2aab012d6,b5bfdbf7c56909a7e7eca2da,FVG,M15,2026-09-22T16:47:35.626830+00:00,🟢 FVG EM TESTE,90.0,"{""price"": 157.52683, ""score"": 90.0, ""status"": ""🟢 FVG EM TESTE"", ""zone_high"": 157.54275, ""zone_low"": 157.50248}",False,🟡 DIREÇÃO CONFIRMADA — AGUARDAR EXECUÇÃO,,Gate ainda não liberou execução | ICT incompleto (56/100) | M15 ainda não confirmou gatilho,True,M15,1.0,SOURCE_EQUALS_EXECUTION,,,,,,
a8dd422bff3a085b1f0ddc23,a8dd422bff3a085b1f0ddc23,USD/CHF,BUY,fvg,SOURCE_MODEL_EXPLICIT,BLOCKED_CONTEXT,,2026-09-22T19:19:07.771615+00:00,,,,,,,2.0,,,,,,,,,89.0,91.0,89.9,🟡 PARCIAL,🔴 CONTRA,🔴 SEM GATILHO,43.5,58.5,A,82.0,105.74330563250037,NORMAL,0.57373325,0.57373325,True,100.0,TENDÊNCIA ALTISTA,EXPANSÃO DOS DOIS LADOS,New York PM,False,"Candidato observado, mas não qualificado para simulação pelo contexto global.",2026-09-22T19:19:44.912282+00:00,2026-09-22T19:19:44.912282+00:00,ATLASQUANT_MODEL_PAPER_V1,bf0a73274926d2df0597e945,a8dd422bff3a085b1f0ddc23,FVG,M15,2026-09-22T19:19:07.771615+00:00,🟢 FVG EM TESTE,90.0,"{""price"": 0.82109, ""score"": 90.0, ""status"": ""🟢 FVG EM TESTE"", ""zone_high"": 0.82114, ""zone_low"": 0.82092}",False,🔴 BLOQUEADO,H1 está contra o viés,ADR14 em 106%: evitar perseguir preço | ICT incompleto (44/100) | Fluxo institucional incompleto (58/100) | M15 ainda não confirmou gatilho,True,M15,1.0,SOURCE_EQUALS_EXECUTION,,,,,,
487d4808f3f65e7ecb4ed64e,487d4808f3f65e7ecb4ed64e,USD/JPY,BUY,fvg,SOURCE_MODEL_EXPLICIT,BLOCKED_CONTEXT,,2026-09-22T19:19:07.771615+00:00,,,,,,,2.0,,,,,,,,,90.0,84.0,87.2,🟢 CONFIRMA,🟢 PULLBACK OK,🟡 AGUARDAR GATILHO,34.5,55.9,WAIT,42.0,82.62461101826386,NORMAL,0.5462807666666667,0.5462807666666667,True,100.0,EXPANSÃO DOS DOIS LADOS,EQUILÍBRIO / LIQUIDEZ,New York PM,False,"Candidato observado, mas não qualificado para simulação pelo contexto global.",2026-09-22T19:19:44.912282+00:00,2026-09-22T19:19:44.912282+00:00,ATLASQUANT_MODEL_PAPER_V1,7fa37c696cc8e460fed3f44c,487d4808f3f65e7ecb4ed64e,FVG,M15,2026-09-22T19:19:07.771615+00:00,🟢 FVG EM TESTE,90.0,"{""price"": 157.48325, ""score"": 90.0, ""status"": ""🟢 FVG EM TESTE"", ""zone_high"": 157.48496, ""zone_low"": 157.44902}",False,🟡 DIREÇÃO CONFIRMADA — AGUARDAR EXECUÇÃO,,Gate ainda não liberou execução | ICT incompleto (34/100) | Fluxo institucional incompleto (56/100) | M15 ainda não confirmou gatilho,True,M15,1.0,SOURCE_EQUALS_EXECUTION,,,,,,
961be6281ead811bff4c6f12,961be6281ead811bff4c6f12,USD/CAD,BUY,amd-po3,SOURCE_MODEL_EXPLICIT,BLOCKED_CONTEXT,,2026-09-22T23:18:47.819508+00:00,,,,,,,2.0,,,,,,,,,89.0,91.0,89.9,🟢 CONFIRMA,🟡 ALINHADO,🔴 SEM GATILHO,57.5,66.2,B,75.0,135.62995309720506,NORMAL,1.6653957166666666,1.6653957166666666,True,100.0,TENDÊNCIA ALTISTA,TENDÊNCIA ALTISTA,,False,"Candidato observado, mas não qualificado para simulação pelo contexto global.",2026-09-22T23:20:35.683049+00:00,2026-09-22T23:20:35.683049+00:00,ATLASQUANT_MODEL_PAPER_V1,92b3910038e66e616306a153,961be6281ead811bff4c6f12,AMD,M15,2026-09-22T23:18:47.819508+00:00,🟢 AMD / PO3 EM DISTRIBUIÇÃO,100.0,"{""acc_high"": 1.407, ""acc_low"": 1.40576, ""manipulation_side"": ""SSL"", ""phase"": ""DISTRIBUIÇÃO"", ""score"": 100.0, ""status"": ""🟢 AMD / PO3 EM DISTRIBUIÇÃO"", ""target"": 1.407}",False,🔴 BLOQUEADO,ADR14 muito esticado (136%),ADR14 em 136%: evitar perseguir preço | ICT incompleto (58/100) | Fluxo institucional incompleto (66/100) | M15 ainda não confirmou gatilho,True,M15,1.0,SOURCE_EQUALS_EXECUTION,,,,,,
687d579edf5724072019da37,687d579edf5724072019da37,USD/JPY,BUY,crt,SOURCE_MODEL_EXPLICIT,BLOCKED_CONTEXT,,2026-09-22T23:18:47.819508+00:00,,,,,,,2.0,,,,,,,,,90.0,84.0,87.2,🟢 CONFIRMA,🟢 PULLBACK OK,🟡 AGUARDAR GATILHO,60.5,72.5,WAIT,43.0,82.62461101826386,NORMAL,0.7313181166666667,0.7313181166666667,True,100.0,EXPANSÃO DOS DOIS LADOS,EQUILÍBRIO / LIQUIDEZ,,False,"Candidato observado, mas não qualificado para simulação pelo contexto global.",2026-09-22T23:20:35.683049+00:00,2026-09-22T23:20:35.683049+00:00,ATLASQUANT_MODEL_PAPER_V1,9bcec9648f1dbaf123003b43,687d579edf5724072019da37,CRT,H1,2026-09-22T23:18:47.819508+00:00,🟢 CRT CONFIRMADO,100.0,"{""anchor_high"": 157.42683, ""anchor_low"": 157.36094, ""invalidation"": 157.35249, ""phase"": ""DISTRIBUIÇÃO"", ""raid_side"": ""SSL"", ""score"": 100.0, ""status"": ""🟢 CRT CONFIRMADO"", ""target"": 157.42683}",False,🔴 BLOQUEADO,Contexto D1 não alinha com execução H1 (NEUTRO vs ALTISTA),Gate ainda não liberou execução | ICT incompleto (60/100),True,H1,1.0,SOURCE_EQUALS_EXECUTION,,,,,,
224cfed12e7d97e466f6bce2,224cfed12e7d97e466f6bce2,NZD/USD,SELL,amd-po3,SOURCE_MODEL_EXPLICIT,BLOCKED_CONTEXT,,2026-09-23T00:26:24.919961+00:00,,,,,,,2.0,,,,,,,,,84.0,91.0,87.1,🔴 CONTRA,🔴 CONTRA,🟢 GATILHO,78.5,80.3,WAIT,57.0,86.28326180257447,NORMAL,2.702898466666667,2.702898466666667,True,100.0,TENDÊNCIA BAIXISTA,EQUILÍBRIO / LIQUIDEZ,Asian Range,False,"Candidato observado, mas não qualificado para simulação pelo contexto global.",2026-09-23T00:29:10.417528+00:00,2026-09-23T00:29:10.417528+00:00,ATLASQUANT_MODEL_PAPER_V1,0d4341d42503748cd8ea3e78,224cfed12e7d97e466f6bce2,AMD,M15,2026-09-23T00:26:24.919961+00:00,🟢 AMD / PO3 EM DISTRIBUIÇÃO,100.0,"{""acc_high"": 0.57313, ""acc_low"": 0.57251, ""manipulation_side"": ""BSL"", ""phase"": ""DISTRIBUIÇÃO"", ""score"": 100.0, ""status"": ""🟢 AMD / PO3 EM DISTRIBUIÇÃO"", ""target"": 0.57251}",False,🔴 BLOQUEADO,H4 está contra o viés | H1 está contra o viés,Gate ainda não liberou execução | ADR14 em 86%: espaço reduzido,True,M15,1.0,SOURCE_EQUALS_EXECUTION,,,,,,
5d8213a59743c4635e7d9f75,5d8213a59743c4635e7d9f75,NZD/USD,SELL,crt,SOURCE_MODEL_EXPLICIT,BLOCKED_CONTEXT,,2026-09-23T00:26:24.919961+00:00,,,,,,,2.0,,,,,,,,,84.0,91.0,87.1,🔴 CONTRA,🔴 CONTRA,🟢 GATILHO,78.5,80.3,WAIT,57.0,86.28326180257447,NORMAL,2.702898466666667,2.702898466666667,True,100.0,TENDÊNCIA BAIXISTA,EQUILÍBRIO / LIQUIDEZ,Asian Range,False,"Candidato observado, mas não qualificado para simulação pelo contexto global.",2026-09-23T00:29:10.417528+00:00,2026-09-23T00:29:10.417528+00:00,ATLASQUANT_MODEL_PAPER_V1,6483174092976d7fb9f8931c,5d8213a59743c4635e7d9f75,CRT,H1,2026-09-23T00:26:24.919961+00:00,🟢 CRT CONFIRMADO,100.0,"{""anchor_high"": 0.57312, ""anchor_low"": 0.57251, ""invalidation"": 0.57321, ""phase"": ""DISTRIBUIÇÃO"", ""raid_side"": ""BSL"", ""score"": 100.0, ""status"": ""🟢 CRT CONFIRMADO"", ""target"": 0.57251}",False,🔴 BLOQUEADO,H4 está contra o viés | H1 está contra o viés,Gate ainda não liberou execução | ADR14 em 86%: espaço reduzido | H1 ainda não confirmou gatilho,True,H1,1.0,SOURCE_EQUALS_EXECUTION,,,,,,
91bb4aa4534fe6d36905291c,91bb4aa4534fe6d36905291c,USD/CAD,BUY,crt,SOURCE_MODEL_EXPLICIT,BLOCKED_CONTEXT,,2026-09-23T00:26:24.919961+00:00,,,,,,,2.0,,,,,,,,,89.0,91.0,89.9,🟢 CONFIRMA,🟡 ALINHADO,🟢 GATILHO,60.5,73.2,B,77.0,135.62995309720506,NORMAL,2.6047806166666665,2.6047806166666665,True,100.0,TENDÊNCIA ALTISTA,TENDÊNCIA ALTISTA,Asian Range,False,"Candidato observado, mas não qualificado para simulação pelo contexto global.",2026-09-23T00:29:10.417528+00:00,2026-09-23T00:29:10.417528+00:00,ATLASQUANT_MODEL_PAPER_V1,55f16284f14943ca9754072e,91bb4aa4534fe6d36905291c,CRT,H1,2026-09-23T00:26:24.919961+00:00,🟢 CRT CONFIRMADO,100.0,"{""anchor_high"": 1.407, ""anchor_low"": 1.40576, ""invalidation"": 1.4057, ""phase"": ""DISTRIBUIÇÃO"", ""raid_side"": ""SSL"", ""score"": 100.0, ""status"": ""🟢 CRT CONFIRMADO"", ""target"": 1.407}",False,🔴 BLOQUEADO,ADR14 muito esticado (136%),ADR14 em 136%: evitar perseguir preço | ICT incompleto (60/100) | H1 ainda não confirmou gatilho,True,H1,1.0,SOURCE_EQUALS_EXECUTION,,,,,,
f62aa60df355e4f479c2ab94,f62aa60df355e4f479c2ab94,USD/CHF,BUY,crt,SOURCE_MODEL_EXPLICIT,BLOCKED_CONTEXT,,2026-09-23T00:26:24.919961+00:00,,,,,,,2.0,,,,,,,,,89.0,91.0,89.9,🔴 CONTRA,🔴 CONTRA,🟢 GATILHO,60.5,80.1,A,87.0,105.74330563250037,NORMAL,2.5759125833333334,2.5759125833333334,True,100.0,TENDÊNCIA ALTISTA,EXPANSÃO DOS DOIS LADOS,Asian Range,False,"Candidato observado, mas não qualificado para simulação pelo contexto global.",2026-09-23T00:29:10.417528+00:00,2026-09-23T00:29:10.417528+00:00,ATLASQUANT_MODEL_PAPER_V1,5d14afb2241f9823aeedc5ba,f62aa60df355e4f479c2ab94,CRT,H1,2026-09-23T00:26:24.919961+00:00,🟢 CRT CONFIRMADO,100.0,"{""anchor_high"": 0.82073, ""anchor_low"": 0.82028, ""invalidation"": 0.82018, ""phase"": ""DISTRIBUIÇÃO"", ""raid_side"": ""SSL"", ""score"": 100.0, ""status"": ""🟢 CRT CONFIRMADO"", ""target"": 0.82073}",False,🔴 BLOQUEADO,H4 está contra o viés | H1 está contra o viés,ADR14 em 106%: evitar perseguir preço | ICT incompleto (60/100) | H1 ainda não confirmou gatilho,True,H1,1.0,SOURCE_EQUALS_EXECUTION,,,,,,
89f911ddec7d9b8485968cb9,89f911ddec7d9b8485968cb9,USD/JPY,BUY,bos-choch-ob,SOURCE_MODEL_EXPLICIT,BLOCKED_CONTEXT,,2026-09-23T01:56:54.140211+00:00,,,,,,,2.0,,,,,,,,,90.0,84.0,87.2,🟢 CONFIRMA,🟢 PULLBACK OK,🟡 AGUARDAR GATILHO,39.5,75.4,WAIT,42.0,82.62461101826386,NORMAL,9.947441733333331,9.947441733333331,True,100.0,EXPANSÃO DOS DOIS LADOS,EQUILÍBRIO / LIQUIDEZ,Asian Range,False,"Candidato observado, mas não qualificado para simulação pelo contexto global.",2026-09-23T01:57:20.566839+00:00,2026-09-23T01:57:20.566839+00:00,ATLASQUANT_MODEL_PAPER_V1,99a53aa231c8a5f2cfc2b2f2,89f911ddec7d9b8485968cb9,BOS_CHOCH_OB,M15,2026-09-23T01:56:54.140211+00:00,BOS + 🟡 ORDER BLOCK PARCIALMENTE MITIGADO / ATIVO,70.0,"{""break_time"": ""2026-09-23T00:00:00+00:00"", ""invalidated"": false, ""mitigation_depth_pct"": 44.1, ""order_block_side"": ""BUY"", ""order_block_status"": ""🟡 ORDER BLOCK PARCIALMENTE MITIGADO / ATIVO"", ""origin_time"": ""2026-09-22T23:30:00+00:00"", ""structure_event"": ""BOS"", ""structure_level"": 157.50532, ""structure_side"": ""BUY"", ""structure_status"": ""🟢 BOS CONFIRMADO"", ""zone_high"": 157.49887, ""zone_low"": 157.44621}",False,🟡 DIREÇÃO CONFIRMADA — AGUARDAR EXECUÇÃO,,Gate ainda não liberou execução | ICT incompleto (40/100) | M15 ainda não confirmou gatilho,True,M15,1.0,SOURCE_EQUALS_EXECUTION,,,,,,
c21a22ab1530dde72144057e,c21a22ab1530dde72144057e,USD/CHF,BUY,amd-po3,SOURCE_MODEL_EXPLICIT,BLOCKED_CONTEXT,,2026-09-23T02:21:26.340466+00:00,,,,,,,2.0,,,,,,,,,89.0,91.0,89.9,🔴 CONTRA,🔴 CONTRA,🟢 GATILHO,57.5,83.0,A,87.0,105.74330563250037,NORMAL,1.47748365,1.47748365,True,100.0,TENDÊNCIA ALTISTA,EXPANSÃO DOS DOIS LADOS,Asian Range,False,"Candidato observado, mas não qualificado para simulação pelo contexto global.",2026-09-23T02:23:03.700582+00:00,2026-09-23T02:23:03.700582+00:00,ATLASQUANT_MODEL_PAPER_V1,8755d3491bd718d629c72c71,c21a22ab1530dde72144057e,AMD,M15,2026-09-23T02:21:26.340466+00:00,🟢 AMD / PO3 EM DISTRIBUIÇÃO,100.0,"{""acc_high"": 0.82118, ""acc_low"": 0.82056, ""manipulation_side"": ""SSL"", ""phase"": ""DISTRIBUIÇÃO"", ""score"": 100.0, ""status"": ""🟢 AMD / PO3 EM DISTRIBUIÇÃO"", ""target"": 0.82118}",False,🔴 BLOQUEADO,H4 está contra o viés | H1 está contra o viés,ADR14 em 106%: evitar perseguir preço | ICT incompleto (58/100),True,M15,1.0,SOURCE_EQUALS_EXECUTION,,,,,,
04ff359c9ebe9ac01fc1877e,04ff359c9ebe9ac01fc1877e,USD/JPY,BUY,amd-po3,SOURCE_MODEL_EXPLICIT,BLOCKED_CONTEXT,,2026-09-23T06:26:59.123953+00:00,,,,,,,2.0,,,,,,,,,90.0,84.0,87.2,🟢 CONFIRMA,🟢 PULLBACK OK,🟢 GATILHO,78.5,63.7,WAIT,42.0,16.414464820706254,NORMAL,0.64915425,0.64915425,True,100.0,EXPANSÃO DOS DOIS LADOS,EQUILÍBRIO / LIQUIDEZ,London Killzone,False,"Candidato observado, mas não qualificado para simulação pelo contexto global.",2026-09-23T06:28:41.764602+00:00,2026-09-23T06:28:41.764602+00:00,ATLASQUANT_MODEL_PAPER_V1,c761192047830b2cdbd93c5e,04ff359c9ebe9ac01fc1877e,AMD,M15,2026-09-23T06:26:59.123953+00:00,🟢 AMD / PO3 EM DISTRIBUIÇÃO,100.0,"{""acc_high"": 157.67874, ""acc_low"": 157.58899, ""manipulation_side"": ""SSL"", ""phase"": ""DISTRIBUIÇÃO"", ""score"": 100.0, ""status"": ""🟢 AMD / PO3 EM DISTRIBUIÇÃO"", ""target"": 157.67874}",False,🟡 DIREÇÃO CONFIRMADA — AGUARDAR EXECUÇÃO,,Gate ainda não liberou execução | Fluxo institucional incompleto (64/100),True,M15,1.0,SOURCE_EQUALS_EXECUTION,,,,,,
7c940af3664c3335dafc1dc5,7c940af3664c3335dafc1dc5,USD/JPY,BUY,crt,SOURCE_MODEL_EXPLICIT,BLOCKED_CONTEXT,,2026-09-23T06:26:59.123953+00:00,,,,,,,2.0,,,,,,,,,90.0,84.0,87.2,🟢 CONFIRMA,🟢 PULLBACK OK,🟢 GATILHO,78.5,63.7,WAIT,42.0,16.414464820706254,NORMAL,0.64915425,0.64915425,True,100.0,EXPANSÃO DOS DOIS LADOS,EQUILÍBRIO / LIQUIDEZ,London Killzone,False,"Candidato observado, mas não qualificado para simulação pelo contexto global.",2026-09-23T06:28:41.764602+00:00,2026-09-23T06:28:41.764602+00:00,ATLASQUANT_MODEL_PAPER_V1,e1d1185aa2e95765e615de1d,7c940af3664c3335dafc1dc5,CRT,H1,2026-09-23T06:26:59.123953+00:00,🟢 CRT CONFIRMADO,100.0,"{""anchor_high"": 157.67874, ""anchor_low"": 157.58899, ""invalidation"": 157.52438, ""phase"": ""DISTRIBUIÇÃO"", ""raid_side"": ""SSL"", ""score"": 100.0, ""status"": ""🟢 CRT CONFIRMADO"", ""target"": 157.67874}",False,🔴 BLOQUEADO,Contexto D1 não alinha com execução H1 (NEUTRO vs ALTISTA),Gate ainda não liberou execução | Fluxo institucional incompleto (64/100),True,H1,1.0,SOURCE_EQUALS_EXECUTION,,,,,,
ed4115f86f9cf5340dc61502,ed4115f86f9cf5340dc61502,USD/CHF,BUY,bos-choch-ob,SOURCE_MODEL_EXPLICIT,BLOCKED_CONTEXT,,2026-09-23T07:21:54.281676+00:00,,,,,,,2.0,,,,,,,,,89.0,91.0,89.9,🟡 PARCIAL,🔴 CONTRA,🟢 GATILHO,32.8,67.7,B,72.0,28.010374212670623,NORMAL,0.65414105,0.65414105,True,100.0,TENDÊNCIA ALTISTA,EXPANSÃO DOS DOIS LADOS,London Killzone,False,"Candidato observado, mas não qualificado para simulação pelo contexto global.",2026-09-23T07:22:38.690648+00:00,2026-09-23T07:22:38.690648+00:00,ATLASQUANT_MODEL_PAPER_V1,7b78f3c5857c80d29b1472a5,ed4115f86f9cf5340dc61502,BOS_CHOCH_OB,M15,2026-09-23T07:21:54.281676+00:00,BOS + 🟡 ORDER BLOCK ATIVO,68.0,"{""break_time"": ""2026-09-23T07:00:00+00:00"", ""invalidated"": false, ""mitigation_depth_pct"": 0.0, ""order_block_side"": ""BUY"", ""order_block_status"": ""🟡 ORDER BLOCK ATIVO"", ""origin_time"": ""2026-09-23T06:30:00+00:00"", ""structure_event"": ""BOS"", ""structure_level"": 0.82208, ""structure_side"": ""BUY"", ""structure_status"": ""🟢 BOS CONFIRMADO"", ""zone_high"": 0.82191, ""zone_low"": 0.82156}",False,🔴 BLOQUEADO,H1 está contra o viés,ICT incompleto (33/100) | Fluxo institucional incompleto (68/100),True,M15,1.0,SOURCE_EQUALS_EXECUTION,,,,,,
5e7be1bdc0db63191ebe846d,5e7be1bdc0db63191ebe846d,GBP/USD,SELL,amd-po3,SOURCE_MODEL_EXPLICIT,BLOCKED_CONTEXT,,2026-09-23T07:47:54.407136+00:00,,,,,,,2.0,,,,,,,,,68.0,70.0,69.1,🟢 CONFIRMA,🟡 ESTICADO,🟢 GATILHO,57.5,52.6,WAIT,27.0,29.341317365266725,NORMAL,1.6318131166666667,1.6318131166666667,True,100.0,EXPANSÃO DOS DOIS LADOS,TENDÊNCIA ALTISTA,London Killzone,False,"Candidato observado, mas não qualificado para simulação pelo contexto global.",2026-09-23T07:49:33.631441+00:00,2026-09-23T07:49:33.631441+00:00,ATLASQUANT_MODEL_PAPER_V1,7f81e649b464d32afee991c4,5e7be1bdc0db63191ebe846d,AMD,M15,2026-09-23T07:47:54.407136+00:00,🟢 AMD / PO3 EM DISTRIBUIÇÃO,100.0,"{""acc_high"": 1.33203, ""acc_low"": 1.3314, ""manipulation_side"": ""BSL"", ""phase"": ""DISTRIBUIÇÃO"", ""score"": 100.0, ""status"": ""🟢 AMD / PO3 EM DISTRIBUIÇÃO"", ""target"": 1.3314}",False,⚪ EM OBSERVAÇÃO,,Gate ainda não liberou execução | ICT incompleto (58/100) | Fluxo institucional incompleto (53/100),True,M15,1.0,SOURCE_EQUALS_EXECUTION,,,,,,
088b6a3888511dfaffa1c64c,088b6a3888511dfaffa1c64c,NZD/USD,SELL,amd-po3,SOURCE_MODEL_EXPLICIT,BLOCKED_CONTEXT,,2026-09-23T07:47:54.407136+00:00,,,,,,,2.0,,,,,,,,,84.0,91.0,87.1,🟢 CONFIRMA,🟢 PULLBACK OK,🟡 AGUARDAR GATILHO,57.5,52.9,WAIT,57.0,26.65759945596755,NORMAL,1.6107316333333332,1.6107316333333332,True,100.0,TENDÊNCIA BAIXISTA,EQUILÍBRIO / LIQUIDEZ,London Killzone,False,"Candidato observado, mas não qualificado para simulação pelo contexto global.",2026-09-23T07:49:33.631441+00:00,2026-09-23T07:49:33.631441+00:00,ATLASQUANT_MODEL_PAPER_V1,84189b7a9f2ffa658509f0f8,088b6a3888511dfaffa1c64c,AMD,M15,2026-09-23T07:47:54.407136+00:00,🟢 AMD / PO3 EM DISTRIBUIÇÃO,100.0,"{""acc_high"": 0.57064, ""acc_low"": 0.57006, ""manipulation_side"": ""BSL"", ""phase"": ""DISTRIBUIÇÃO"", ""score"": 100.0, ""status"": ""🟢 AMD / PO3 EM DISTRIBUIÇÃO"", ""target"": 0.57006}",False,🟡 DIREÇÃO CONFIRMADA — AGUARDAR EXECUÇÃO,,Gate ainda não liberou execução | ICT incompleto (58/100) | Fluxo institucional incompleto (53/100) | M15 ainda não confirmou gatilho,True,M15,1.0,SOURCE_EQUALS_EXECUTION,,,,,,
817a95cddd1f975c9e4537a2,817a95cddd1f975c9e4537a2,GBP/USD,SELL,amd-po3,SOURCE_MODEL_EXPLICIT,BLOCKED_CONTEXT,,2026-09-23T08:48:14.572504+00:00,,,,,,,2.0,,,,,,,,,68.0,70.0,69.1,🟢 CONFIRMA,🟡 ESTICADO,🟡 AGUARDAR GATILHO,57.5,64.7,WAIT,27.0,57.285429141715234,NORMAL,1.7787486666666663,1.7787486666666663,True,100.0,EXPANSÃO DOS DOIS LADOS,TENDÊNCIA ALTISTA,London Killzone,False,"Candidato observado, mas não qualificado para simulação pelo contexto global.",2026-09-23T08:50:03.020942+00:00,2026-09-23T08:50:03.020942+00:00,ATLASQUANT_MODEL_PAPER_V1,d1f1e060870b77cd86b79446,817a95cddd1f975c9e4537a2,AMD,M15,2026-09-23T08:48:14.572504+00:00,🟢 AMD / PO3 EM DISTRIBUIÇÃO,100.0,"{""acc_high"": 1.33184, ""acc_low"": 1.3309, ""manipulation_side"": ""BSL"", ""phase"": ""DISTRIBUIÇÃO"", ""score"": 100.0, ""status"": ""🟢 AMD / PO3 EM DISTRIBUIÇÃO"", ""target"": 1.3309}",False,⚪ EM OBSERVAÇÃO,,Gate ainda não liberou execução | ICT incompleto (58/100) | Fluxo institucional incompleto (65/100) | M15 ainda não confirmou gatilho,True,M15,1.0,SOURCE_EQUALS_EXECUTION,,,,,,
e2899c0bdb0a6d4889f5c90f,e2899c0bdb0a6d4889f5c90f,NZD/USD,SELL,amd-po3,SOURCE_MODEL_EXPLICIT,BLOCKED_CONTEXT,,2026-09-23T08:48:14.572504+00:00,,,,,,,2.0,,,,,,,,,84.0,91.0,87.1,🟢 CONFIRMA,🟡 ESTICADO,🔴 SEM GATILHO,57.5,65.0,WAIT,57.0,36.89221353281313,NORMAL,1.7405249833333334,1.7405249833333334,True,100.0,TENDÊNCIA BAIXISTA,EQUILÍBRIO / LIQUIDEZ,London Killzone,False,"Candidato observado, mas não qualificado para simulação pelo contexto global.",2026-09-23T08:50:03.020942+00:00,2026-09-23T08:50:03.020942+00:00,ATLASQUANT_MODEL_PAPER_V1,f9fb761b66ddc731d4d810f1,e2899c0bdb0a6d4889f5c90f,AMD,M15,2026-09-23T08:48:14.572504+00:00,🟢 AMD / PO3 EM DISTRIBUIÇÃO,100.0,"{""acc_high"": 0.57116, ""acc_low"": 0.57016, ""manipulation_side"": ""BSL"", ""phase"": ""DISTRIBUIÇÃO"", ""score"": 100.0, ""status"": ""🟢 AMD / PO3 EM DISTRIBUIÇÃO"", ""target"": 0.57016}",False,⚪ EM OBSERVAÇÃO,,Gate ainda não liberou execução | ICT incompleto (58/100) | Fluxo institucional incompleto (65/100) | M15 ainda não confirmou gatilho,True,M15,1.0,SOURCE_EQUALS_EXECUTION,,,,,,
52c807e357f4d419bb4e9b51,52c807e357f4d419bb4e9b51,GBP/USD,SELL,bos-choch-ob,SOURCE_MODEL_EXPLICIT,BLOCKED_CONTEXT,,2026-09-23T09:47:51.351047+00:00,,,,,,,2.0,,,,,,,,,68.0,70.0,69.1,🟢 CONFIRMA,🟡 ESTICADO,🟢 GATILHO,39.5,62.9,WAIT,20.0,74.85029940119614,NORMAL,1.6573278,1.6573278,True,100.0,EXPANSÃO DOS DOIS LADOS,TENDÊNCIA ALTISTA,,False,"Candidato observado, mas não qualificado para simulação pelo contexto global.",2026-09-23T09:49:32.219576+00:00,2026-09-23T09:49:32.219576+00:00,ATLASQUANT_MODEL_PAPER_V1,1a7520f4c2355bf171e42955,52c807e357f4d419bb4e9b51,BOS_CHOCH_OB,M15,2026-09-23T09:47:51.351047+00:00,BOS + 🟡 ORDER BLOCK ATIVO,68.0,"{""break_time"": ""2026-09-23T09:15:00+00:00"", ""invalidated"": false, ""mitigation_depth_pct"": 0.0, ""order_block_side"": ""SELL"", ""order_block_status"": ""🟡 ORDER BLOCK ATIVO"", ""origin_time"": ""2026-09-23T08:30:00+00:00"", ""structure_event"": ""BOS"", ""structure_level"": 1.32938, ""structure_side"": ""SELL"", ""structure_status"": ""🟢 BOS CONFIRMADO"", ""zone_high"": 1.33098, ""zone_low"": 1.33044}",False,⚪ EM OBSERVAÇÃO,,Gate ainda não liberou execução | ICT incompleto (40/100) | Fluxo institucional incompleto (63/100),True,M15,1.0,SOURCE_EQUALS_EXECUTION,,,,,,
5cf4a49f6256824808ace703,5cf4a49f6256824808ace703,USD/CHF,BUY,bos-choch-ob,SOURCE_MODEL_EXPLICIT,BLOCKED_CONTEXT,,2026-09-23T10:47:50.591142+00:00,,,,,,,2.0,,,,,,,,,89.0,91.0,89.9,🟡 PARCIAL,🟡 ESTICADO,🟢 GATILHO,39.5,72.7,B,65.0,51.87106335679894,NORMAL,1.4760584833333332,1.4760584833333332,True,100.0,TENDÊNCIA ALTISTA,EXPANSÃO DOS DOIS LADOS,,False,"Candidato observado, mas não qualificado para simulação pelo contexto global.",2026-09-23T10:49:29.662327+00:00,2026-09-23T10:49:29.662327+00:00,ATLASQUANT_MODEL_PAPER_V1,3d6665eec2fa5c04ace26d2a,5cf4a49f6256824808ace703,BOS_CHOCH_OB,M15,2026-09-23T10:47:50.591142+00:00,BOS + 🟡 ORDER BLOCK ATIVO,68.0,"{""break_time"": ""2026-09-23T10:30:00+00:00"", ""invalidated"": false, ""mitigation_depth_pct"": 0.0, ""order_block_side"": ""BUY"", ""order_block_status"": ""🟡 ORDER BLOCK ATIVO"", ""origin_time"": ""2026-09-23T10:15:00+00:00"", ""structure_event"": ""BOS"", ""structure_level"": 0.82329, ""structure_side"": ""BUY"", ""structure_status"": ""🟢 BOS CONFIRMADO"", ""zone_high"": 0.82304, ""zone_low"": 0.82274}",False,🟠 SETUP EM FORMAÇÃO,,ICT incompleto (40/100),True,M15,1.0,SOURCE_EQUALS_EXECUTION,,,,,,
161353031c746cee9680b981,161353031c746cee9680b981,GBP/USD,SELL,bos-choch-ob,SOURCE_MODEL_EXPLICIT,BLOCKED_CONTEXT,,2026-09-23T11:47:16.670274+00:00,,,,,,,2.0,,,,,,,,,68.0,70.0,69.1,🟢 CONFIRMA,🟡 ESTICADO,🟢 GATILHO,39.5,63.1,WAIT,27.0,95.40918163672684,NORMAL,1.6341619833333332,1.6341619833333332,True,100.0,EXPANSÃO DOS DOIS LADOS,TENDÊNCIA ALTISTA,New York AM,False,"Candidato observado, mas não qualificado para simulação pelo contexto global.",2026-09-23T11:48:55.980518+00:00,2026-09-23T11:48:55.980518+00:00,ATLASQUANT_MODEL_PAPER_V1,94ed1a15b0baff22ac84399f,161353031c746cee9680b981,BOS_CHOCH_OB,M15,2026-09-23T11:47:16.670274+00:00,BOS + 🟡 ORDER BLOCK ATIVO,68.0,"{""break_time"": ""2026-09-23T11:30:00+00:00"", ""invalidated"": false, ""mitigation_depth_pct"": 0.0, ""order_block_side"": ""SELL"", ""order_block_status"": ""🟡 ORDER BLOCK ATIVO"", ""origin_time"": ""2026-09-23T11:00:00+00:00"", ""structure_event"": ""BOS"", ""structure_level"": 1.32779, ""structure_side"": ""SELL"", ""structure_status"": ""🟢 BOS CONFIRMADO"", ""zone_high"": 1.32962, ""zone_low"": 1.32893}",False,⚪ EM OBSERVAÇÃO,,Gate ainda não liberou execução | ADR14 em 95%: evitar perseguir preço | ICT incompleto (40/100) | Fluxo institucional incompleto (63/100),True,M15,1.0,SOURCE_EQUALS_EXECUTION,,,,,,
bed1eddc0eed174c1cb9b694,bed1eddc0eed174c1cb9b694,USD/CAD,BUY,amd-po3,SOURCE_MODEL_EXPLICIT,BLOCKED_CONTEXT,,2026-09-23T11:47:16.670274+00:00,,,,,,,2.0,,,,,,,,,89.0,91.0,89.9,🟢 CONFIRMA,🟡 ESTICADO,🟢 GATILHO,69.5,66.3,B,77.0,32.563398481664166,NORMAL,1.5442660833333333,1.5442660833333333,True,100.0,TENDÊNCIA ALTISTA,TENDÊNCIA ALTISTA,New York AM,False,"Candidato observado, mas não qualificado para simulação pelo contexto global.",2026-09-23T11:48:55.980518+00:00,2026-09-23T11:48:55.980518+00:00,ATLASQUANT_MODEL_PAPER_V1,f0b875ef2aa83ba25b2ec021,bed1eddc0eed174c1cb9b694,AMD,M15,2026-09-23T11:47:16.670274+00:00,🟢 AMD / PO3 EM DISTRIBUIÇÃO,100.0,"{""acc_high"": 1.40929, ""acc_low"": 1.40786, ""manipulation_side"": ""SSL"", ""phase"": ""DISTRIBUIÇÃO"", ""score"": 100.0, ""status"": ""🟢 AMD / PO3 EM DISTRIBUIÇÃO"", ""target"": 1.40929}",False,🟠 SETUP EM FORMAÇÃO,,ICT incompleto (70/100) | Fluxo institucional incompleto (66/100),True,M15,1.0,SOURCE_EQUALS_EXECUTION,,,,,,
953197302a75eb9153b33c32,953197302a75eb9153b33c32,USD/JPY,BUY,bos-choch-ob,SOURCE_MODEL_EXPLICIT,BLOCKED_CONTEXT,,2026-09-23T11:47:16.670274+00:00,,,,,,,2.0,,,,,,,,,90.0,84.0,87.2,🟢 CONFIRMA,🟡 ESTICADO,🟢 GATILHO,39.5,62.5,WAIT,42.0,40.25168342572064,NORMAL,0.5858394,0.5858394,True,100.0,EXPANSÃO DOS DOIS LADOS,EQUILÍBRIO / LIQUIDEZ,New York AM,False,"Candidato observado, mas não qualificado para simulação pelo contexto global.",2026-09-23T11:48:55.980518+00:00,2026-09-23T11:48:55.980518+00:00,ATLASQUANT_MODEL_PAPER_V1,a45bda635203ebc1caf21625,953197302a75eb9153b33c32,BOS_CHOCH_OB,M15,2026-09-23T11:47:16.670274+00:00,BOS + 🟡 ORDER BLOCK ATIVO,68.0,"{""break_time"": ""2026-09-23T11:15:00+00:00"", ""invalidated"": false, ""mitigation_depth_pct"": 0.0, ""order_block_side"": ""BUY"", ""order_block_status"": ""🟡 ORDER BLOCK ATIVO"", ""origin_time"": ""2026-09-23T10:15:00+00:00"", ""structure_event"": ""BOS"", ""structure_level"": 157.91917, ""structure_side"": ""BUY"", ""structure_status"": ""🟢 BOS CONFIRMADO"", ""zone_high"": 157.84853, ""zone_low"": 157.78089}",False,⚪ EM OBSERVAÇÃO,,Gate ainda não liberou execução | ICT incompleto (40/100) | Fluxo institucional incompleto (62/100),True,M15,1.0,SOURCE_EQUALS_EXECUTION,,,,,,
7451eba7bf901bf4350e17e7,7451eba7bf901bf4350e17e7,EUR/USD,SELL,bos-choch-ob,SOURCE_MODEL_EXPLICIT,BLOCKED_CONTEXT,,2026-09-23T12:51:19.790665+00:00,,,,,,,2.0,,,,,,,,,91.0,70.0,82.5,🟢 CONFIRMA,🟡 ESTICADO,🟢 GATILHO,39.5,70.2,WAIT,57.0,76.57247037374434,NORMAL,1.7464209,1.7464209,True,100.0,TENDÊNCIA BAIXISTA,COMPRESSÃO,New York AM,False,"Candidato observado, mas não qualificado para simulação pelo contexto global.",2026-09-23T12:53:10.089939+00:00,2026-09-23T12:53:10.089939+00:00,ATLASQUANT_MODEL_PAPER_V1,9f1c20f1132141c6a75882e8,7451eba7bf901bf4350e17e7,BOS_CHOCH_OB,M15,2026-09-23T12:51:19.790665+00:00,BOS + 🟡 ORDER BLOCK ATIVO,68.0,"{""break_time"": ""2026-09-23T12:15:00+00:00"", ""invalidated"": false, ""mitigation_depth_pct"": 0.0, ""order_block_side"": ""SELL"", ""order_block_status"": ""🟡 ORDER BLOCK ATIVO"", ""origin_time"": ""2026-09-23T11:45:00+00:00"", ""structure_event"": ""BOS"", ""structure_level"": 1.1405, ""structure_side"": ""SELL"", ""structure_status"": ""🟢 BOS CONFIRMADO"", ""zone_high"": 1.14128, ""zone_low"": 1.14056}",False,🟠 SETUP EM FORMAÇÃO,,Gate ainda não liberou execução | ICT incompleto (40/100),True,M15,1.0,SOURCE_EQUALS_EXECUTION,,,,,,
bbde153c0c166654ca99e2dd,bbde153c0c166654ca99e2dd,USD/CHF,BUY,crt,SOURCE_MODEL_EXPLICIT,BLOCKED_CONTEXT,,2026-09-23T13:48:21.490980+00:00,,,,,,,2.0,,,,,,,,,89.0,91.0,89.9,🟡 PARCIAL,🟡 ESTICADO,🟡 AGUARDAR GATILHO,53.8,65.5,B,72.0,65.61689514634855,NORMAL,1.5797103166666666,1.5797103166666666,True,100.0,TENDÊNCIA ALTISTA,EXPANSÃO DOS DOIS LADOS,New York AM,False,"Candidato observado, mas não qualificado para simulação pelo contexto global.",2026-09-23T13:50:05.746299+00:00,2026-09-23T13:50:05.746299+00:00,ATLASQUANT_MODEL_PAPER_V1,e130da823a41c55aa6e2d50f,bbde153c0c166654ca99e2dd,CRT,H1,2026-09-23T13:48:21.490980+00:00,🟢 CRT CONFIRMADO,100.0,"{""anchor_high"": 0.82341, ""anchor_low"": 0.82263, ""invalidation"": 0.82239, ""phase"": ""DISTRIBUIÇÃO"", ""raid_side"": ""SSL"", ""score"": 100.0, ""status"": ""🟢 CRT CONFIRMADO"", ""target"": 0.82341}",False,⚪ EM OBSERVAÇÃO,,ICT incompleto (54/100) | Fluxo institucional incompleto (66/100) | H1 ainda não confirmou gatilho,True,H1,1.0,SOURCE_EQUALS_EXECUTION,,,,,,
aecb129da6761e72f2a7a5a2,aecb129da6761e72f2a7a5a2,USD/JPY,BUY,bos-choch-ob,SOURCE_MODEL_EXPLICIT,BLOCKED_CONTEXT,,2026-09-23T13:48:21.490980+00:00,,,,,,,2.0,,,,,,,,,90.0,84.0,87.2,🟢 CONFIRMA,🟡 ESTICADO,🟢 GATILHO,32.8,62.5,WAIT,42.0,42.68262632973158,NORMAL,0.6704626,0.6704626,True,100.0,EXPANSÃO DOS DOIS LADOS,EQUILÍBRIO / LIQUIDEZ,New York AM,False,"Candidato observado, mas não qualificado para simulação pelo contexto global.",2026-09-23T13:50:05.746299+00:00,2026-09-23T13:50:05.746299+00:00,ATLASQUANT_MODEL_PAPER_V1,45fe300a6e3cde29927ef87c,aecb129da6761e72f2a7a5a2,BOS_CHOCH_OB,M15,2026-09-23T13:48:21.490980+00:00,BOS + 🟡 ORDER BLOCK ATIVO,68.0,"{""break_time"": ""2026-09-23T13:30:00+00:00"", ""invalidated"": false, ""mitigation_depth_pct"": 0.0, ""order_block_side"": ""BUY"", ""order_block_status"": ""🟡 ORDER BLOCK ATIVO"", ""origin_time"": ""2026-09-23T13:15:00+00:00"", ""structure_event"": ""BOS"", ""structure_level"": 157.9736, ""structure_side"": ""BUY"", ""structure_status"": ""🟢 BOS CONFIRMADO"", ""zone_high"": 157.98588, ""zone_low"": 157.8262}",False,⚪ EM OBSERVAÇÃO,,Gate ainda não liberou execução | ICT incompleto (33/100) | Fluxo institucional incompleto (62/100),True,M15,1.0,SOURCE_EQUALS_EXECUTION,,,,,,
5139cbc7c0dfdea53d717a52,5139cbc7c0dfdea53d717a52,EUR/USD,SELL,bos-choch-ob,SOURCE_MODEL_EXPLICIT,BLOCKED_CONTEXT,,2026-09-23T14:48:56.603527+00:00,,,,,,,2.0,,,,,,,,,91.0,70.0,82.5,🟢 CONFIRMA,🟡 ESTICADO,🟡 AGUARDAR GATILHO,39.5,67.7,WAIT,57.0,117.41112123974396,NORMAL,1.682023933333333,1.682023933333333,True,100.0,TENDÊNCIA BAIXISTA,COMPRESSÃO,London Close,False,"Candidato observado, mas não qualificado para simulação pelo contexto global.",2026-09-23T14:50:42.919245+00:00,2026-09-23T14:50:42.919245+00:00,ATLASQUANT_MODEL_PAPER_V1,2d5bf87218ce63d58709d664,5139cbc7c0dfdea53d717a52,BOS_CHOCH_OB,M15,2026-09-23T14:48:56.603527+00:00,BOS + 🟡 ORDER BLOCK PARCIALMENTE MITIGADO / ATIVO,70.0,"{""break_time"": ""2026-09-23T13:45:00+00:00"", ""invalidated"": false, ""mitigation_depth_pct"": 20.0, ""order_block_side"": ""SELL"", ""order_block_status"": ""🟡 ORDER BLOCK PARCIALMENTE MITIGADO / ATIVO"", ""origin_time"": ""2026-09-23T13:15:00+00:00"", ""structure_event"": ""BOS"", ""structure_level"": 1.14003, ""structure_side"": ""SELL"", ""structure_status"": ""🟢 BOS CONFIRMADO"", ""zone_high"": 1.14145, ""zone_low"": 1.14}",False,🔴 BLOQUEADO,ADR14 muito esticado (117%),Gate ainda não liberou execução | ADR14 em 117%: evitar perseguir preço | ICT incompleto (40/100) | Fluxo institucional incompleto (68/100) | M15 ainda não confirmou gatilho,True,M15,1.0,SOURCE_EQUALS_EXECUTION,,,,,,
d5d00e3d816e978f1897a475,d5d00e3d816e978f1897a475,GBP/USD,SELL,bos-choch-ob,SOURCE_MODEL_EXPLICIT,BLOCKED_CONTEXT,,2026-09-23T14:48:56.603527+00:00,,,,,,,2.0,,,,,,,,,68.0,70.0,69.1,🟢 CONFIRMA,🟡 ESTICADO,🟡 AGUARDAR GATILHO,39.5,62.0,WAIT,27.0,145.90818363273334,NORMAL,1.74263615,1.74263615,True,100.0,EXPANSÃO DOS DOIS LADOS,TENDÊNCIA ALTISTA,London Close,False,"Candidato observado, mas não qualificado para simulação pelo contexto global.",2026-09-23T14:50:42.919245+00:00,2026-09-23T14:50:42.919245+00:00,ATLASQUANT_MODEL_PAPER_V1,9319e0966f7ce62275d9e10a,d5d00e3d816e978f1897a475,BOS_CHOCH_OB,M15,2026-09-23T14:48:56.603527+00:00,BOS + 🟡 ORDER BLOCK PARCIALMENTE MITIGADO / ATIVO,70.0,"{""break_time"": ""2026-09-23T13:45:00+00:00"", ""invalidated"": false, ""mitigation_depth_pct"": 9.0, ""order_block_side"": ""SELL"", ""order_block_status"": ""🟡 ORDER BLOCK PARCIALMENTE MITIGADO / ATIVO"", ""origin_time"": ""2026-09-23T13:15:00+00:00"", ""structure_event"": ""BOS"", ""structure_level"": 1.3264, ""structure_side"": ""SELL"", ""structure_status"": ""🟢 BOS CONFIRMADO"", ""zone_high"": 1.32876, ""zone_low"": 1.32653}",False,🔴 BLOQUEADO,ADR14 muito esticado (146%),Gate ainda não liberou execução | ADR14 em 146%: evitar perseguir preço | ICT incompleto (40/100) | Fluxo institucional incompleto (62/100) | M15 ainda não confirmou gatilho,True,M15,1.0,SOURCE_EQUALS_EXECUTION,,,,,,
6b3b288d56684c0e8c968f2a,6b3b288d56684c0e8c968f2a,USD/CAD,BUY,bos-choch-ob,SOURCE_MODEL_EXPLICIT,BLOCKED_CONTEXT,,2026-09-23T14:48:56.603527+00:00,,,,,,,2.0,,,,,,,,,89.0,91.0,89.9,🟢 CONFIRMA,🟡 ESTICADO,🔴 SEM GATILHO,39.5,65.4,B,77.0,61.734776288157605,NORMAL,1.6120575333333331,1.6120575333333331,True,100.0,TENDÊNCIA ALTISTA,TENDÊNCIA ALTISTA,London Close,False,"Candidato observado, mas não qualificado para simulação pelo contexto global.",2026-09-23T14:50:42.919245+00:00,2026-09-23T14:50:42.919245+00:00,ATLASQUANT_MODEL_PAPER_V1,5a4bc332c121498780a9c005,6b3b288d56684c0e8c968f2a,BOS_CHOCH_OB,M15,2026-09-23T14:48:56.603527+00:00,BOS + 🟢 ORDER BLOCK EM MITIGAÇÃO,92.0,"{""break_time"": ""2026-09-23T13:45:00+00:00"", ""invalidated"": false, ""mitigation_depth_pct"": 23.0, ""order_block_side"": ""BUY"", ""order_block_status"": ""🟢 ORDER BLOCK EM MITIGAÇÃO"", ""origin_time"": ""2026-09-23T13:15:00+00:00"", ""structure_event"": ""BOS"", ""structure_level"": 1.40949, ""structure_side"": ""BUY"", ""structure_status"": ""🟢 BOS CONFIRMADO"", ""zone_high"": 1.40954, ""zone_low"": 1.40841}",False,⚪ EM OBSERVAÇÃO,,ICT incompleto (40/100) | Fluxo institucional incompleto (65/100) | M15 ainda não confirmou gatilho,True,M15,1.0,SOURCE_EQUALS_EXECUTION,,,,,,
fad3b387f7f6465e04622974,fad3b387f7f6465e04622974,USD/JPY,BUY,amd-po3,SOURCE_MODEL_EXPLICIT,BLOCKED_CONTEXT,,2026-09-23T14:48:56.603527+00:00,,,,,,,2.0,,,,,,,,,90.0,84.0,87.2,🟢 CONFIRMA,🟡 ESTICADO,🟡 AGUARDAR GATILHO,57.5,67.7,WAIT,42.0,75.20690407753425,NORMAL,0.7072076833333334,0.7072076833333334,True,100.0,EXPANSÃO DOS DOIS LADOS,EQUILÍBRIO / LIQUIDEZ,London Close,False,"Candidato observado, mas não qualificado para simulação pelo contexto global.",2026-09-23T14:50:42.919245+00:00,2026-09-23T14:50:42.919245+00:00,ATLASQUANT_MODEL_PAPER_V1,650ca3a1a059520c9e7788f0,fad3b387f7f6465e04622974,AMD,M15,2026-09-23T14:48:56.603527+00:00,🟢 AMD / PO3 EM DISTRIBUIÇÃO,100.0,"{""acc_high"": 157.98471, ""acc_low"": 157.81526, ""manipulation_side"": ""SSL"", ""phase"": ""DISTRIBUIÇÃO"", ""score"": 100.0, ""status"": ""🟢 AMD / PO3 EM DISTRIBUIÇÃO"", ""target"": 157.98471}",False,⚪ EM OBSERVAÇÃO,,Gate ainda não liberou execução | ICT incompleto (58/100) | Fluxo institucional incompleto (68/100) | M15 ainda não confirmou gatilho,True,M15,1.0,SOURCE_EQUALS_EXECUTION,,,,,,
f001842ec049639b312189ef,f001842ec049639b312189ef,EUR/USD,SELL,fvg,SOURCE_MODEL_EXPLICIT,BLOCKED_CONTEXT,,2026-09-23T17:46:03.085941+00:00,,,,,,,2.0,,,,,,,,,91.0,70.0,82.5,🟢 CONFIRMA,🟡 ESTICADO,🟡 AGUARDAR GATILHO,43.2,66.2,WAIT,57.0,152.3792160437575,NORMAL,1.6244610333333334,1.6244610333333334,True,100.0,TENDÊNCIA BAIXISTA,COMPRESSÃO,New York PM,False,"Candidato observado, mas não qualificado para simulação pelo contexto global.",2026-09-23T17:47:45.303741+00:00,2026-09-23T17:47:45.303741+00:00,ATLASQUANT_MODEL_PAPER_V1,492983f20c2d4ba0302d0efc,f001842ec049639b312189ef,FVG,M15,2026-09-23T17:46:03.085941+00:00,🟢 FVG EM TESTE,90.0,"{""price"": 1.13846, ""score"": 90.0, ""status"": ""🟢 FVG EM TESTE"", ""zone_high"": 1.13877, ""zone_low"": 1.13801}",False,🔴 BLOQUEADO,ADR14 muito esticado (152%),Gate ainda não liberou execução | ADR14 em 152%: evitar perseguir preço | ICT incompleto (43/100) | Fluxo institucional incompleto (66/100) | M15 ainda não confirmou gatilho,True,M15,1.0,SOURCE_EQUALS_EXECUTION,,,,,,
6224286706f29d63e584600a,6224286706f29d63e584600a,GBP/USD,SELL,bos-choch-ob,SOURCE_MODEL_EXPLICIT,BLOCKED_CONTEXT,,2026-09-23T17:46:03.085941+00:00,,,,,,,2.0,,,,,,,,,68.0,70.0,69.1,🟢 CONFIRMA,🟡 ESTICADO,🔴 SEM GATILHO,39.5,63.8,WAIT,27.0,198.4031936127716,NORMAL,1.677018983333333,1.677018983333333,True,100.0,EXPANSÃO DOS DOIS LADOS,TENDÊNCIA ALTISTA,New York PM,False,"Candidato observado, mas não qualificado para simulação pelo contexto global.",2026-09-23T17:47:45.303741+00:00,2026-09-23T17:47:45.303741+00:00,ATLASQUANT_MODEL_PAPER_V1,8003e49ffabb214d9e23afee,6224286706f29d63e584600a,BOS_CHOCH_OB,M15,2026-09-23T17:46:03.085941+00:00,BOS + 🟡 ORDER BLOCK ATIVO,68.0,"{""break_time"": ""2026-09-23T16:45:00+00:00"", ""invalidated"": false, ""mitigation_depth_pct"": 0.0, ""order_block_side"": ""SELL"", ""order_block_status"": ""🟡 ORDER BLOCK ATIVO"", ""origin_time"": ""2026-09-23T16:15:00+00:00"", ""structure_event"": ""BOS"", ""structure_level"": 1.32477, ""structure_side"": ""SELL"", ""structure_status"": ""🟢 BOS CONFIRMADO"", ""zone_high"": 1.32538, ""zone_low"": 1.32492}",False,🔴 BLOQUEADO,ADR14 muito esticado (198%),Gate ainda não liberou execução | ADR14 em 198%: evitar perseguir preço | ICT incompleto (40/100) | Fluxo institucional incompleto (64/100) | M15 ainda não confirmou gatilho,True,M15,1.0,SOURCE_EQUALS_EXECUTION,,,,,,
a8b9832fd4e92ac467d696f8,a8b9832fd4e92ac467d696f8,NZD/USD,SELL,bos-choch-ob,SOURCE_MODEL_EXPLICIT,BLOCKED_CONTEXT,,2026-09-23T17:46:03.085941+00:00,,,,,,,2.0,,,,,,,,,84.0,91.0,87.1,🟢 CONFIRMA,🟡 ESTICADO,🔴 SEM GATILHO,32.8,49.9,WAIT,57.0,121.62529751785227,NORMAL,1.6513701500000002,1.6513701500000002,True,100.0,TENDÊNCIA BAIXISTA,EQUILÍBRIO / LIQUIDEZ,New York PM,False,"Candidato observado, mas não qualificado para simulação pelo contexto global.",2026-09-23T17:47:45.303741+00:00,2026-09-23T17:47:45.303741+00:00,ATLASQUANT_MODEL_PAPER_V1,7ea9f77d9a2b5320cf926d1e,a8b9832fd4e92ac467d696f8,BOS_CHOCH_OB,M15,2026-09-23T17:46:03.085941+00:00,BOS + 🟢 ORDER BLOCK EM MITIGAÇÃO,92.0,"{""break_time"": ""2026-09-23T16:45:00+00:00"", ""invalidated"": false, ""mitigation_depth_pct"": 70.7, ""order_block_side"": ""SELL"", ""order_block_status"": ""🟢 ORDER BLOCK EM MITIGAÇÃO"", ""origin_time"": ""2026-09-23T16:30:00+00:00"", ""structure_event"": ""BOS"", ""structure_level"": 0.56685, ""structure_side"": ""SELL"", ""structure_status"": ""🟢 BOS CONFIRMADO"", ""zone_high"": 0.56758, ""zone_low"": 0.56717}",False,🔴 BLOQUEADO,ADR14 muito esticado (122%),Gate ainda não liberou execução | ADR14 em 122%: evitar perseguir preço | ICT incompleto (33/100) | Fluxo institucional incompleto (50/100) | M15 ainda não confirmou gatilho,True,M15,1.0,SOURCE_EQUALS_EXECUTION,,,,,,
443d7d50c8a8eaf39c855e29,443d7d50c8a8eaf39c855e29,USD/JPY,BUY,amd-po3,SOURCE_MODEL_EXPLICIT,BLOCKED_CONTEXT,,2026-09-23T19:45:51.968850+00:00,,,,,,,2.0,,,,,,,,,90.0,84.0,87.2,🟢 CONFIRMA,🟡 ESTICADO,🟡 AGUARDAR GATILHO,57.5,52.9,WAIT,42.0,80.27487793123262,NORMAL,0.5159324166666667,0.5159324166666667,True,100.0,EXPANSÃO DOS DOIS LADOS,EQUILÍBRIO / LIQUIDEZ,New York PM,False,"Candidato observado, mas não qualificado para simulação pelo contexto global.",2026-09-23T19:47:26.297101+00:00,2026-09-23T19:47:26.297101+00:00,ATLASQUANT_MODEL_PAPER_V1,ab305560c4cba82cc39d0f81,443d7d50c8a8eaf39c855e29,AMD,M15,2026-09-23T19:45:51.968850+00:00,🟢 AMD / PO3 EM DISTRIBUIÇÃO,100.0,"{""acc_high"": 158.42027, ""acc_low"": 158.15391, ""manipulation_side"": ""SSL"", ""phase"": ""DISTRIBUIÇÃO"", ""score"": 100.0, ""status"": ""🟢 AMD / PO3 EM DISTRIBUIÇÃO"", ""target"": 158.42027}",False,⚪ EM OBSERVAÇÃO,,Gate ainda não liberou execução | ICT incompleto (58/100) | Fluxo institucional incompleto (53/100) | M15 ainda não confirmou gatilho,True,M15,1.0,SOURCE_EQUALS_EXECUTION,,,,,,
93fc5609ed8c049f735db18d,93fc5609ed8c049f735db18d,USD/JPY,BUY,fvg,SOURCE_MODEL_EXPLICIT,BLOCKED_CONTEXT,,2026-09-23T21:45:21.028895+00:00,,,,,,,2.0,,,,,,,,,90.0,84.0,87.2,🟢 CONFIRMA,🟡 ESTICADO,🔴 SEM GATILHO,43.2,52.9,WAIT,35.0,80.27487793123262,NORMAL,0.4904978,0.4904978,True,100.0,EXPANSÃO DOS DOIS LADOS,EQUILÍBRIO / LIQUIDEZ,,False,"Candidato observado, mas não qualificado para simulação pelo contexto global.",2026-09-23T21:46:53.849573+00:00,2026-09-23T21:46:53.849573+00:00,ATLASQUANT_MODEL_PAPER_V1,ebd441065a2d9ba2bd846a1f,93fc5609ed8c049f735db18d,FVG,M15,2026-09-23T21:45:21.028895+00:00,🟢 FVG EM TESTE,90.0,"{""price"": 158.27383, ""score"": 90.0, ""status"": ""🟢 FVG EM TESTE"", ""zone_high"": 158.28209, ""zone_low"": 158.22573}",False,⚪ EM OBSERVAÇÃO,,Gate ainda não liberou execução | ICT incompleto (43/100) | Fluxo institucional incompleto (53/100) | M15 ainda não confirmou gatilho,True,M15,1.0,SOURCE_EQUALS_EXECUTION,,,,,,
7759ae797cedda027baf8d0c,7759ae797cedda027baf8d0c,EUR/USD,SELL,amd-po3,SOURCE_MODEL_EXPLICIT,BLOCKED_CONTEXT,,2026-09-23T23:45:18.001869+00:00,,,,,,,2.0,,,,,,,,,91.0,70.0,82.5,🟢 CONFIRMA,🟡 ESTICADO,🟡 AGUARDAR GATILHO,57.5,56.3,WAIT,50.0,152.3792160437575,NORMAL,1.6445620166666666,1.6445620166666666,True,100.0,TENDÊNCIA BAIXISTA,COMPRESSÃO,,False,"Candidato observado, mas não qualificado para simulação pelo contexto global.",2026-09-23T23:47:01.846643+00:00,2026-09-23T23:47:01.846643+00:00,ATLASQUANT_MODEL_PAPER_V1,2ae35fdd33c8474a5e0ce42a,7759ae797cedda027baf8d0c,AMD,M15,2026-09-23T23:45:18.001869+00:00,🟢 AMD / PO3 EM DISTRIBUIÇÃO,100.0,"{""acc_high"": 1.13881, ""acc_low"": 1.1379, ""manipulation_side"": ""BSL"", ""phase"": ""DISTRIBUIÇÃO"", ""score"": 100.0, ""status"": ""🟢 AMD / PO3 EM DISTRIBUIÇÃO"", ""target"": 1.1379}",False,🔴 BLOQUEADO,ADR14 muito esticado (152%),Gate ainda não liberou execução | ADR14 em 152%: evitar perseguir preço | ICT incompleto (58/100) | Fluxo institucional incompleto (56/100) | M15 ainda não confirmou gatilho,True,M15,1.0,SOURCE_EQUALS_EXECUTION,,,,,,
e34621cb55bc65a601c37eeb,e34621cb55bc65a601c37eeb,GBP/USD,SELL,bos-choch-ob,SOURCE_MODEL_EXPLICIT,BLOCKED_CONTEXT,,2026-09-23T23:45:18.001869+00:00,,,,,,,2.0,,,,,,,,,68.0,70.0,69.1,🟢 CONFIRMA,🟡 ESTICADO,🟡 AGUARDAR GATILHO,51.5,73.6,WAIT,20.0,198.4031936127716,NORMAL,1.7072028166666666,1.7072028166666666,True,100.0,EXPANSÃO DOS DOIS LADOS,TENDÊNCIA ALTISTA,,False,"Candidato observado, mas não qualificado para simulação pelo contexto global.",2026-09-23T23:47:01.846643+00:00,2026-09-23T23:47:01.846643+00:00,ATLASQUANT_MODEL_PAPER_V1,5fe785c6b8de804dc8a79a8e,e34621cb55bc65a601c37eeb,BOS_CHOCH_OB,M15,2026-09-23T23:45:18.001869+00:00,CHOCH + 🟡 ORDER BLOCK ATIVO,68.0,"{""break_time"": ""2026-09-23T23:15:00+00:00"", ""invalidated"": false, ""mitigation_depth_pct"": 0.0, ""order_block_side"": ""SELL"", ""order_block_status"": ""🟡 ORDER BLOCK ATIVO"", ""origin_time"": ""2026-09-23T23:00:00+00:00"", ""structure_event"": ""CHOCH"", ""structure_level"": 1.32403, ""structure_side"": ""SELL"", ""structure_status"": ""🟢 CHOCH CONFIRMADO"", ""zone_high"": 1.32461, ""zone_low"": 1.32411}",False,🔴 BLOQUEADO,ADR14 muito esticado (198%),Gate ainda não liberou execução | ADR14 em 198%: evitar perseguir preço | ICT incompleto (52/100) | M15 ainda não confirmou gatilho,True,M15,1.0,SOURCE_EQUALS_EXECUTION,,,,,,
1ed841a062f749b4f7363b92,1ed841a062f749b4f7363b92,USD/JPY,BUY,amd-po3,SOURCE_MODEL_EXPLICIT,BLOCKED_CONTEXT,,2026-09-23T23:45:18.001869+00:00,,,,,,,2.0,,,,,,,,,90.0,84.0,87.2,🟢 CONFIRMA,🟡 ESTICADO,🟡 AGUARDAR GATILHO,69.5,70.0,WAIT,35.0,80.27487793123262,NORMAL,0.6688651166666666,0.6688651166666666,True,100.0,EXPANSÃO DOS DOIS LADOS,EQUILÍBRIO / LIQUIDEZ,,False,"Candidato observado, mas não qualificado para simulação pelo contexto global.",2026-09-23T23:47:01.846643+00:00,2026-09-23T23:47:01.846643+00:00,ATLASQUANT_MODEL_PAPER_V1,09bae0bd8ad765fa788500a4,1ed841a062f749b4f7363b92,AMD,M15,2026-09-23T23:45:18.001869+00:00,🟢 AMD / PO3 EM DISTRIBUIÇÃO,100.0,"{""acc_high"": 158.37693, ""acc_low"": 158.23726, ""manipulation_side"": ""SSL"", ""phase"": ""DISTRIBUIÇÃO"", ""score"": 100.0, ""status"": ""🟢 AMD / PO3 EM DISTRIBUIÇÃO"", ""target"": 158.37693}",False,⚪ EM OBSERVAÇÃO,,Gate ainda não liberou execução | ICT incompleto (70/100) | M15 ainda não confirmou gatilho,True,M15,1.0,SOURCE_EQUALS_EXECUTION,,,,,,
cfd403264ee8bb615da07ccb,cfd403264ee8bb615da07ccb,USD/JPY,BUY,bos-choch-ob,SOURCE_MODEL_EXPLICIT,BLOCKED_CONTEXT,,2026-09-23T23:45:18.001869+00:00,,,,,,,2.0,,,,,,,,,90.0,84.0,87.2,🟢 CONFIRMA,🟡 ESTICADO,🟡 AGUARDAR GATILHO,69.5,70.0,WAIT,35.0,80.27487793123262,NORMAL,0.6688651166666666,0.6688651166666666,True,100.0,EXPANSÃO DOS DOIS LADOS,EQUILÍBRIO / LIQUIDEZ,,False,"Candidato observado, mas não qualificado para simulação pelo contexto global.",2026-09-23T23:47:01.846643+00:00,2026-09-23T23:47:01.846643+00:00,ATLASQUANT_MODEL_PAPER_V1,2609c696d9333db2ee8d259f,cfd403264ee8bb615da07ccb,BOS_CHOCH_OB,M15,2026-09-23T23:45:18.001869+00:00,CHOCH + 🟡 ORDER BLOCK ATIVO,68.0,"{""break_time"": ""2026-09-23T23:15:00+00:00"", ""invalidated"": false, ""mitigation_depth_pct"": 0.0, ""order_block_side"": ""BUY"", ""order_block_status"": ""🟡 ORDER BLOCK ATIVO"", ""origin_time"": ""2026-09-23T23:00:00+00:00"", ""structure_event"": ""CHOCH"", ""structure_level"": 158.327, ""structure_side"": ""BUY"", ""structure_status"": ""🟢 CHOCH CONFIRMADO"", ""zone_high"": 158.29588, ""zone_low"": 158.23089}",False,⚪ EM OBSERVAÇÃO,,Gate ainda não liberou execução | ICT incompleto (70/100) | M15 ainda não confirmou gatilho,True,M15,1.0,SOURCE_EQUALS_EXECUTION,,,,,,
c53849852c81ecdd86ecab1e,c53849852c81ecdd86ecab1e,EUR/USD,SELL,bos-choch-ob,SOURCE_MODEL_EXPLICIT,BLOCKED_CONTEXT,,2026-09-24T00:50:58.601315+00:00,,,,,,,2.0,,,,,,,,,91.0,70.0,82.5,🟢 CONFIRMA,🟡 ESTICADO,🟡 AGUARDAR GATILHO,39.5,66.0,B,65.0,152.3792160437575,NORMAL,2.715379716666667,2.715379716666667,True,100.0,TENDÊNCIA BAIXISTA,COMPRESSÃO,Asian Range,False,"Candidato observado, mas não qualificado para simulação pelo contexto global.",2026-09-24T00:53:46.429184+00:00,2026-09-24T00:53:46.429184+00:00,ATLASQUANT_MODEL_PAPER_V1,26c58c773d64a76e1f68ae04,c53849852c81ecdd86ecab1e,BOS_CHOCH_OB,M15,2026-09-24T00:50:58.601315+00:00,CHOCH + 🟡 ORDER BLOCK ATIVO,68.0,"{""break_time"": ""2026-09-24T00:15:00+00:00"", ""invalidated"": false, ""mitigation_depth_pct"": 0.0, ""order_block_side"": ""SELL"", ""order_block_status"": ""🟡 ORDER BLOCK ATIVO"", ""origin_time"": ""2026-09-24T00:00:00+00:00"", ""structure_event"": ""CHOCH"", ""structure_level"": 1.13801, ""structure_side"": ""SELL"", ""structure_status"": ""🟢 CHOCH CONFIRMADO"", ""zone_high"": 1.13844, ""zone_low"": 1.13812}",False,🔴 BLOQUEADO,ADR14 muito esticado (152%),ADR14 em 152%: evitar perseguir preço | ICT incompleto (40/100) | Fluxo institucional incompleto (66/100) | M15 ainda não confirmou gatilho,True,M15,1.0,SOURCE_EQUALS_EXECUTION,,,,,,
420d3d7ed19dfba7c436eeee,420d3d7ed19dfba7c436eeee,USD/CAD,BUY,bos-choch-ob,SOURCE_MODEL_EXPLICIT,BLOCKED_CONTEXT,,2026-09-24T00:50:58.601315+00:00,,,,,,,2.0,,,,,,,,,89.0,91.0,89.9,🟢 CONFIRMA,🟡 ESTICADO,🟢 GATILHO,39.5,65.7,B,77.0,72.13697302535958,NORMAL,2.6624273166666668,2.6624273166666668,True,100.0,TENDÊNCIA ALTISTA,TENDÊNCIA ALTISTA,Asian Range,False,"Candidato observado, mas não qualificado para simulação pelo contexto global.",2026-09-24T00:53:46.429184+00:00,2026-09-24T00:53:46.429184+00:00,ATLASQUANT_MODEL_PAPER_V1,6965062f9bfbe41390ca97d1,420d3d7ed19dfba7c436eeee,BOS_CHOCH_OB,M15,2026-09-24T00:50:58.601315+00:00,BOS + 🟡 ORDER BLOCK ATIVO,68.0,"{""break_time"": ""2026-09-24T00:15:00+00:00"", ""invalidated"": false, ""mitigation_depth_pct"": 0.0, ""order_block_side"": ""BUY"", ""order_block_status"": ""🟡 ORDER BLOCK ATIVO"", ""origin_time"": ""2026-09-24T00:00:00+00:00"", ""structure_event"": ""BOS"", ""structure_level"": 1.41055, ""structure_side"": ""BUY"", ""structure_status"": ""🟢 BOS CONFIRMADO"", ""zone_high"": 1.4105, ""zone_low"": 1.4099}",False,🟠 SETUP EM FORMAÇÃO,,ICT incompleto (40/100) | Fluxo institucional incompleto (66/100),True,M15,1.0,SOURCE_EQUALS_EXECUTION,,,,,,
d197eb4b185e4b2791f38329,d197eb4b185e4b2791f38329,GBP/USD,SELL,fvg,SOURCE_MODEL_EXPLICIT,BLOCKED_CONTEXT,,2026-09-24T01:47:08.775530+00:00,,,,,,,2.0,,,,,,,,,68.0,70.0,69.1,🟢 CONFIRMA,🟡 ESTICADO,🟡 AGUARDAR GATILHO,43.2,52.7,WAIT,35.0,199.2015968063852,NORMAL,1.508224233333333,1.508224233333333,True,100.0,EXPANSÃO DOS DOIS LADOS,TENDÊNCIA ALTISTA,Asian Range,False,"Candidato observado, mas não qualificado para simulação pelo contexto global.",2026-09-24T01:48:40.409379+00:00,2026-09-24T01:48:40.409379+00:00,ATLASQUANT_MODEL_PAPER_V1,c9dc6c6ca182467a46ac4e3e,d197eb4b185e4b2791f38329,FVG,M15,2026-09-24T01:47:08.775530+00:00,🟢 FVG EM TESTE,90.0,"{""price"": 1.32341, ""score"": 90.0, ""status"": ""🟢 FVG EM TESTE"", ""zone_high"": 1.32368, ""zone_low"": 1.32333}",False,🔴 BLOQUEADO,ADR14 muito esticado (199%),Gate ainda não liberou execução | ADR14 em 199%: evitar perseguir preço | ICT incompleto (43/100) | Fluxo institucional incompleto (53/100) | M15 ainda não confirmou gatilho,True,M15,1.0,SOURCE_EQUALS_EXECUTION,,,,,,
91d27e24fa19fccec218e10a,91d27e24fa19fccec218e10a,USD/CHF,BUY,amd-po3,SOURCE_MODEL_EXPLICIT,BLOCKED_CONTEXT,,2026-09-24T01:47:08.775530+00:00,,,,,,,2.0,,,,,,,,,89.0,91.0,89.9,🟢 CONFIRMA,🟡 ALINHADO,🔴 SEM GATILHO,71.8,55.8,B,72.0,120.60022230455569,NORMAL,1.4079754666666666,1.4079754666666666,True,100.0,TENDÊNCIA ALTISTA,EXPANSÃO DOS DOIS LADOS,Asian Range,False,"Candidato observado, mas não qualificado para simulação pelo contexto global.",2026-09-24T01:48:40.409379+00:00,2026-09-24T01:48:40.409379+00:00,ATLASQUANT_MODEL_PAPER_V1,f1456a7593e692309cbf8c6b,91d27e24fa19fccec218e10a,AMD,M15,2026-09-24T01:47:08.775530+00:00,🟢 AMD / PO3 EM DISTRIBUIÇÃO,100.0,"{""acc_high"": 0.82526, ""acc_low"": 0.82463, ""manipulation_side"": ""SSL"", ""phase"": ""DISTRIBUIÇÃO"", ""score"": 100.0, ""status"": ""🟢 AMD / PO3 EM DISTRIBUIÇÃO"", ""target"": 0.82526}",False,🔴 BLOQUEADO,ADR14 muito esticado (121%),ADR14 em 121%: evitar perseguir preço | Fluxo institucional incompleto (56/100) | M15 ainda não confirmou gatilho,True,M15,1.0,SOURCE_EQUALS_EXECUTION,,,,,,
04b72a2c475978819c680da8,04b72a2c475978819c680da8,USD/CHF,BUY,crt,SOURCE_MODEL_EXPLICIT,BLOCKED_CONTEXT,,2026-09-24T01:47:08.775530+00:00,,,,,,,2.0,,,,,,,,,89.0,91.0,89.9,🟢 CONFIRMA,🟡 ALINHADO,🔴 SEM GATILHO,71.8,55.8,B,72.0,120.60022230455569,NORMAL,1.4079754666666666,1.4079754666666666,True,100.0,TENDÊNCIA ALTISTA,EXPANSÃO DOS DOIS LADOS,Asian Range,False,"Candidato observado, mas não qualificado para simulação pelo contexto global.",2026-09-24T01:48:40.409379+00:00,2026-09-24T01:48:40.409379+00:00,ATLASQUANT_MODEL_PAPER_V1,aa4718a09b2b74448848cd32,04b72a2c475978819c680da8,CRT,H1,2026-09-24T01:47:08.775530+00:00,🟢 CRT CONFIRMADO,100.0,"{""anchor_high"": 0.82504, ""anchor_low"": 0.82469, ""invalidation"": 0.82463, ""phase"": ""DISTRIBUIÇÃO"", ""raid_side"": ""SSL"", ""score"": 100.0, ""status"": ""🟢 CRT CONFIRMADO"", ""target"": 0.82504}",False,🔴 BLOQUEADO,ADR14 muito esticado (121%),ADR14 em 121%: evitar perseguir preço | Fluxo institucional incompleto (56/100) | H1 ainda não confirmou gatilho,True,H1,1.0,SOURCE_EQUALS_EXECUTION,,,,,,
ba295b7351d05f6eac855609,ba295b7351d05f6eac855609,GBP/USD,SELL,fvg,SOURCE_MODEL_EXPLICIT,BLOCKED_CONTEXT,,2026-09-24T02:47:33.488662+00:00,,,,,,,2.0,,,,,,,,,68.0,70.0,69.1,🟢 CONFIRMA,🟡 ESTICADO,🔴 SEM GATILHO,43.2,51.9,WAIT,35.0,199.2015968063852,NORMAL,1.587886,1.587886,True,100.0,EXPANSÃO DOS DOIS LADOS,TENDÊNCIA ALTISTA,Asian Range,False,"Candidato observado, mas não qualificado para simulação pelo contexto global.",2026-09-24T02:49:10.097066+00:00,2026-09-24T02:49:10.097066+00:00,ATLASQUANT_MODEL_PAPER_V1,e11297e165fa7e45cb9cea5a,ba295b7351d05f6eac855609,FVG,M15,2026-09-24T02:47:33.488662+00:00,🟢 FVG EM TESTE,90.0,"{""price"": 1.32405, ""score"": 90.0, ""status"": ""🟢 FVG EM TESTE"", ""zone_high"": 1.32411, ""zone_low"": 1.32393}",False,🔴 BLOQUEADO,ADR14 muito esticado (199%),Gate ainda não liberou execução | ADR14 em 199%: evitar perseguir preço | ICT incompleto (43/100) | Fluxo institucional incompleto (52/100) | M15 ainda não confirmou gatilho,True,M15,1.0,SOURCE_EQUALS_EXECUTION,,,,,,
c1abfbce9565f10b4ea13033,c1abfbce9565f10b4ea13033,NZD/USD,SELL,amd-po3,SOURCE_MODEL_EXPLICIT,BLOCKED_CONTEXT,,2026-09-24T02:47:33.488662+00:00,,,,,,,2.0,,,,,,,,,84.0,91.0,87.1,🟢 CONFIRMA,🟢 PULLBACK OK,🟡 AGUARDAR GATILHO,50.8,63.1,WAIT,57.0,121.62529751785227,NORMAL,1.5592639166666666,1.5592639166666666,True,100.0,TENDÊNCIA BAIXISTA,EQUILÍBRIO / LIQUIDEZ,Asian Range,False,"Candidato observado, mas não qualificado para simulação pelo contexto global.",2026-09-24T02:49:10.097066+00:00,2026-09-24T02:49:10.097066+00:00,ATLASQUANT_MODEL_PAPER_V1,ad3e2a8a3b58f1f45c7b95df,c1abfbce9565f10b4ea13033,AMD,M15,2026-09-24T02:47:33.488662+00:00,🟢 AMD / PO3 EM DISTRIBUIÇÃO,100.0,"{""acc_high"": 0.56783, ""acc_low"": 0.56707, ""manipulation_side"": ""BSL"", ""phase"": ""DISTRIBUIÇÃO"", ""score"": 100.0, ""status"": ""🟢 AMD / PO3 EM DISTRIBUIÇÃO"", ""target"": 0.56707}",False,🔴 BLOQUEADO,ADR14 muito esticado (122%),Gate ainda não liberou execução | ADR14 em 122%: evitar perseguir preço | ICT incompleto (51/100) | Fluxo institucional incompleto (63/100) | M15 ainda não confirmou gatilho,True,M15,1.0,SOURCE_EQUALS_EXECUTION,,,,,,
cdadc6bbe33f51dae0584b38,cdadc6bbe33f51dae0584b38,USD/CAD,BUY,crt,SOURCE_MODEL_EXPLICIT,BLOCKED_CONTEXT,,2026-09-24T02:47:33.488662+00:00,,,,,,,2.0,,,,,,,,,89.0,91.0,89.9,🟢 CONFIRMA,🟡 ESTICADO,🔴 SEM GATILHO,53.8,46.4,B,77.0,78.69487966402635,NORMAL,1.4807742833333333,1.4807742833333333,True,100.0,TENDÊNCIA ALTISTA,TENDÊNCIA ALTISTA,Asian Range,False,"Candidato observado, mas não qualificado para simulação pelo contexto global.",2026-09-24T02:49:10.097066+00:00,2026-09-24T02:49:10.097066+00:00,ATLASQUANT_MODEL_PAPER_V1,b0bfa8feb6328dd3b4d4fda4,cdadc6bbe33f51dae0584b38,CRT,H1,2026-09-24T02:47:33.488662+00:00,🟢 CRT CONFIRMADO,100.0,"{""anchor_high"": 1.41055, ""anchor_low"": 1.40996, ""invalidation"": 1.4099, ""phase"": ""DISTRIBUIÇÃO"", ""raid_side"": ""SSL"", ""score"": 100.0, ""status"": ""🟢 CRT CONFIRMADO"", ""target"": 1.41055}",False,⚪ EM OBSERVAÇÃO,,ICT incompleto (54/100) | Fluxo institucional incompleto (46/100) | H1 ainda não confirmou gatilho,True,H1,1.0,SOURCE_EQUALS_EXECUTION,,,,,,
841bb55e419d5dd90b230710,841bb55e419d5dd90b230710,USD/CAD,BUY,amd-po3,SOURCE_MODEL_EXPLICIT,BLOCKED_CONTEXT,,2026-09-24T03:48:13.071035+00:00,,,,,,,2.0,,,,,,,,,89.0,91.0,89.9,🟢 CONFIRMA,🟡 ALINHADO,🟢 GATILHO,57.5,53.1,B,77.0,78.69487966402635,NORMAL,1.4521349666666663,1.4521349666666663,True,100.0,TENDÊNCIA ALTISTA,TENDÊNCIA ALTISTA,Asian Range,False,"Candidato observado, mas não qualificado para simulação pelo contexto global.",2026-09-24T03:49:46.118979+00:00,2026-09-24T03:49:46.118979+00:00,ATLASQUANT_MODEL_PAPER_V1,b91dc64a5cbe9eb6e594b59c,841bb55e419d5dd90b230710,AMD,M15,2026-09-24T03:48:13.071035+00:00,🟢 AMD / PO3 EM DISTRIBUIÇÃO,100.0,"{""acc_high"": 1.41121, ""acc_low"": 1.4099, ""manipulation_side"": ""SSL"", ""phase"": ""DISTRIBUIÇÃO"", ""score"": 100.0, ""status"": ""🟢 AMD / PO3 EM DISTRIBUIÇÃO"", ""target"": 1.41121}",False,🟠 SETUP EM FORMAÇÃO,,ICT incompleto (58/100) | Fluxo institucional incompleto (53/100),True,M15,1.0,SOURCE_EQUALS_EXECUTION,,,,,,
261b462032369975f537e7cb,261b462032369975f537e7cb,USD/CHF,BUY,fvg,SOURCE_MODEL_EXPLICIT,BLOCKED_CONTEXT,,2026-09-24T04:47:28.409251+00:00,,,,,,,2.0,,,,,,,,,89.0,91.0,89.9,🟢 CONFIRMA,🟢 PULLBACK OK,🔴 SEM GATILHO,52.2,62.6,B,65.0,9.821910415542416,NORMAL,1.4054677,1.4054677,True,100.0,TENDÊNCIA ALTISTA,EXPANSÃO DOS DOIS LADOS,,False,"Candidato observado, mas não qualificado para simulação pelo contexto global.",2026-09-24T04:49:01.085061+00:00,2026-09-24T04:49:01.085061+00:00,ATLASQUANT_MODEL_PAPER_V1,0f8c7b10502b517b227f20ed,261b462032369975f537e7cb,FVG,M15,2026-09-24T04:47:28.409251+00:00,🟢 FVG EM TESTE,90.0,"{""price"": 0.82429, ""score"": 90.0, ""status"": ""🟢 FVG EM TESTE"", ""zone_high"": 0.82437, ""zone_low"": 0.8242}",False,🟡 DIREÇÃO CONFIRMADA — AGUARDAR EXECUÇÃO,,ICT incompleto (52/100) | Fluxo institucional incompleto (63/100) | M15 ainda não confirmou gatilho,True,M15,1.0,SOURCE_EQUALS_EXECUTION,,,,,,
52e0b408817ba739720d8992,52e0b408817ba739720d8992,USD/JPY,BUY,crt,SOURCE_MODEL_EXPLICIT,BLOCKED_CONTEXT,,2026-09-24T04:47:28.409251+00:00,,,,,,,2.0,,,,,,,,,90.0,84.0,87.2,🟢 CONFIRMA,🟡 ALINHADO,🔴 SEM GATILHO,53.8,57.0,WAIT,50.0,16.961992127922567,NORMAL,0.4893961333333333,0.4893961333333333,True,100.0,TENDÊNCIA ALTISTA,EQUILÍBRIO / LIQUIDEZ,,False,"Candidato observado, mas não qualificado para simulação pelo contexto global.",2026-09-24T04:49:01.085061+00:00,2026-09-24T04:49:01.085061+00:00,ATLASQUANT_MODEL_PAPER_V1,4e3bc8aed8977cf92cbcf49a,52e0b408817ba739720d8992,CRT,H1,2026-09-24T04:47:28.409251+00:00,🟢 CRT CONFIRMADO,100.0,"{""anchor_high"": 158.11755, ""anchor_low"": 157.84262, ""invalidation"": 157.8089, ""phase"": ""DISTRIBUIÇÃO"", ""raid_side"": ""SSL"", ""score"": 100.0, ""status"": ""🟢 CRT CONFIRMADO"", ""target"": 158.11755}",False,⚪ EM OBSERVAÇÃO,,Gate ainda não liberou execução | ICT incompleto (54/100) | Fluxo institucional incompleto (57/100) | H1 ainda não confirmou gatilho,True,H1,1.0,SOURCE_EQUALS_EXECUTION,,,,,,
27896d910674569bdbcad357,27896d910674569bdbcad357,USD/JPY,BUY,crt,SOURCE_MODEL_EXPLICIT,BLOCKED_CONTEXT,,2026-09-24T06:52:03.203030+00:00,,,,,,,2.0,,,,,,,,,90.0,84.0,87.2,🟢 CONFIRMA,🟢 PULLBACK OK,🟢 GATILHO,60.5,69.8,WAIT,57.0,57.1054928681296,NORMAL,0.6996004666666666,0.6996004666666666,True,100.0,TENDÊNCIA ALTISTA,EQUILÍBRIO / LIQUIDEZ,London Killzone,False,"Candidato observado, mas não qualificado para simulação pelo contexto global.",2026-09-24T06:53:48.937089+00:00,2026-09-24T06:53:48.937089+00:00,ATLASQUANT_MODEL_PAPER_V1,c6926017cf80cae8e3c91847,27896d910674569bdbcad357,CRT,H1,2026-09-24T06:52:03.203030+00:00,🟢 CRT CONFIRMADO,100.0,"{""anchor_high"": 158.09365, ""anchor_low"": 157.87233, ""invalidation"": 157.84738, ""phase"": ""DISTRIBUIÇÃO"", ""raid_side"": ""SSL"", ""score"": 100.0, ""status"": ""🟢 CRT CONFIRMADO"", ""target"": 158.09365}",False,🟡 DIREÇÃO CONFIRMADA — AGUARDAR EXECUÇÃO,,Gate ainda não liberou execução | ICT incompleto (60/100) | Fluxo institucional incompleto (70/100),True,H1,1.0,SOURCE_EQUALS_EXECUTION,,,,,,
836864de177ca73c630911b8,836864de177ca73c630911b8,USD/CAD,BUY,amd-po3,SOURCE_MODEL_EXPLICIT,BLOCKED_CONTEXT,,2026-09-24T07:47:48.690527+00:00,,,,,,,2.0,,,,,,,,,89.0,91.0,89.9,🟢 CONFIRMA,🟢 PULLBACK OK,🟡 AGUARDAR GATILHO,62.8,61.9,B,77.0,21.945701357464014,NORMAL,1.4414625333333333,1.4414625333333333,True,100.0,TENDÊNCIA ALTISTA,TENDÊNCIA ALTISTA,London Killzone,False,"Candidato observado, mas não qualificado para simulação pelo contexto global.",2026-09-24T07:49:21.485029+00:00,2026-09-24T07:49:21.485029+00:00,ATLASQUANT_MODEL_PAPER_V1,b2d21e0653dc110a3e4e3f70,836864de177ca73c630911b8,AMD,M15,2026-09-24T07:47:48.690527+00:00,🟢 AMD / PO3 EM DISTRIBUIÇÃO,100.0,"{""acc_high"": 1.41088, ""acc_low"": 1.41006, ""manipulation_side"": ""SSL"", ""phase"": ""DISTRIBUIÇÃO"", ""score"": 100.0, ""status"": ""🟢 AMD / PO3 EM DISTRIBUIÇÃO"", ""target"": 1.41088}",False,🟡 DIREÇÃO CONFIRMADA — AGUARDAR EXECUÇÃO,,ICT incompleto (63/100) | Fluxo institucional incompleto (62/100) | M15 ainda não confirmou gatilho,True,M15,1.0,SOURCE_EQUALS_EXECUTION,,,,,,
29b0b90c7bfc3cceb12812a9,29b0b90c7bfc3cceb12812a9,USD/CHF,BUY,amd-po3,SOURCE_MODEL_EXPLICIT,BLOCKED_CONTEXT,,2026-09-24T07:47:48.690527+00:00,,,,,,,2.0,,,,,,,,,89.0,91.0,89.9,🟢 CONFIRMA,🟢 PULLBACK OK,🟢 GATILHO,62.8,91.0,B,77.0,108.2928584277742,NORMAL,1.416355383333333,1.416355383333333,True,100.0,TENDÊNCIA ALTISTA,EXPANSÃO DOS DOIS LADOS,London Killzone,False,"Candidato observado, mas não qualificado para simulação pelo contexto global.",2026-09-24T07:49:21.485029+00:00,2026-09-24T07:49:21.485029+00:00,ATLASQUANT_MODEL_PAPER_V1,8dcca69336d611d3b28f1c06,29b0b90c7bfc3cceb12812a9,AMD,M15,2026-09-24T07:47:48.690527+00:00,🟢 AMD / PO3 EM DISTRIBUIÇÃO,100.0,"{""acc_high"": 0.82467, ""acc_low"": 0.82397, ""manipulation_side"": ""SSL"", ""phase"": ""DISTRIBUIÇÃO"", ""score"": 100.0, ""status"": ""🟢 AMD / PO3 EM DISTRIBUIÇÃO"", ""target"": 0.82467}",False,🟡 DIREÇÃO CONFIRMADA — AGUARDAR EXECUÇÃO,,ADR14 em 108%: evitar perseguir preço | ICT incompleto (63/100),True,M15,1.0,SOURCE_EQUALS_EXECUTION,,,,,,
af509b961904d4f9f0223a04,af509b961904d4f9f0223a04,GBP/USD,SELL,amd-po3,SOURCE_MODEL_EXPLICIT,BLOCKED_CONTEXT,,2026-09-24T08:48:38.348356+00:00,,,,,,,2.0,,,,,,,,,68.0,70.0,69.1,🟢 CONFIRMA,🟢 PULLBACK OK,🔴 SEM GATILHO,62.8,64.1,WAIT,35.0,42.44038559106872,NORMAL,1.5740234833333333,1.5740234833333333,True,100.0,EXPANSÃO DOS DOIS LADOS,TENDÊNCIA ALTISTA,London Killzone,False,"Candidato observado, mas não qualificado para simulação pelo contexto global.",2026-09-24T08:50:13.994937+00:00,2026-09-24T08:50:13.994937+00:00,ATLASQUANT_MODEL_PAPER_V1,b77f0e8ea2cba8dcc1c06e90,af509b961904d4f9f0223a04,AMD,M15,2026-09-24T08:48:38.348356+00:00,🟢 AMD / PO3 EM DISTRIBUIÇÃO,100.0,"{""acc_high"": 1.32501, ""acc_low"": 1.32329, ""manipulation_side"": ""BSL"", ""phase"": ""DISTRIBUIÇÃO"", ""score"": 100.0, ""status"": ""🟢 AMD / PO3 EM DISTRIBUIÇÃO"", ""target"": 1.32329}",False,⚪ EM OBSERVAÇÃO,,Gate ainda não liberou execução | ICT incompleto (63/100) | Fluxo institucional incompleto (64/100) | M15 ainda não confirmou gatilho,True,M15,1.0,SOURCE_EQUALS_EXECUTION,,,,,,
8ca3b09e75f14fe795e70178,8ca3b09e75f14fe795e70178,NZD/USD,SELL,amd-po3,SOURCE_MODEL_EXPLICIT,BLOCKED_CONTEXT,,2026-09-24T08:48:38.348356+00:00,,,,,,,2.0,,,,,,,,,84.0,91.0,87.1,🟢 CONFIRMA,🟢 PULLBACK OK,🔴 SEM GATILHO,69.5,51.0,WAIT,57.0,25.95907928388608,NORMAL,1.5495213833333332,1.5495213833333332,True,100.0,TENDÊNCIA BAIXISTA,EQUILÍBRIO / LIQUIDEZ,London Killzone,False,"Candidato observado, mas não qualificado para simulação pelo contexto global.",2026-09-24T08:50:13.994937+00:00,2026-09-24T08:50:13.994937+00:00,ATLASQUANT_MODEL_PAPER_V1,55160ff00dbc40a263856d0e,8ca3b09e75f14fe795e70178,AMD,M15,2026-09-24T08:48:38.348356+00:00,🟢 AMD / PO3 EM DISTRIBUIÇÃO,100.0,"{""acc_high"": 0.56823, ""acc_low"": 0.56725, ""manipulation_side"": ""BSL"", ""phase"": ""DISTRIBUIÇÃO"", ""score"": 100.0, ""status"": ""🟢 AMD / PO3 EM DISTRIBUIÇÃO"", ""target"": 0.56725}",False,🟡 DIREÇÃO CONFIRMADA — AGUARDAR EXECUÇÃO,,Gate ainda não liberou execução | ICT incompleto (70/100) | Fluxo institucional incompleto (51/100) | M15 ainda não confirmou gatilho,True,M15,1.0,SOURCE_EQUALS_EXECUTION,,,,,,
5f928421f0d4c132383dd7f4,5f928421f0d4c132383dd7f4,USD/CAD,BUY,crt,SOURCE_MODEL_EXPLICIT,BLOCKED_CONTEXT,,2026-09-24T08:48:38.348356+00:00,,,,,,,2.0,,,,,,,,,89.0,91.0,89.9,🟢 CONFIRMA,🟢 PULLBACK OK,🔴 SEM GATILHO,64.2,62.3,B,77.0,24.66063348415852,NORMAL,1.4834673,1.4834673,True,100.0,TENDÊNCIA ALTISTA,TENDÊNCIA ALTISTA,London Killzone,False,"Candidato observado, mas não qualificado para simulação pelo contexto global.",2026-09-24T08:50:13.994937+00:00,2026-09-24T08:50:13.994937+00:00,ATLASQUANT_MODEL_PAPER_V1,045f289e9732a82b2c56708a,5f928421f0d4c132383dd7f4,CRT,H1,2026-09-24T08:48:38.348356+00:00,🟢 CRT CONFIRMADO,100.0,"{""anchor_high"": 1.41071, ""anchor_low"": 1.41006, ""invalidation"": 1.40991, ""phase"": ""DISTRIBUIÇÃO"", ""raid_side"": ""SSL"", ""score"": 100.0, ""status"": ""🟢 CRT CONFIRMADO"", ""target"": 1.41071}",False,🟡 DIREÇÃO CONFIRMADA — AGUARDAR EXECUÇÃO,,ICT incompleto (64/100) | Fluxo institucional incompleto (62/100),True,H1,1.0,SOURCE_EQUALS_EXECUTION,,,,,,
82299654e2d531396ea691de,82299654e2d531396ea691de,USD/CHF,BUY,amd-po3,SOURCE_MODEL_EXPLICIT,BLOCKED_CONTEXT,,2026-09-24T08:48:38.348356+00:00,,,,,,,2.0,,,,,,,,,89.0,91.0,89.9,🟢 CONFIRMA,🟢 PULLBACK OK,🟡 AGUARDAR GATILHO,78.5,68.5,B,72.0,132.4698686814188,NORMAL,1.4606082166666667,1.4606082166666667,True,100.0,TENDÊNCIA ALTISTA,EXPANSÃO DOS DOIS LADOS,London Killzone,False,"Candidato observado, mas não qualificado para simulação pelo contexto global.",2026-09-24T08:50:13.994937+00:00,2026-09-24T08:50:13.994937+00:00,ATLASQUANT_MODEL_PAPER_V1,8f79194093cb8ab3a27c624b,82299654e2d531396ea691de,AMD,M15,2026-09-24T08:48:38.348356+00:00,🟢 AMD / PO3 EM DISTRIBUIÇÃO,100.0,"{""acc_high"": 0.82497, ""acc_low"": 0.82353, ""manipulation_side"": ""SSL"", ""phase"": ""DISTRIBUIÇÃO"", ""score"": 100.0, ""status"": ""🟢 AMD / PO3 EM DISTRIBUIÇÃO"", ""target"": 0.82497}",False,🔴 BLOQUEADO,ADR14 muito esticado (132%),ADR14 em 132%: evitar perseguir preço | Fluxo institucional incompleto (68/100) | M15 ainda não confirmou gatilho,True,M15,1.0,SOURCE_EQUALS_EXECUTION,,,,,,
0523b3e6b9fa7dad90159ac0,0523b3e6b9fa7dad90159ac0,USD/CHF,BUY,crt,SOURCE_MODEL_EXPLICIT,BLOCKED_CONTEXT,,2026-09-24T08:48:38.348356+00:00,,,,,,,2.0,,,,,,,,,89.0,91.0,89.9,🟢 CONFIRMA,🟢 PULLBACK OK,🟡 AGUARDAR GATILHO,78.5,68.5,B,72.0,132.4698686814188,NORMAL,1.4606082166666667,1.4606082166666667,True,100.0,TENDÊNCIA ALTISTA,EXPANSÃO DOS DOIS LADOS,London Killzone,False,"Candidato observado, mas não qualificado para simulação pelo contexto global.",2026-09-24T08:50:13.994937+00:00,2026-09-24T08:50:13.994937+00:00,ATLASQUANT_MODEL_PAPER_V1,6bd28d26552da6bf34760cab,0523b3e6b9fa7dad90159ac0,CRT,H1,2026-09-24T08:48:38.348356+00:00,🟢 CRT CONFIRMADO,100.0,"{""anchor_high"": 0.82491, ""anchor_low"": 0.82397, ""invalidation"": 0.82353, ""phase"": ""DISTRIBUIÇÃO"", ""raid_side"": ""SSL"", ""score"": 100.0, ""status"": ""🟢 CRT CONFIRMADO"", ""target"": 0.82491}",False,🔴 BLOQUEADO,ADR14 muito esticado (132%),ADR14 em 132%: evitar perseguir preço | Fluxo institucional incompleto (68/100),True,H1,1.0,SOURCE_EQUALS_EXECUTION,,,,,,
7f93228474442d274846e30a,7f93228474442d274846e30a,EUR/USD,SELL,amd-po3,SOURCE_MODEL_EXPLICIT,BLOCKED_CONTEXT,,2026-09-24T09:47:47.713173+00:00,,,,,,,2.0,,,,,,,,,91.0,70.0,82.5,🟢 CONFIRMA,🟡 ALINHADO,🟡 AGUARDAR GATILHO,69.5,70.9,WAIT,58.0,62.055070517125415,NORMAL,1.6589242333333334,1.6589242333333334,True,100.0,TENDÊNCIA BAIXISTA,COMPRESSÃO,,False,"Candidato observado, mas não qualificado para simulação pelo contexto global.",2026-09-24T09:49:32.520726+00:00,2026-09-24T09:49:32.520726+00:00,ATLASQUANT_MODEL_PAPER_V1,5a7a11da704444fc720b0300,7f93228474442d274846e30a,AMD,M15,2026-09-24T09:47:47.713173+00:00,🟢 AMD / PO3 EM DISTRIBUIÇÃO,100.0,"{""acc_high"": 1.13936, ""acc_low"": 1.13762, ""manipulation_side"": ""BSL"", ""phase"": ""DISTRIBUIÇÃO"", ""score"": 100.0, ""status"": ""🟢 AMD / PO3 EM DISTRIBUIÇÃO"", ""target"": 1.13762}",False,⚪ EM OBSERVAÇÃO,,Gate ainda não liberou execução | ICT incompleto (70/100) | M15 ainda não confirmou gatilho,True,M15,1.0,SOURCE_EQUALS_EXECUTION,,,,,,
3c84d54889c809816bc4f5ee,3c84d54889c809816bc4f5ee,EUR/USD,SELL,bos-choch-ob,SOURCE_MODEL_EXPLICIT,BLOCKED_CONTEXT,,2026-09-24T09:47:47.713173+00:00,,,,,,,2.0,,,,,,,,,91.0,70.0,82.5,🟢 CONFIRMA,🟡 ALINHADO,🟡 AGUARDAR GATILHO,69.5,70.9,WAIT,58.0,62.055070517125415,NORMAL,1.6589242333333334,1.6589242333333334,True,100.0,TENDÊNCIA BAIXISTA,COMPRESSÃO,,False,"Candidato observado, mas não qualificado para simulação pelo contexto global.",2026-09-24T09:49:32.520726+00:00,2026-09-24T09:49:32.520726+00:00,ATLASQUANT_MODEL_PAPER_V1,4469ae0ceff160719e590a7c,3c84d54889c809816bc4f5ee,BOS_CHOCH_OB,M15,2026-09-24T09:47:47.713173+00:00,CHOCH + 🟡 ORDER BLOCK ATIVO,68.0,"{""break_time"": ""2026-09-24T09:00:00+00:00"", ""invalidated"": false, ""mitigation_depth_pct"": 0.0, ""order_block_side"": ""SELL"", ""order_block_status"": ""🟡 ORDER BLOCK ATIVO"", ""origin_time"": ""2026-09-24T07:45:00+00:00"", ""structure_event"": ""CHOCH"", ""structure_level"": 1.13829, ""structure_side"": ""SELL"", ""structure_status"": ""🟢 CHOCH CONFIRMADO"", ""zone_high"": 1.13983, ""zone_low"": 1.13924}",False,⚪ EM OBSERVAÇÃO,,Gate ainda não liberou execução | ICT incompleto (70/100) | M15 ainda não confirmou gatilho,True,M15,1.0,SOURCE_EQUALS_EXECUTION,,,,,,
1aad4791dd099a94ad4ac99a,1aad4791dd099a94ad4ac99a,NZD/USD,SELL,amd-po3,SOURCE_MODEL_EXPLICIT,BLOCKED_CONTEXT,,2026-09-24T09:47:47.713173+00:00,,,,,,,2.0,,,,,,,,,84.0,91.0,87.1,🟢 CONFIRMA,🟢 PULLBACK OK,🟢 GATILHO,69.5,67.6,WAIT,50.0,37.59590792838904,NORMAL,1.6864172666666666,1.6864172666666666,True,100.0,TENDÊNCIA BAIXISTA,EQUILÍBRIO / LIQUIDEZ,,False,"Candidato observado, mas não qualificado para simulação pelo contexto global.",2026-09-24T09:49:32.520726+00:00,2026-09-24T09:49:32.520726+00:00,ATLASQUANT_MODEL_PAPER_V1,0e7fab6ad93b1523ec8bb301,1aad4791dd099a94ad4ac99a,AMD,M15,2026-09-24T09:47:47.713173+00:00,🟢 AMD / PO3 EM DISTRIBUIÇÃO,100.0,"{""acc_high"": 0.56826, ""acc_low"": 0.56725, ""manipulation_side"": ""BSL"", ""phase"": ""DISTRIBUIÇÃO"", ""score"": 100.0, ""status"": ""🟢 AMD / PO3 EM DISTRIBUIÇÃO"", ""target"": 0.56725}",False,🟡 DIREÇÃO CONFIRMADA — AGUARDAR EXECUÇÃO,,Gate ainda não liberou execução | ICT incompleto (70/100) | Fluxo institucional incompleto (68/100),True,M15,1.0,SOURCE_EQUALS_EXECUTION,,,,,,
f9646f1ec0db925d59624cdb,f9646f1ec0db925d59624cdb,USD/CAD,BUY,amd-po3,SOURCE_MODEL_EXPLICIT,BLOCKED_CONTEXT,,2026-09-24T09:47:47.713173+00:00,,,,,,,2.0,,,,,,,,,89.0,91.0,89.9,🟢 CONFIRMA,🟢 PULLBACK OK,🟡 AGUARDAR GATILHO,50.8,59.6,B,77.0,28.280542986424564,NORMAL,1.6050268333333333,1.6050268333333333,True,100.0,TENDÊNCIA ALTISTA,TENDÊNCIA ALTISTA,,False,"Candidato observado, mas não qualificado para simulação pelo contexto global.",2026-09-24T09:49:32.520726+00:00,2026-09-24T09:49:32.520726+00:00,ATLASQUANT_MODEL_PAPER_V1,129711e56e7d30b34d3aedd5,f9646f1ec0db925d59624cdb,AMD,M15,2026-09-24T09:47:47.713173+00:00,🟢 AMD / PO3 EM DISTRIBUIÇÃO,100.0,"{""acc_high"": 1.41087, ""acc_low"": 1.40991, ""manipulation_side"": ""SSL"", ""phase"": ""DISTRIBUIÇÃO"", ""score"": 100.0, ""status"": ""🟢 AMD / PO3 EM DISTRIBUIÇÃO"", ""target"": 1.41087}",False,🟡 DIREÇÃO CONFIRMADA — AGUARDAR EXECUÇÃO,,ICT incompleto (51/100) | Fluxo institucional incompleto (60/100) | M15 ainda não confirmou gatilho,True,M15,1.0,SOURCE_EQUALS_EXECUTION,,,,,,
935d60cac95aa120818cc62a,935d60cac95aa120818cc62a,USD/CHF,BUY,crt,SOURCE_MODEL_EXPLICIT,BLOCKED_CONTEXT,,2026-09-24T09:47:47.713173+00:00,,,,,,,2.0,,,,,,,,,89.0,91.0,89.9,🟢 CONFIRMA,🟢 PULLBACK OK,🟡 AGUARDAR GATILHO,60.5,54.8,B,65.0,141.78809138334316,NORMAL,1.5775977166666666,1.5775977166666666,True,100.0,TENDÊNCIA ALTISTA,EXPANSÃO DOS DOIS LADOS,,False,"Candidato observado, mas não qualificado para simulação pelo contexto global.",2026-09-24T09:49:32.520726+00:00,2026-09-24T09:49:32.520726+00:00,ATLASQUANT_MODEL_PAPER_V1,59916f6a09ac3281fdf30c8d,935d60cac95aa120818cc62a,CRT,H1,2026-09-24T09:47:47.713173+00:00,🟢 CRT CONFIRMADO,100.0,"{""anchor_high"": 0.82497, ""anchor_low"": 0.82353, ""invalidation"": 0.82287, ""phase"": ""DISTRIBUIÇÃO"", ""raid_side"": ""SSL"", ""score"": 100.0, ""status"": ""🟢 CRT CONFIRMADO"", ""target"": 0.82497}",False,🔴 BLOQUEADO,ADR14 muito esticado (142%),ADR14 em 142%: evitar perseguir preço | ICT incompleto (60/100) | Fluxo institucional incompleto (55/100),True,H1,1.0,SOURCE_EQUALS_EXECUTION,,,,,,
12774a6aefe5c09b421dde31,12774a6aefe5c09b421dde31,USD/JPY,BUY,amd-po3,SOURCE_MODEL_EXPLICIT,BLOCKED_CONTEXT,,2026-09-24T09:47:47.713173+00:00,,,,,,,2.0,,,,,,,,,90.0,84.0,87.2,🟢 CONFIRMA,🟢 PULLBACK OK,🟢 GATILHO,57.5,64.7,WAIT,50.0,82.525203756344,NORMAL,0.6826074666666667,0.6826074666666667,True,100.0,TENDÊNCIA ALTISTA,EQUILÍBRIO / LIQUIDEZ,,False,"Candidato observado, mas não qualificado para simulação pelo contexto global.",2026-09-24T09:49:32.520726+00:00,2026-09-24T09:49:32.520726+00:00,ATLASQUANT_MODEL_PAPER_V1,a76fe8a8b6daa2d741e60cb5,12774a6aefe5c09b421dde31,AMD,M15,2026-09-24T09:47:47.713173+00:00,🟢 AMD / PO3 EM DISTRIBUIÇÃO,100.0,"{""acc_high"": 158.48523, ""acc_low"": 158.14822, ""manipulation_side"": ""SSL"", ""phase"": ""DISTRIBUIÇÃO"", ""score"": 100.0, ""status"": ""🟢 AMD / PO3 EM DISTRIBUIÇÃO"", ""target"": 158.48523}",False,🟡 DIREÇÃO CONFIRMADA — AGUARDAR EXECUÇÃO,,Gate ainda não liberou execução | ICT incompleto (58/100) | Fluxo institucional incompleto (65/100),True,M15,1.0,SOURCE_EQUALS_EXECUTION,,,,,,
31ab885f6aa62f4a365fbd3b,31ab885f6aa62f4a365fbd3b,USD/JPY,BUY,bos-choch-ob,SOURCE_MODEL_EXPLICIT,BLOCKED_CONTEXT,,2026-09-24T09:47:47.713173+00:00,,,,,,,2.0,,,,,,,,,90.0,84.0,87.2,🟢 CONFIRMA,🟢 PULLBACK OK,🟢 GATILHO,57.5,64.7,WAIT,50.0,82.525203756344,NORMAL,0.6826074666666667,0.6826074666666667,True,100.0,TENDÊNCIA ALTISTA,EQUILÍBRIO / LIQUIDEZ,,False,"Candidato observado, mas não qualificado para simulação pelo contexto global.",2026-09-24T09:49:32.520726+00:00,2026-09-24T09:49:32.520726+00:00,ATLASQUANT_MODEL_PAPER_V1,35b126e1e0767525bcea6abd,31ab885f6aa62f4a365fbd3b,BOS_CHOCH_OB,M15,2026-09-24T09:47:47.713173+00:00,BOS + 🟡 ORDER BLOCK ATIVO,68.0,"{""break_time"": ""2026-09-24T09:00:00+00:00"", ""invalidated"": false, ""mitigation_depth_pct"": 0.0, ""order_block_side"": ""BUY"", ""order_block_status"": ""🟡 ORDER BLOCK ATIVO"", ""origin_time"": ""2026-09-24T08:30:00+00:00"", ""structure_event"": ""BOS"", ""structure_level"": 158.48523, ""structure_side"": ""BUY"", ""structure_status"": ""🟢 BOS CONFIRMADO"", ""zone_high"": 158.43501, ""zone_low"": 158.33184}",False,🟡 DIREÇÃO CONFIRMADA — AGUARDAR EXECUÇÃO,,Gate ainda não liberou execução | ICT incompleto (58/100) | Fluxo institucional incompleto (65/100),True,M15,1.0,SOURCE_EQUALS_EXECUTION,,,,,,
99a056466e2794114557cb85,99a056466e2794114557cb85,EUR/USD,SELL,crt,SOURCE_MODEL_EXPLICIT,BLOCKED_CONTEXT,,2026-09-24T10:47:56.763287+00:00,,,,,,,2.0,,,,,,,,,91.0,70.0,82.5,🟢 CONFIRMA,🟢 PULLBACK OK,🟡 AGUARDAR GATILHO,60.5,72.5,WAIT,50.0,85.32572196104874,NORMAL,1.6486681666666667,1.6486681666666667,True,100.0,TENDÊNCIA BAIXISTA,COMPRESSÃO,,False,"Candidato observado, mas não qualificado para simulação pelo contexto global.",2026-09-24T10:49:40.927347+00:00,2026-09-24T10:49:40.927347+00:00,ATLASQUANT_MODEL_PAPER_V1,bf71c79acf3069e3a6b9ea9f,99a056466e2794114557cb85,CRT,H1,2026-09-24T10:47:56.763287+00:00,🟢 CRT CONFIRMADO,100.0,"{""anchor_high"": 1.13983, ""anchor_low"": 1.13829, ""invalidation"": 1.1399, ""phase"": ""DISTRIBUIÇÃO"", ""raid_side"": ""BSL"", ""score"": 100.0, ""status"": ""🟢 CRT CONFIRMADO"", ""target"": 1.13829}",False,🟡 DIREÇÃO CONFIRMADA — AGUARDAR EXECUÇÃO,,Gate ainda não liberou execução | ADR14 em 85%: espaço reduzido | ICT incompleto (60/100),True,H1,1.0,SOURCE_EQUALS_EXECUTION,,,,,,
686b77daee0ecc8ab624f270,686b77daee0ecc8ab624f270,USD/CAD,BUY,bos-choch-ob,SOURCE_MODEL_EXPLICIT,BLOCKED_CONTEXT,,2026-09-24T12:51:52.443624+00:00,,,,,,,2.0,,,,,,,,,89.0,91.0,89.9,🟢 CONFIRMA,🟢 PULLBACK OK,🟢 GATILHO,60.5,66.6,B,77.0,50.67873303166932,NORMAL,1.4157062833333331,1.4157062833333331,True,100.0,TENDÊNCIA ALTISTA,TENDÊNCIA ALTISTA,New York AM,False,"Candidato observado, mas não qualificado para simulação pelo contexto global.",2026-09-24T12:53:24.126246+00:00,2026-09-24T12:53:24.126246+00:00,ATLASQUANT_MODEL_PAPER_V1,8bf78ca9a38f8fdd497733ab,686b77daee0ecc8ab624f270,BOS_CHOCH_OB,M15,2026-09-24T12:51:52.443624+00:00,BOS + 🟡 ORDER BLOCK ATIVO,68.0,"{""break_time"": ""2026-09-24T12:30:00+00:00"", ""invalidated"": false, ""mitigation_depth_pct"": 0.0, ""order_block_side"": ""BUY"", ""order_block_status"": ""🟡 ORDER BLOCK ATIVO"", ""origin_time"": ""2026-09-24T12:15:00+00:00"", ""structure_event"": ""BOS"", ""structure_level"": 1.41194, ""structure_side"": ""BUY"", ""structure_status"": ""🟢 BOS CONFIRMADO"", ""zone_high"": 1.41189, ""zone_low"": 1.41158}",False,🟡 DIREÇÃO CONFIRMADA — AGUARDAR EXECUÇÃO,,ICT incompleto (60/100) | Fluxo institucional incompleto (67/100),True,M15,1.0,SOURCE_EQUALS_EXECUTION,,,,,,
90104e9b5b4c6e3d38906484,90104e9b5b4c6e3d38906484,USD/CAD,BUY,crt,SOURCE_MODEL_EXPLICIT,BLOCKED_CONTEXT,,2026-09-24T12:51:52.443624+00:00,,,,,,,2.0,,,,,,,,,89.0,91.0,89.9,🟢 CONFIRMA,🟢 PULLBACK OK,🟢 GATILHO,60.5,66.6,B,77.0,50.67873303166932,NORMAL,1.4157062833333331,1.4157062833333331,True,100.0,TENDÊNCIA ALTISTA,TENDÊNCIA ALTISTA,New York AM,False,"Candidato observado, mas não qualificado para simulação pelo contexto global.",2026-09-24T12:53:24.126246+00:00,2026-09-24T12:53:24.126246+00:00,ATLASQUANT_MODEL_PAPER_V1,a9fc53f2db9b7bd5607a41d0,90104e9b5b4c6e3d38906484,CRT,H1,2026-09-24T12:51:52.443624+00:00,🟢 CRT CONFIRMADO,100.0,"{""anchor_high"": 1.41104, ""anchor_low"": 1.41049, ""invalidation"": 1.41022, ""phase"": ""DISTRIBUIÇÃO"", ""raid_side"": ""SSL"", ""score"": 100.0, ""status"": ""🟢 CRT CONFIRMADO"", ""target"": 1.41104}",False,🟡 DIREÇÃO CONFIRMADA — AGUARDAR EXECUÇÃO,,ICT incompleto (60/100) | Fluxo institucional incompleto (67/100),True,H1,1.0,SOURCE_EQUALS_EXECUTION,,,,,,
a26af0d9d1b0185d3b2cf7d4,a26af0d9d1b0185d3b2cf7d4,EUR/USD,SELL,amd-po3,SOURCE_MODEL_EXPLICIT,BLOCKED_CONTEXT,,2026-09-24T13:49:29.908604+00:00,,,,,,,2.0,,,,,,,,,91.0,70.0,82.5,🟢 CONFIRMA,🟢 PULLBACK OK,🟡 AGUARDAR GATILHO,57.5,72.2,WAIT,57.0,91.90732034922492,NORMAL,1.7911799166666666,1.7911799166666666,True,100.0,TENDÊNCIA BAIXISTA,COMPRESSÃO,New York AM,False,"Candidato observado, mas não qualificado para simulação pelo contexto global.",2026-09-24T13:51:22.240778+00:00,2026-09-24T13:51:22.240778+00:00,ATLASQUANT_MODEL_PAPER_V1,8ee2d7cdd3cec90902cfbf71,a26af0d9d1b0185d3b2cf7d4,AMD,M15,2026-09-24T13:49:29.908604+00:00,🟢 AMD / PO3 EM DISTRIBUIÇÃO,100.0,"{""acc_high"": 1.13775, ""acc_low"": 1.13627, ""manipulation_side"": ""BSL"", ""phase"": ""DISTRIBUIÇÃO"", ""score"": 100.0, ""status"": ""🟢 AMD / PO3 EM DISTRIBUIÇÃO"", ""target"": 1.13627}",False,🟡 DIREÇÃO CONFIRMADA — AGUARDAR EXECUÇÃO,,Gate ainda não liberou execução | ADR14 em 92%: espaço reduzido | ICT incompleto (58/100) | M15 ainda não confirmou gatilho,True,M15,1.0,SOURCE_EQUALS_EXECUTION,,,,,,
435c2dffb6762aebb7ec114c,435c2dffb6762aebb7ec114c,GBP/USD,SELL,amd-po3,SOURCE_MODEL_EXPLICIT,BLOCKED_CONTEXT,,2026-09-24T13:49:29.908604+00:00,,,,,,,2.0,,,,,,,,,68.0,70.0,69.1,🟢 CONFIRMA,🟢 PULLBACK OK,🟡 AGUARDAR GATILHO,50.8,55.0,WAIT,27.0,74.04870624048738,NORMAL,1.8453280833333328,1.8453280833333328,True,100.0,EXPANSÃO DOS DOIS LADOS,TENDÊNCIA ALTISTA,New York AM,False,"Candidato observado, mas não qualificado para simulação pelo contexto global.",2026-09-24T13:51:22.240778+00:00,2026-09-24T13:51:22.240778+00:00,ATLASQUANT_MODEL_PAPER_V1,22f96d579773c186fc8a1806,435c2dffb6762aebb7ec114c,AMD,M15,2026-09-24T13:49:29.908604+00:00,🟢 AMD / PO3 EM DISTRIBUIÇÃO,100.0,"{""acc_high"": 1.32321, ""acc_low"": 1.32151, ""manipulation_side"": ""BSL"", ""phase"": ""DISTRIBUIÇÃO"", ""score"": 100.0, ""status"": ""🟢 AMD / PO3 EM DISTRIBUIÇÃO"", ""target"": 1.32151}",False,⚪ EM OBSERVAÇÃO,,Gate ainda não liberou execução | ICT incompleto (51/100) | Fluxo institucional incompleto (55/100) | M15 ainda não confirmou gatilho,True,M15,1.0,SOURCE_EQUALS_EXECUTION,,,,,,
3133e3131b8fc32db0e9becc,3133e3131b8fc32db0e9becc,NZD/USD,SELL,amd-po3,SOURCE_MODEL_EXPLICIT,BLOCKED_CONTEXT,,2026-09-24T13:49:29.908604+00:00,,,,,,,2.0,,,,,,,,,84.0,91.0,87.1,🟢 CONFIRMA,🟢 PULLBACK OK,🟡 AGUARDAR GATILHO,57.5,53.5,WAIT,57.0,44.98081841432123,NORMAL,1.8198503833333333,1.8198503833333333,True,100.0,TENDÊNCIA BAIXISTA,EQUILÍBRIO / LIQUIDEZ,New York AM,False,"Candidato observado, mas não qualificado para simulação pelo contexto global.",2026-09-24T13:51:22.240778+00:00,2026-09-24T13:51:22.240778+00:00,ATLASQUANT_MODEL_PAPER_V1,e1ecae9c53388645f9acd273,3133e3131b8fc32db0e9becc,AMD,M15,2026-09-24T13:49:29.908604+00:00,🟢 AMD / PO3 EM DISTRIBUIÇÃO,100.0,"{""acc_high"": 0.5674, ""acc_low"": 0.56669, ""manipulation_side"": ""BSL"", ""phase"": ""DISTRIBUIÇÃO"", ""score"": 100.0, ""status"": ""🟢 AMD / PO3 EM DISTRIBUIÇÃO"", ""target"": 0.56669}",False,🟡 DIREÇÃO CONFIRMADA — AGUARDAR EXECUÇÃO,,Gate ainda não liberou execução | ICT incompleto (58/100) | Fluxo institucional incompleto (54/100) | M15 ainda não confirmou gatilho,True,M15,1.0,SOURCE_EQUALS_EXECUTION,,,,,,
98de746c5abfc5429cc24e51,98de746c5abfc5429cc24e51,USD/JPY,BUY,amd-po3,SOURCE_MODEL_EXPLICIT,BLOCKED_CONTEXT,,2026-09-24T13:49:29.908604+00:00,,,,,,,2.0,,,,,,,,,90.0,84.0,87.2,🟢 CONFIRMA,🟢 PULLBACK OK,🟡 AGUARDAR GATILHO,69.5,51.9,WAIT,57.0,92.6633647854046,NORMAL,0.8087947833333333,0.8087947833333333,True,100.0,TENDÊNCIA ALTISTA,EQUILÍBRIO / LIQUIDEZ,New York AM,False,"Candidato observado, mas não qualificado para simulação pelo contexto global.",2026-09-24T13:51:22.240778+00:00,2026-09-24T13:51:22.240778+00:00,ATLASQUANT_MODEL_PAPER_V1,3f9c2b0f76515cd2799e66a3,98de746c5abfc5429cc24e51,AMD,M15,2026-09-24T13:49:29.908604+00:00,🟢 AMD / PO3 EM DISTRIBUIÇÃO,100.0,"{""acc_high"": 158.87987, ""acc_low"": 158.67521, ""manipulation_side"": ""SSL"", ""phase"": ""DISTRIBUIÇÃO"", ""score"": 100.0, ""status"": ""🟢 AMD / PO3 EM DISTRIBUIÇÃO"", ""target"": 158.87987}",False,🟡 DIREÇÃO CONFIRMADA — AGUARDAR EXECUÇÃO,,Gate ainda não liberou execução | ADR14 em 93%: espaço reduzido | ICT incompleto (70/100) | Fluxo institucional incompleto (52/100) | M15 ainda não confirmou gatilho,True,M15,1.0,SOURCE_EQUALS_EXECUTION,,,,,,
dc458917c9b8387fcb05d24c,dc458917c9b8387fcb05d24c,GBP/USD,SELL,amd-po3,SOURCE_MODEL_EXPLICIT,BLOCKED_CONTEXT,,2026-09-24T14:49:48.177559+00:00,,,,,,,2.0,,,,,,,,,68.0,70.0,69.1,🟢 CONFIRMA,🟢 PULLBACK OK,🟢 GATILHO,57.5,67.5,WAIT,27.0,80.61897513952309,NORMAL,1.6125841333333333,1.6125841333333333,True,100.0,EXPANSÃO DOS DOIS LADOS,TENDÊNCIA ALTISTA,London Close,False,"Candidato observado, mas não qualificado para simulação pelo contexto global.",2026-09-24T14:51:26.554902+00:00,2026-09-24T14:51:26.554902+00:00,ATLASQUANT_MODEL_PAPER_V1,3c32c5c0fd06f5380544261b,dc458917c9b8387fcb05d24c,AMD,M15,2026-09-24T14:49:48.177559+00:00,🟢 AMD / PO3 EM DISTRIBUIÇÃO,100.0,"{""acc_high"": 1.32321, ""acc_low"": 1.32158, ""manipulation_side"": ""BSL"", ""phase"": ""DISTRIBUIÇÃO"", ""score"": 100.0, ""status"": ""🟢 AMD / PO3 EM DISTRIBUIÇÃO"", ""target"": 1.32158}",False,⚪ EM OBSERVAÇÃO,,Gate ainda não liberou execução | ICT incompleto (58/100) | Fluxo institucional incompleto (68/100),True,M15,1.0,SOURCE_EQUALS_EXECUTION,,,,,,
068bd2461b27efd13f741ebc,068bd2461b27efd13f741ebc,NZD/USD,SELL,amd-po3,SOURCE_MODEL_EXPLICIT,BLOCKED_CONTEXT,,2026-09-24T14:49:48.177559+00:00,,,,,,,2.0,,,,,,,,,84.0,91.0,87.1,🟢 CONFIRMA,🟢 PULLBACK OK,🟢 GATILHO,57.5,62.6,WAIT,57.0,59.97442455242996,NORMAL,1.5868035166666667,1.5868035166666667,True,100.0,TENDÊNCIA BAIXISTA,EQUILÍBRIO / LIQUIDEZ,London Close,False,"Candidato observado, mas não qualificado para simulação pelo contexto global.",2026-09-24T14:51:26.554902+00:00,2026-09-24T14:51:26.554902+00:00,ATLASQUANT_MODEL_PAPER_V1,037ad72b6aaa023d54b2f58f,068bd2461b27efd13f741ebc,AMD,M15,2026-09-24T14:49:48.177559+00:00,🟢 AMD / PO3 EM DISTRIBUIÇÃO,100.0,"{""acc_high"": 0.5674, ""acc_low"": 0.56658, ""manipulation_side"": ""BSL"", ""phase"": ""DISTRIBUIÇÃO"", ""score"": 100.0, ""status"": ""🟢 AMD / PO3 EM DISTRIBUIÇÃO"", ""target"": 0.56658}",False,🟡 DIREÇÃO CONFIRMADA — AGUARDAR EXECUÇÃO,,Gate ainda não liberou execução | ICT incompleto (58/100) | Fluxo institucional incompleto (63/100),True,M15,1.0,SOURCE_EQUALS_EXECUTION,,,,,,
dfe25cc7e7e366efaec15b92,dfe25cc7e7e366efaec15b92,USD/JPY,BUY,amd-po3,SOURCE_MODEL_EXPLICIT,BLOCKED_CONTEXT,,2026-09-24T14:49:48.177559+00:00,,,,,,,2.0,,,,,,,,,90.0,84.0,87.2,🟢 CONFIRMA,🟢 PULLBACK OK,🟡 AGUARDAR GATILHO,50.8,51.9,WAIT,57.0,95.40740077569797,NORMAL,0.5751137166666667,0.5751137166666667,True,100.0,TENDÊNCIA ALTISTA,EQUILÍBRIO / LIQUIDEZ,London Close,False,"Candidato observado, mas não qualificado para simulação pelo contexto global.",2026-09-24T14:51:26.554902+00:00,2026-09-24T14:51:26.554902+00:00,ATLASQUANT_MODEL_PAPER_V1,6fbb1ad0df2a993a31d79237,dfe25cc7e7e366efaec15b92,AMD,M15,2026-09-24T14:49:48.177559+00:00,🟢 AMD / PO3 EM DISTRIBUIÇÃO,100.0,"{""acc_high"": 158.8824, ""acc_low"": 158.67521, ""manipulation_side"": ""SSL"", ""phase"": ""DISTRIBUIÇÃO"", ""score"": 100.0, ""status"": ""🟢 AMD / PO3 EM DISTRIBUIÇÃO"", ""target"": 158.8824}",False,🟡 DIREÇÃO CONFIRMADA — AGUARDAR EXECUÇÃO,,Gate ainda não liberou execução | ADR14 em 95%: evitar perseguir preço | ICT incompleto (51/100) | Fluxo institucional incompleto (52/100) | M15 ainda não confirmou gatilho,True,M15,1.0,SOURCE_EQUALS_EXECUTION,,,,,,
42a3e9e0f95d0380075cae2c,42a3e9e0f95d0380075cae2c,USD/CAD,BUY,bos-choch-ob,SOURCE_MODEL_EXPLICIT,BLOCKED_CONTEXT,,2026-09-24T15:48:29.310739+00:00,,,,,,,2.0,,,,,,,,,89.0,91.0,89.9,🟢 CONFIRMA,🟢 PULLBACK OK,🟡 AGUARDAR GATILHO,39.5,72.9,B,77.0,116.06334841628563,NORMAL,1.54419875,1.54419875,True,100.0,TENDÊNCIA ALTISTA,TENDÊNCIA ALTISTA,London Close,False,"Candidato observado, mas não qualificado para simulação pelo contexto global.",2026-09-24T15:50:10.154096+00:00,2026-09-24T15:50:10.154096+00:00,ATLASQUANT_MODEL_PAPER_V1,4b4bdce78f3595b535af7c2a,42a3e9e0f95d0380075cae2c,BOS_CHOCH_OB,M15,2026-09-24T15:48:29.310739+00:00,BOS + 🟡 ORDER BLOCK ATIVO,68.0,"{""break_time"": ""2026-09-24T15:00:00+00:00"", ""invalidated"": false, ""mitigation_depth_pct"": 0.0, ""order_block_side"": ""BUY"", ""order_block_status"": ""🟡 ORDER BLOCK ATIVO"", ""origin_time"": ""2026-09-24T14:30:00+00:00"", ""structure_event"": ""BOS"", ""structure_level"": 1.41413, ""structure_side"": ""BUY"", ""structure_status"": ""🟢 BOS CONFIRMADO"", ""zone_high"": 1.414, ""zone_low"": 1.41352}",False,🔴 BLOQUEADO,ADR14 muito esticado (116%),ADR14 em 116%: evitar perseguir preço | ICT incompleto (40/100) | M15 ainda não confirmou gatilho,True,M15,1.0,SOURCE_EQUALS_EXECUTION,,,,,,
388fb182f636822fbadcba96,388fb182f636822fbadcba96,USD/JPY,BUY,crt,SOURCE_MODEL_EXPLICIT,BLOCKED_CONTEXT,,2026-09-24T15:48:29.310739+00:00,,,,,,,2.0,,,,,,,,,90.0,84.0,87.2,🟢 CONFIRMA,🟢 PULLBACK OK,🟡 AGUARDAR GATILHO,64.2,62.0,WAIT,57.0,105.03525168584694,NORMAL,0.6185507833333334,0.6185507833333334,True,100.0,TENDÊNCIA ALTISTA,EQUILÍBRIO / LIQUIDEZ,London Close,False,"Candidato observado, mas não qualificado para simulação pelo contexto global.",2026-09-24T15:50:10.154096+00:00,2026-09-24T15:50:10.154096+00:00,ATLASQUANT_MODEL_PAPER_V1,7922d1bb3b6f2bee79cd6d68,388fb182f636822fbadcba96,CRT,H1,2026-09-24T15:48:29.310739+00:00,🟢 CRT CONFIRMADO,100.0,"{""anchor_high"": 158.87682, ""anchor_low"": 158.68792, ""invalidation"": 158.61884, ""phase"": ""DISTRIBUIÇÃO"", ""raid_side"": ""SSL"", ""score"": 100.0, ""status"": ""🟢 CRT CONFIRMADO"", ""target"": 158.87682}",False,🟡 DIREÇÃO CONFIRMADA — AGUARDAR EXECUÇÃO,,Gate ainda não liberou execução | ADR14 em 105%: evitar perseguir preço | ICT incompleto (64/100) | Fluxo institucional incompleto (62/100),True,H1,1.0,SOURCE_EQUALS_EXECUTION,,,,,,
e04fb8bd3c9db39bd5b55921,e04fb8bd3c9db39bd5b55921,USD/JPY,BUY,fvg,SOURCE_MODEL_EXPLICIT,BLOCKED_CONTEXT,,2026-09-24T15:48:29.310739+00:00,,,,,,,2.0,,,,,,,,,90.0,84.0,87.2,🟢 CONFIRMA,🟢 PULLBACK OK,🟡 AGUARDAR GATILHO,64.2,62.0,WAIT,57.0,105.03525168584694,NORMAL,0.6185507833333334,0.6185507833333334,True,100.0,TENDÊNCIA ALTISTA,EQUILÍBRIO / LIQUIDEZ,London Close,False,"Candidato observado, mas não qualificado para simulação pelo contexto global.",2026-09-24T15:50:10.154096+00:00,2026-09-24T15:50:10.154096+00:00,ATLASQUANT_MODEL_PAPER_V1,54334c19adf13d8eed5d2f10,e04fb8bd3c9db39bd5b55921,FVG,M15,2026-09-24T15:48:29.310739+00:00,🟢 FVG EM TESTE,90.0,"{""price"": 158.92367, ""score"": 90.0, ""status"": ""🟢 FVG EM TESTE"", ""zone_high"": 158.95331, ""zone_low"": 158.90619}",False,🟡 DIREÇÃO CONFIRMADA — AGUARDAR EXECUÇÃO,,Gate ainda não liberou execução | ADR14 em 105%: evitar perseguir preço | ICT incompleto (64/100) | Fluxo institucional incompleto (62/100) | M15 ainda não confirmou gatilho,True,M15,1.0,SOURCE_EQUALS_EXECUTION,,,,,,
60cd32be184732a473b993a9,60cd32be184732a473b993a9,EUR/USD,SELL,amd-po3,SOURCE_MODEL_EXPLICIT,BLOCKED_CONTEXT,,2026-09-24T17:45:57.411426+00:00,,,,,,,2.0,,,,,,,,,91.0,70.0,82.5,🟢 CONFIRMA,🟢 PULLBACK OK,🔴 SEM GATILHO,57.5,68.2,B,65.0,91.90732034922492,NORMAL,1.6808266833333334,1.6808266833333334,True,100.0,TENDÊNCIA BAIXISTA,COMPRESSÃO,New York PM,False,"Candidato observado, mas não qualificado para simulação pelo contexto global.",2026-09-24T17:47:44.014275+00:00,2026-09-24T17:47:44.014275+00:00,ATLASQUANT_MODEL_PAPER_V1,4112e08c32ed5607ddbf480a,60cd32be184732a473b993a9,AMD,M15,2026-09-24T17:45:57.411426+00:00,🟢 AMD / PO3 EM DISTRIBUIÇÃO,100.0,"{""acc_high"": 1.13792, ""acc_low"": 1.13641, ""manipulation_side"": ""BSL"", ""phase"": ""DISTRIBUIÇÃO"", ""score"": 100.0, ""status"": ""🟢 AMD / PO3 EM DISTRIBUIÇÃO"", ""target"": 1.13641}",False,🟡 DIREÇÃO CONFIRMADA — AGUARDAR EXECUÇÃO,,ADR14 em 92%: espaço reduzido | ICT incompleto (58/100) | Fluxo institucional incompleto (68/100) | M15 ainda não confirmou gatilho,True,M15,1.0,SOURCE_EQUALS_EXECUTION,,,,,,
954c93c4e9042c81233cc0ad,954c93c4e9042c81233cc0ad,GBP/USD,SELL,amd-po3,SOURCE_MODEL_EXPLICIT,BLOCKED_CONTEXT,,2026-09-24T17:45:57.411426+00:00,,,,,,,2.0,,,,,,,,,68.0,70.0,69.1,🟢 CONFIRMA,🟢 PULLBACK OK,🟢 GATILHO,57.5,58.3,WAIT,27.0,85.41349568746817,NORMAL,1.7446314833333332,1.7446314833333332,True,100.0,EXPANSÃO DOS DOIS LADOS,TENDÊNCIA ALTISTA,New York PM,False,"Candidato observado, mas não qualificado para simulação pelo contexto global.",2026-09-24T17:47:44.014275+00:00,2026-09-24T17:47:44.014275+00:00,ATLASQUANT_MODEL_PAPER_V1,11b66c5bf28cf9bf170b7c77,954c93c4e9042c81233cc0ad,AMD,M15,2026-09-24T17:45:57.411426+00:00,🟢 AMD / PO3 EM DISTRIBUIÇÃO,100.0,"{""acc_high"": 1.3227, ""acc_low"": 1.32102, ""manipulation_side"": ""BSL"", ""phase"": ""DISTRIBUIÇÃO"", ""score"": 100.0, ""status"": ""🟢 AMD / PO3 EM DISTRIBUIÇÃO"", ""target"": 1.32102}",False,⚪ EM OBSERVAÇÃO,,Gate ainda não liberou execução | ADR14 em 85%: espaço reduzido | ICT incompleto (58/100) | Fluxo institucional incompleto (58/100),True,M15,1.0,SOURCE_EQUALS_EXECUTION,,,,,,
4fcad0cf072ccac1dc4bac97,4fcad0cf072ccac1dc4bac97,USD/CAD,BUY,amd-po3,SOURCE_MODEL_EXPLICIT,BLOCKED_CONTEXT,,2026-09-24T17:45:57.411426+00:00,,,,,,,2.0,,,,,,,,,89.0,91.0,89.9,🟢 CONFIRMA,🟢 PULLBACK OK,🟢 GATILHO,57.5,55.9,B,77.0,116.06334841628563,NORMAL,1.6175542333333333,1.6175542333333333,True,100.0,TENDÊNCIA ALTISTA,TENDÊNCIA ALTISTA,New York PM,False,"Candidato observado, mas não qualificado para simulação pelo contexto global.",2026-09-24T17:47:44.014275+00:00,2026-09-24T17:47:44.014275+00:00,ATLASQUANT_MODEL_PAPER_V1,01f6aab79ab832faef5b5918,4fcad0cf072ccac1dc4bac97,AMD,M15,2026-09-24T17:45:57.411426+00:00,🟢 AMD / PO3 EM DISTRIBUIÇÃO,100.0,"{""acc_high"": 1.41492, ""acc_low"": 1.41321, ""manipulation_side"": ""SSL"", ""phase"": ""DISTRIBUIÇÃO"", ""score"": 100.0, ""status"": ""🟢 AMD / PO3 EM DISTRIBUIÇÃO"", ""target"": 1.41492}",False,🔴 BLOQUEADO,ADR14 muito esticado (116%),ADR14 em 116%: evitar perseguir preço | ICT incompleto (58/100) | Fluxo institucional incompleto (56/100),True,M15,1.0,SOURCE_EQUALS_EXECUTION,,,,,,
6df63465a9f26c052ce1328f,6df63465a9f26c052ce1328f,USD/CHF,BUY,amd-po3,SOURCE_MODEL_EXPLICIT,BLOCKED_CONTEXT,,2026-09-24T17:45:57.411426+00:00,,,,,,,2.0,,,,,,,,,89.0,91.0,89.9,🟢 CONFIRMA,🟢 PULLBACK OK,🟢 GATILHO,57.5,58.0,B,72.0,171.00197877315995,NORMAL,1.5877016333333331,1.5877016333333331,True,100.0,TENDÊNCIA ALTISTA,EXPANSÃO DOS DOIS LADOS,New York PM,False,"Candidato observado, mas não qualificado para simulação pelo contexto global.",2026-09-24T17:47:44.014275+00:00,2026-09-24T17:47:44.014275+00:00,ATLASQUANT_MODEL_PAPER_V1,28e2f640462c3ee258da4d70,6df63465a9f26c052ce1328f,AMD,M15,2026-09-24T17:45:57.411426+00:00,🟢 AMD / PO3 EM DISTRIBUIÇÃO,100.0,"{""acc_high"": 0.82966, ""acc_low"": 0.82725, ""manipulation_side"": ""SSL"", ""phase"": ""DISTRIBUIÇÃO"", ""score"": 100.0, ""status"": ""🟢 AMD / PO3 EM DISTRIBUIÇÃO"", ""target"": 0.82966}",False,🔴 BLOQUEADO,ADR14 muito esticado (171%),ADR14 em 171%: evitar perseguir preço | ICT incompleto (58/100) | Fluxo institucional incompleto (58/100),True,M15,1.0,SOURCE_EQUALS_EXECUTION,,,,,,
1c26a1f5436aae081c2e4ddf,1c26a1f5436aae081c2e4ddf,USD/JPY,BUY,amd-po3,SOURCE_MODEL_EXPLICIT,BLOCKED_CONTEXT,,2026-09-24T17:45:57.411426+00:00,,,,,,,2.0,,,,,,,,,90.0,84.0,87.2,🟢 CONFIRMA,🟡 ALINHADO,🟢 GATILHO,57.5,50.6,WAIT,57.0,105.03525168584694,NORMAL,0.7063633,0.7063633,True,100.0,TENDÊNCIA ALTISTA,EQUILÍBRIO / LIQUIDEZ,New York PM,False,"Candidato observado, mas não qualificado para simulação pelo contexto global.",2026-09-24T17:47:44.014275+00:00,2026-09-24T17:47:44.014275+00:00,ATLASQUANT_MODEL_PAPER_V1,cc9d4719e303089c06627994,1c26a1f5436aae081c2e4ddf,AMD,M15,2026-09-24T17:45:57.411426+00:00,🟢 AMD / PO3 EM DISTRIBUIÇÃO,100.0,"{""acc_high"": 159.02059, ""acc_low"": 158.6692, ""manipulation_side"": ""SSL"", ""phase"": ""DISTRIBUIÇÃO"", ""score"": 100.0, ""status"": ""🟢 AMD / PO3 EM DISTRIBUIÇÃO"", ""target"": 159.02059}",False,⚪ EM OBSERVAÇÃO,,Gate ainda não liberou execução | ADR14 em 105%: evitar perseguir preço | ICT incompleto (58/100) | Fluxo institucional incompleto (51/100),True,M15,1.0,SOURCE_EQUALS_EXECUTION,,,,,,
f3137f76481aff99d466bcd4,f3137f76481aff99d466bcd4,EUR/USD,SELL,fvg,SOURCE_MODEL_EXPLICIT,BLOCKED_CONTEXT,,2026-09-24T19:45:36.311087+00:00,,,,,,,2.0,,,,,,,,,91.0,70.0,82.5,🟢 CONFIRMA,🟢 PULLBACK OK,🔴 SEM GATILHO,43.2,53.6,WAIT,57.0,92.1423774345186,NORMAL,1.5268916833333332,1.5268916833333332,True,100.0,TENDÊNCIA BAIXISTA,COMPRESSÃO,New York PM,False,"Candidato observado, mas não qualificado para simulação pelo contexto global.",2026-09-24T19:47:11.707835+00:00,2026-09-24T19:47:11.707835+00:00,ATLASQUANT_MODEL_PAPER_V1,56eb652cd5655f21ac935c9e,f3137f76481aff99d466bcd4,FVG,M15,2026-09-24T19:45:36.311087+00:00,🟢 FVG EM TESTE,90.0,"{""price"": 1.13751, ""score"": 90.0, ""status"": ""🟢 FVG EM TESTE"", ""zone_high"": 1.13781, ""zone_low"": 1.13748}",False,🟡 DIREÇÃO CONFIRMADA — AGUARDAR EXECUÇÃO,,Gate ainda não liberou execução | ADR14 em 92%: espaço reduzido | ICT incompleto (43/100) | Fluxo institucional incompleto (54/100) | M15 ainda não confirmou gatilho,True,M15,1.0,SOURCE_EQUALS_EXECUTION,,,,,,
1c6671ad6dd3e3c99e4d3c58,1c6671ad6dd3e3c99e4d3c58,USD/CHF,BUY,fvg,SOURCE_MODEL_EXPLICIT,BLOCKED_CONTEXT,,2026-09-24T20:48:23.242955+00:00,,,,,,,2.0,,,,,,,,,89.0,91.0,89.9,🟢 CONFIRMA,🟢 PULLBACK OK,🔴 SEM GATILHO,43.2,60.1,B,65.0,171.00197877315995,NORMAL,1.6315187666666666,1.6315187666666666,True,100.0,TENDÊNCIA ALTISTA,EXPANSÃO DOS DOIS LADOS,,False,"Candidato observado, mas não qualificado para simulação pelo contexto global.",2026-09-24T20:50:11.277179+00:00,2026-09-24T20:50:11.277179+00:00,ATLASQUANT_MODEL_PAPER_V1,f344d0d0db75f2e9460d7297,1c6671ad6dd3e3c99e4d3c58,FVG,M15,2026-09-24T20:48:23.242955+00:00,🟢 FVG EM TESTE,90.0,"{""price"": 0.82812, ""score"": 90.0, ""status"": ""🟢 FVG EM TESTE"", ""zone_high"": 0.82812, ""zone_low"": 0.8281}",False,🔴 BLOQUEADO,ADR14 muito esticado (171%),ADR14 em 171%: evitar perseguir preço | ICT incompleto (43/100) | Fluxo institucional incompleto (60/100) | M15 ainda não confirmou gatilho,True,M15,1.0,SOURCE_EQUALS_EXECUTION,,,,,,
75d3073a1d167f5427a6a00c,75d3073a1d167f5427a6a00c,GBP/USD,SELL,crt,SOURCE_MODEL_EXPLICIT,BLOCKED_CONTEXT,,2026-09-24T22:45:25.443083+00:00,,,,,,,2.0,,,,,,,,,68.0,70.0,69.1,🟢 CONFIRMA,🟢 PULLBACK OK,🔴 SEM GATILHO,55.2,56.9,WAIT,20.0,92.33891425672044,NORMAL,1.5106153,1.5106153,True,100.0,EXPANSÃO DOS DOIS LADOS,TENDÊNCIA ALTISTA,,False,"Candidato observado, mas não qualificado para simulação pelo contexto global.",2026-09-24T22:46:57.340765+00:00,2026-09-24T22:46:57.340765+00:00,ATLASQUANT_MODEL_PAPER_V1,77bdc9c91d26435d4b7553f5,75d3073a1d167f5427a6a00c,CRT,H1,2026-09-24T22:45:25.443083+00:00,🟢 CRT CONFIRMADO,100.0,"{""anchor_high"": 1.32207, ""anchor_low"": 1.32121, ""invalidation"": 1.32213, ""phase"": ""DISTRIBUIÇÃO"", ""raid_side"": ""BSL"", ""score"": 100.0, ""status"": ""🟢 CRT CONFIRMADO"", ""target"": 1.32121}",False,⚪ EM OBSERVAÇÃO,,Gate ainda não liberou execução | ADR14 em 92%: espaço reduzido | ICT incompleto (55/100) | Fluxo institucional incompleto (57/100),True,H1,1.0,SOURCE_EQUALS_EXECUTION,,,,,,
3f3685114518af9ddfcfb0dd,3f3685114518af9ddfcfb0dd,USD/CAD,BUY,amd-po3,SOURCE_MODEL_EXPLICIT,BLOCKED_CONTEXT,,2026-09-24T22:45:25.443083+00:00,,,,,,,2.0,,,,,,,,,89.0,91.0,89.9,🟢 CONFIRMA,🟡 ESTICADO,🟡 AGUARDAR GATILHO,57.5,62.9,B,75.0,116.06334841628563,NORMAL,1.416921833333333,1.416921833333333,True,100.0,TENDÊNCIA ALTISTA,TENDÊNCIA ALTISTA,,False,"Candidato observado, mas não qualificado para simulação pelo contexto global.",2026-09-24T22:46:57.340765+00:00,2026-09-24T22:46:57.340765+00:00,ATLASQUANT_MODEL_PAPER_V1,0a0998b36646136eaecd8234,3f3685114518af9ddfcfb0dd,AMD,M15,2026-09-24T22:45:25.443083+00:00,🟢 AMD / PO3 EM DISTRIBUIÇÃO,100.0,"{""acc_high"": 1.41435, ""acc_low"": 1.41353, ""manipulation_side"": ""SSL"", ""phase"": ""DISTRIBUIÇÃO"", ""score"": 100.0, ""status"": ""🟢 AMD / PO3 EM DISTRIBUIÇÃO"", ""target"": 1.41435}",False,🔴 BLOQUEADO,ADR14 muito esticado (116%),ADR14 em 116%: evitar perseguir preço | ICT incompleto (58/100) | Fluxo institucional incompleto (63/100) | M15 ainda não confirmou gatilho,True,M15,1.0,SOURCE_EQUALS_EXECUTION,,,,,,
c0fd9408e89008625717cd44,c0fd9408e89008625717cd44,USD/CHF,BUY,fvg,SOURCE_MODEL_EXPLICIT,BLOCKED_CONTEXT,,2026-09-24T22:45:25.443083+00:00,,,,,,,2.0,,,,,,,,,89.0,91.0,89.9,🟢 CONFIRMA,🟢 PULLBACK OK,🔴 SEM GATILHO,52.2,72.0,B,65.0,171.00197877315995,NORMAL,1.3900068333333333,1.3900068333333333,True,100.0,TENDÊNCIA ALTISTA,EXPANSÃO DOS DOIS LADOS,,False,"Candidato observado, mas não qualificado para simulação pelo contexto global.",2026-09-24T22:46:57.340765+00:00,2026-09-24T22:46:57.340765+00:00,ATLASQUANT_MODEL_PAPER_V1,8ff44fb09595fb74a54d737f,c0fd9408e89008625717cd44,FVG,M15,2026-09-24T22:45:25.443083+00:00,🟢 FVG EM TESTE,90.0,"{""price"": 0.82798, ""score"": 90.0, ""status"": ""🟢 FVG EM TESTE"", ""zone_high"": 0.82802, ""zone_low"": 0.82787}",False,🔴 BLOQUEADO,ADR14 muito esticado (171%),ADR14 em 171%: evitar perseguir preço | ICT incompleto (52/100) | M15 ainda não confirmou gatilho,True,M15,1.0,SOURCE_EQUALS_EXECUTION,,,,,,
0e31286aa71eed411b5f3c4e,0e31286aa71eed411b5f3c4e,USD/CAD,BUY,crt,SOURCE_MODEL_EXPLICIT,BLOCKED_CONTEXT,,2026-09-24T23:44:45.016473+00:00,,,,,,,2.0,,,,,,,,,89.0,91.0,89.9,🟢 CONFIRMA,🟡 ESTICADO,🟢 GATILHO,53.8,77.6,B,75.0,116.06334841628563,NORMAL,1.549377716666667,1.45184105,True,100.0,TENDÊNCIA ALTISTA,TENDÊNCIA ALTISTA,,False,"Candidato observado, mas não qualificado para simulação pelo contexto global.",2026-09-24T23:46:17.979136+00:00,2026-09-24T23:46:17.979136+00:00,ATLASQUANT_MODEL_PAPER_V1,171577211d0a9f74ed2c3329,0e31286aa71eed411b5f3c4e,CRT,H1,2026-09-24T23:44:45.016473+00:00,🟢 CRT CONFIRMADO,100.0,"{""anchor_high"": 1.4143, ""anchor_low"": 1.41358, ""invalidation"": 1.41349, ""phase"": ""DISTRIBUIÇÃO"", ""raid_side"": ""SSL"", ""score"": 100.0, ""status"": ""🟢 CRT CONFIRMADO"", ""target"": 1.4143}",False,🔴 BLOQUEADO,ADR14 muito esticado (116%),ADR14 em 116%: evitar perseguir preço | ICT incompleto (54/100) | H1 ainda não confirmou gatilho,True,H1,1.0,SOURCE_EQUALS_EXECUTION,,,,,,
723df7de47c8cb5b713c2e24,723df7de47c8cb5b713c2e24,EUR/USD,SELL,bos-choch-ob,SOURCE_MODEL_EXPLICIT,BLOCKED_CONTEXT,,2026-09-25T00:49:47.428123+00:00,,,,,,,2.0,,,,,,,,,91.0,70.0,82.5,🟢 CONFIRMA,🟢 PULLBACK OK,🟢 GATILHO,39.5,82.9,B,65.0,92.1423774345186,NORMAL,2.515710466666667,2.515710466666667,True,100.0,TENDÊNCIA BAIXISTA,COMPRESSÃO,Asian Range,False,"Candidato observado, mas não qualificado para simulação pelo contexto global.",2026-09-25T00:52:28.532249+00:00,2026-09-25T00:52:28.532249+00:00,ATLASQUANT_MODEL_PAPER_V1,4ddaf9cfbb6c424a0164b1fe,723df7de47c8cb5b713c2e24,BOS_CHOCH_OB,M15,2026-09-25T00:49:47.428123+00:00,BOS + 🟡 ORDER BLOCK ATIVO,68.0,"{""break_time"": ""2026-09-24T23:45:00+00:00"", ""invalidated"": false, ""mitigation_depth_pct"": 0.0, ""order_block_side"": ""SELL"", ""order_block_status"": ""🟡 ORDER BLOCK ATIVO"", ""origin_time"": ""2026-09-24T23:30:00+00:00"", ""structure_event"": ""BOS"", ""structure_level"": 1.13759, ""structure_side"": ""SELL"", ""structure_status"": ""🟢 BOS CONFIRMADO"", ""zone_high"": 1.13783, ""zone_low"": 1.13769}",False,🟡 DIREÇÃO CONFIRMADA — AGUARDAR EXECUÇÃO,,ADR14 em 92%: espaço reduzido | ICT incompleto (40/100),True,M15,1.0,SOURCE_EQUALS_EXECUTION,,,,,,
8e362be0b508d819243d2150,8e362be0b508d819243d2150,EUR/USD,SELL,amd-po3,SOURCE_MODEL_EXPLICIT,BLOCKED_CONTEXT,,2026-09-25T01:45:36.690443+00:00,,,,,,,2.0,,,,,,,,,91.0,70.0,82.5,🟢 CONFIRMA,🟢 PULLBACK OK,🔴 SEM GATILHO,50.8,70.8,WAIT,57.0,92.1423774345186,NORMAL,1.6113137666666666,1.6113137666666666,True,100.0,TENDÊNCIA BAIXISTA,COMPRESSÃO,Asian Range,False,"Candidato observado, mas não qualificado para simulação pelo contexto global.",2026-09-25T01:47:17.805227+00:00,2026-09-25T01:47:17.805227+00:00,ATLASQUANT_MODEL_PAPER_V1,579eb48693a1b24beb135336,8e362be0b508d819243d2150,AMD,M15,2026-09-25T01:45:36.690443+00:00,🟢 AMD / PO3 EM DISTRIBUIÇÃO,100.0,"{""acc_high"": 1.13814, ""acc_low"": 1.13759, ""manipulation_side"": ""BSL"", ""phase"": ""DISTRIBUIÇÃO"", ""score"": 100.0, ""status"": ""🟢 AMD / PO3 EM DISTRIBUIÇÃO"", ""target"": 1.13759}",False,🟡 DIREÇÃO CONFIRMADA — AGUARDAR EXECUÇÃO,,Gate ainda não liberou execução | ADR14 em 92%: espaço reduzido | ICT incompleto (51/100) | M15 ainda não confirmou gatilho,True,M15,1.0,SOURCE_EQUALS_EXECUTION,,,,,,
848242da7c91dd50c3f2f8d5,848242da7c91dd50c3f2f8d5,NZD/USD,SELL,amd-po3,SOURCE_MODEL_EXPLICIT,BLOCKED_CONTEXT,,2026-09-25T02:46:45.699645+00:00,,,,,,,2.0,,,,,,,,,84.0,91.0,87.1,🟢 CONFIRMA,🟢 PULLBACK OK,🟢 GATILHO,57.5,72.7,WAIT,57.0,76.31074168798001,NORMAL,1.4908662833333333,1.4908662833333333,True,100.0,TENDÊNCIA BAIXISTA,EQUILÍBRIO / LIQUIDEZ,Asian Range,False,"Candidato observado, mas não qualificado para simulação pelo contexto global.",2026-09-25T02:48:24.847550+00:00,2026-09-25T02:48:24.847550+00:00,ATLASQUANT_MODEL_PAPER_V1,db1fea17e9baa9e7b47f99cd,848242da7c91dd50c3f2f8d5,AMD,M15,2026-09-25T02:46:45.699645+00:00,🟢 AMD / PO3 EM DISTRIBUIÇÃO,100.0,"{""acc_high"": 0.56625, ""acc_low"": 0.56555, ""manipulation_side"": ""BSL"", ""phase"": ""DISTRIBUIÇÃO"", ""score"": 100.0, ""status"": ""🟢 AMD / PO3 EM DISTRIBUIÇÃO"", ""target"": 0.56555}",False,🟡 DIREÇÃO CONFIRMADA — AGUARDAR EXECUÇÃO,,Gate ainda não liberou execução | ICT incompleto (58/100),True,M15,1.0,SOURCE_EQUALS_EXECUTION,,,,,,
d276c928f6259ae7a1a9e927,d276c928f6259ae7a1a9e927,USD/CAD,BUY,amd-po3,SOURCE_MODEL_EXPLICIT,BLOCKED_CONTEXT,,2026-09-25T02:46:45.699645+00:00,,,,,,,2.0,,,,,,,,,89.0,91.0,89.9,🟢 CONFIRMA,🟡 ESTICADO,🟡 AGUARDAR GATILHO,50.8,55.7,B,77.0,116.06334841628563,NORMAL,1.5993629,1.5993629,True,100.0,TENDÊNCIA ALTISTA,TENDÊNCIA ALTISTA,Asian Range,False,"Candidato observado, mas não qualificado para simulação pelo contexto global.",2026-09-25T02:48:24.847550+00:00,2026-09-25T02:48:24.847550+00:00,ATLASQUANT_MODEL_PAPER_V1,9e914b04fa33264f0e426c31,d276c928f6259ae7a1a9e927,AMD,M15,2026-09-25T02:46:45.699645+00:00,🟢 AMD / PO3 EM DISTRIBUIÇÃO,100.0,"{""acc_high"": 1.41478, ""acc_low"": 1.41404, ""manipulation_side"": ""SSL"", ""phase"": ""DISTRIBUIÇÃO"", ""score"": 100.0, ""status"": ""🟢 AMD / PO3 EM DISTRIBUIÇÃO"", ""target"": 1.41478}",False,🔴 BLOQUEADO,ADR14 muito esticado (116%),ADR14 em 116%: evitar perseguir preço | ICT incompleto (51/100) | Fluxo institucional incompleto (56/100) | M15 ainda não confirmou gatilho,True,M15,1.0,SOURCE_EQUALS_EXECUTION,,,,,,
058e442e0257f7dca15738a0,058e442e0257f7dca15738a0,USD/CHF,BUY,amd-po3,SOURCE_MODEL_EXPLICIT,BLOCKED_CONTEXT,,2026-09-25T02:46:45.699645+00:00,,,,,,,2.0,,,,,,,,,89.0,91.0,89.9,🟢 CONFIRMA,🟢 PULLBACK OK,🟡 AGUARDAR GATILHO,50.8,61.3,B,72.0,171.00197877315995,NORMAL,1.5724140833333335,1.5724140833333335,True,100.0,TENDÊNCIA ALTISTA,EXPANSÃO DOS DOIS LADOS,Asian Range,False,"Candidato observado, mas não qualificado para simulação pelo contexto global.",2026-09-25T02:48:24.847550+00:00,2026-09-25T02:48:24.847550+00:00,ATLASQUANT_MODEL_PAPER_V1,e4d5adf9264d96116d2c41f8,058e442e0257f7dca15738a0,AMD,M15,2026-09-25T02:46:45.699645+00:00,🟢 AMD / PO3 EM DISTRIBUIÇÃO,100.0,"{""acc_high"": 0.8284, ""acc_low"": 0.82782, ""manipulation_side"": ""SSL"", ""phase"": ""DISTRIBUIÇÃO"", ""score"": 100.0, ""status"": ""🟢 AMD / PO3 EM DISTRIBUIÇÃO"", ""target"": 0.8284}",False,🔴 BLOQUEADO,ADR14 muito esticado (171%),ADR14 em 171%: evitar perseguir preço | ICT incompleto (51/100) | Fluxo institucional incompleto (61/100) | M15 ainda não confirmou gatilho,True,M15,1.0,SOURCE_EQUALS_EXECUTION,,,,,,
67b915904f7a887b1972708b,67b915904f7a887b1972708b,NZD/USD,SELL,fvg,SOURCE_MODEL_EXPLICIT,BLOCKED_CONTEXT,,2026-09-25T03:47:45.433110+00:00,,,,,,,2.0,,,,,,,,,84.0,91.0,87.1,🟢 CONFIRMA,🟢 PULLBACK OK,🟡 AGUARDAR GATILHO,43.2,58.2,WAIT,57.0,76.31074168798001,NORMAL,1.3786227333333334,1.3786227333333334,True,100.0,TENDÊNCIA BAIXISTA,EQUILÍBRIO / LIQUIDEZ,Asian Range,False,"Candidato observado, mas não qualificado para simulação pelo contexto global.",2026-09-25T03:49:16.122927+00:00,2026-09-25T03:49:16.122927+00:00,ATLASQUANT_MODEL_PAPER_V1,fe011f1be6d9c4913d40b1d2,67b915904f7a887b1972708b,FVG,M15,2026-09-25T03:47:45.433110+00:00,🟢 FVG EM TESTE,90.0,"{""price"": 0.56536, ""score"": 90.0, ""status"": ""🟢 FVG EM TESTE"", ""zone_high"": 0.56549, ""zone_low"": 0.56535}",False,🟡 DIREÇÃO CONFIRMADA — AGUARDAR EXECUÇÃO,,Gate ainda não liberou execução | ICT incompleto (43/100) | Fluxo institucional incompleto (58/100) | M15 ainda não confirmou gatilho,True,M15,1.0,SOURCE_EQUALS_EXECUTION,,,,,,
d42ba019fec85d2b3b87edba,d42ba019fec85d2b3b87edba,USD/CAD,BUY,crt,SOURCE_MODEL_EXPLICIT,BLOCKED_CONTEXT,,2026-09-25T03:47:45.433110+00:00,,,,,,,2.0,,,,,,,,,89.0,91.0,89.9,🟢 CONFIRMA,🟡 ESTICADO,🟡 AGUARDAR GATILHO,60.5,71.1,B,77.0,116.5158371040714,NORMAL,1.4642046666666666,1.4642046666666666,True,100.0,TENDÊNCIA ALTISTA,TENDÊNCIA ALTISTA,Asian Range,False,"Candidato observado, mas não qualificado para simulação pelo contexto global.",2026-09-25T03:49:16.122927+00:00,2026-09-25T03:49:16.122927+00:00,ATLASQUANT_MODEL_PAPER_V1,b65d3c2a57b6c88aead422c5,d42ba019fec85d2b3b87edba,CRT,H1,2026-09-25T03:47:45.433110+00:00,🟢 CRT CONFIRMADO,100.0,"{""anchor_high"": 1.41478, ""anchor_low"": 1.41438, ""invalidation"": 1.41403, ""phase"": ""DISTRIBUIÇÃO"", ""raid_side"": ""SSL"", ""score"": 100.0, ""status"": ""🟢 CRT CONFIRMADO"", ""target"": 1.41478}",False,🔴 BLOQUEADO,ADR14 muito esticado (117%),ADR14 em 117%: evitar perseguir preço | ICT incompleto (60/100) | H1 ainda não confirmou gatilho,True,H1,1.0,SOURCE_EQUALS_EXECUTION,,,,,,
34b0bc98d7b1b28b4ec599ac,34b0bc98d7b1b28b4ec599ac,USD/CHF,BUY,crt,SOURCE_MODEL_EXPLICIT,BLOCKED_CONTEXT,,2026-09-25T03:47:45.433110+00:00,,,,,,,2.0,,,,,,,,,89.0,91.0,89.9,🟢 CONFIRMA,🟢 PULLBACK OK,🟢 GATILHO,60.5,67.2,B,72.0,171.00197877315995,NORMAL,1.439070683333333,1.439070683333333,True,100.0,TENDÊNCIA ALTISTA,EXPANSÃO DOS DOIS LADOS,Asian Range,False,"Candidato observado, mas não qualificado para simulação pelo contexto global.",2026-09-25T03:49:16.122927+00:00,2026-09-25T03:49:16.122927+00:00,ATLASQUANT_MODEL_PAPER_V1,6d77afc006c2a25988103906,34b0bc98d7b1b28b4ec599ac,CRT,H1,2026-09-25T03:47:45.433110+00:00,🟢 CRT CONFIRMADO,100.0,"{""anchor_high"": 0.82844, ""anchor_low"": 0.82798, ""invalidation"": 0.82771, ""phase"": ""DISTRIBUIÇÃO"", ""raid_side"": ""SSL"", ""score"": 100.0, ""status"": ""🟢 CRT CONFIRMADO"", ""target"": 0.82844}",False,🔴 BLOQUEADO,ADR14 muito esticado (171%),ADR14 em 171%: evitar perseguir preço | ICT incompleto (60/100) | Fluxo institucional incompleto (67/100),True,H1,1.0,SOURCE_EQUALS_EXECUTION,,,,,,
6dd2e721baa1c3eedaf2ada0,6dd2e721baa1c3eedaf2ada0,USD/JPY,BUY,ote,SOURCE_MODEL_EXPLICIT,BLOCKED_CONTEXT,,2026-09-25T06:52:36.931734+00:00,,,,,,,2.0,,,,,,,,,90.0,84.0,87.2,🟢 CONFIRMA,🔴 CONTRA,🔴 SEM GATILHO,60.0,61.3,B,65.0,46.59896971689932,NORMAL,1.6292304999999998,1.6292304999999998,True,100.0,TENDÊNCIA ALTISTA,EQUILÍBRIO / LIQUIDEZ,London Killzone,False,"Candidato observado, mas não qualificado para simulação pelo contexto global.",2026-09-25T06:54:21.373595+00:00,2026-09-25T06:54:21.373595+00:00,ATLASQUANT_MODEL_PAPER_V1,7e4bf252d914b6d33fdc3ad9,6dd2e721baa1c3eedaf2ada0,OTE,H1,2026-09-25T06:52:36.931734+00:00,🟢 DENTRO DO OTE,90.0,"{""price"": 158.26352, ""retracement_pct"": 62.74644771129291, ""score"": 90.0, ""status"": ""🟢 DENTRO DO OTE"", ""sweet_705"": 158.1689003, ""swing_high"": 159.02924, ""swing_low"": 157.8089, ""zone_high"": 158.27262919999998, ""zone_low"": 158.0651714}",False,🔴 BLOQUEADO,H1 está contra o viés,ICT incompleto (60/100) | Fluxo institucional incompleto (61/100) | H1 ainda não confirmou gatilho,True,H1,1.0,SOURCE_EQUALS_EXECUTION,,,,,,
296c19bf68d973e51cc8e6be,296c19bf68d973e51cc8e6be,USD/CAD,BUY,amd-po3,SOURCE_MODEL_EXPLICIT,BLOCKED_CONTEXT,,2026-09-25T07:47:40.086045+00:00,,,,,,,2.0,,,,,,,,,89.0,91.0,89.9,🟢 CONFIRMA,🟡 ESTICADO,🟡 AGUARDAR GATILHO,69.5,48.1,B,77.0,21.011058451816844,NORMAL,0.6186947333333334,0.6186947333333334,True,100.0,TENDÊNCIA ALTISTA,TENDÊNCIA ALTISTA,London Killzone,False,"Candidato observado, mas não qualificado para simulação pelo contexto global.",2026-09-25T07:48:19.969819+00:00,2026-09-25T07:48:19.969819+00:00,ATLASQUANT_MODEL_PAPER_V1,5b6aa2bae6fac81b8664684f,296c19bf68d973e51cc8e6be,AMD,M15,2026-09-25T07:47:40.086045+00:00,🟢 AMD / PO3 EM DISTRIBUIÇÃO,100.0,"{""acc_high"": 1.41499, ""acc_low"": 1.41466, ""manipulation_side"": ""SSL"", ""phase"": ""DISTRIBUIÇÃO"", ""score"": 100.0, ""status"": ""🟢 AMD / PO3 EM DISTRIBUIÇÃO"", ""target"": 1.41499}",False,⚪ EM OBSERVAÇÃO,,ICT incompleto (70/100) | Fluxo institucional incompleto (48/100) | M15 ainda não confirmou gatilho,True,M15,1.0,SOURCE_EQUALS_EXECUTION,,,,,,
8240a3644017559c9829a476,8240a3644017559c9829a476,USD/CHF,BUY,amd-po3,SOURCE_MODEL_EXPLICIT,BLOCKED_CONTEXT,,2026-09-25T07:47:40.086045+00:00,,,,,,,2.0,,,,,,,,,89.0,91.0,89.9,🟢 CONFIRMA,🟢 PULLBACK OK,🟢 GATILHO,69.5,61.6,B,72.0,36.84210526315891,NORMAL,0.5938013333333333,0.5938013333333333,True,100.0,TENDÊNCIA ALTISTA,EXPANSÃO DOS DOIS LADOS,London Killzone,False,"Candidato observado, mas não qualificado para simulação pelo contexto global.",2026-09-25T07:48:19.969819+00:00,2026-09-25T07:48:19.969819+00:00,ATLASQUANT_MODEL_PAPER_V1,4f8495428c914e80c9f43edc,8240a3644017559c9829a476,AMD,M15,2026-09-25T07:47:40.086045+00:00,🟢 AMD / PO3 EM DISTRIBUIÇÃO,100.0,"{""acc_high"": 0.82937, ""acc_low"": 0.82892, ""manipulation_side"": ""SSL"", ""phase"": ""DISTRIBUIÇÃO"", ""score"": 100.0, ""status"": ""🟢 AMD / PO3 EM DISTRIBUIÇÃO"", ""target"": 0.82937}",False,🟡 DIREÇÃO CONFIRMADA — AGUARDAR EXECUÇÃO,,ICT incompleto (70/100) | Fluxo institucional incompleto (62/100),True,M15,1.0,SOURCE_EQUALS_EXECUTION,,,,,,
e6ebf3d36a6db8d7195d0c4d,e6ebf3d36a6db8d7195d0c4d,USD/CHF,BUY,crt,SOURCE_MODEL_EXPLICIT,BLOCKED_CONTEXT,,2026-09-25T08:48:25.997681+00:00,,,,,,,2.0,,,,,,,,,89.0,91.0,89.9,🟢 CONFIRMA,🟢 PULLBACK OK,🟡 AGUARDAR GATILHO,53.8,52.3,B,72.0,36.84210526315891,NORMAL,1.5253510833333332,1.5253510833333332,True,100.0,TENDÊNCIA ALTISTA,EXPANSÃO DOS DOIS LADOS,London Killzone,False,"Candidato observado, mas não qualificado para simulação pelo contexto global.",2026-09-25T08:50:03.392417+00:00,2026-09-25T08:50:03.392417+00:00,ATLASQUANT_MODEL_PAPER_V1,da8f6105938d9285e318f4e3,e6ebf3d36a6db8d7195d0c4d,CRT,H1,2026-09-25T08:48:25.997681+00:00,🟢 CRT CONFIRMADO,100.0,"{""anchor_high"": 0.82931, ""anchor_low"": 0.82891, ""invalidation"": 0.82833, ""phase"": ""DISTRIBUIÇÃO"", ""raid_side"": ""SSL"", ""score"": 100.0, ""status"": ""🟢 CRT CONFIRMADO"", ""target"": 0.82931}",False,🟡 DIREÇÃO CONFIRMADA — AGUARDAR EXECUÇÃO,,ICT incompleto (54/100) | Fluxo institucional incompleto (52/100),True,H1,1.0,SOURCE_EQUALS_EXECUTION,,,,,,
858123a73c15b54243093e6e,858123a73c15b54243093e6e,USD/JPY,BUY,ote,SOURCE_MODEL_EXPLICIT,BLOCKED_CONTEXT,,2026-09-25T08:48:25.997681+00:00,,,,,,,2.0,,,,,,,,,90.0,84.0,87.2,🟢 CONFIRMA,🔴 CONTRA,🔴 SEM GATILHO,53.2,62.6,WAIT,57.0,46.59896971689932,NORMAL,1.5031463500000002,1.5031463500000002,True,100.0,TENDÊNCIA ALTISTA,EQUILÍBRIO / LIQUIDEZ,London Killzone,False,"Candidato observado, mas não qualificado para simulação pelo contexto global.",2026-09-25T08:50:03.392417+00:00,2026-09-25T08:50:03.392417+00:00,ATLASQUANT_MODEL_PAPER_V1,456b19ff46f9253c06242424,858123a73c15b54243093e6e,OTE,H1,2026-09-25T08:48:25.997681+00:00,🟢 DENTRO DO OTE,90.0,"{""price"": 158.09099, ""retracement_pct"": 78.05078026453155, ""score"": 90.0, ""status"": ""🟢 DENTRO DO OTE"", ""sweet_705"": 158.17479459999998, ""swing_high"": 158.95726, ""swing_low"": 157.84738, ""zone_high"": 158.26913439999998, ""zone_low"": 158.08045479999998}",False,🔴 BLOQUEADO,H1 está contra o viés,Gate ainda não liberou execução | ICT incompleto (53/100) | Fluxo institucional incompleto (63/100) | H1 ainda não confirmou gatilho,True,H1,1.0,SOURCE_EQUALS_EXECUTION,,,,,,
90e7d389cf0fc241cbc1f692,90e7d389cf0fc241cbc1f692,EUR/USD,SELL,ote,SOURCE_MODEL_EXPLICIT,BLOCKED_CONTEXT,,2026-09-25T09:47:43.810967+00:00,,,,,,,2.0,,,,,,,,,91.0,70.0,82.5,🟢 CONFIRMA,🔴 CONTRA,🔴 SEM GATILHO,57.0,58.6,WAIT,58.0,61.606685996930814,NORMAL,1.6887979999999998,1.6887979999999998,True,100.0,TENDÊNCIA BAIXISTA,COMPRESSÃO,,False,"Candidato observado, mas não qualificado para simulação pelo contexto global.",2026-09-25T09:49:26.525173+00:00,2026-09-25T09:49:26.525173+00:00,ATLASQUANT_MODEL_PAPER_V1,2fcd3dfb4b96512834c74d6f,90e7d389cf0fc241cbc1f692,OTE,H1,2026-09-25T09:47:43.810967+00:00,🟢 DENTRO DO OTE,90.0,"{""price"": 1.13914, ""retracement_pct"": 75.24429967427052, ""score"": 90.0, ""status"": ""🟢 DENTRO DO OTE"", ""sweet_705"": 1.13899435, ""swing_high"": 1.1399, ""swing_low"": 1.13683, ""zone_high"": 1.1392552999999999, ""zone_low"": 1.1387334}",False,🔴 BLOQUEADO,H1 está contra o viés,Gate ainda não liberou execução | ICT incompleto (57/100) | Fluxo institucional incompleto (59/100) | H1 ainda não confirmou gatilho,True,H1,1.0,SOURCE_EQUALS_EXECUTION,,,,,,
a5ce73b8604958c77516eb16,a5ce73b8604958c77516eb16,USD/JPY,BUY,ote,SOURCE_MODEL_EXPLICIT,BLOCKED_CONTEXT,,2026-09-25T09:47:43.810967+00:00,,,,,,,2.0,,,,,,,,,90.0,84.0,87.2,🟢 CONFIRMA,🔴 CONTRA,🔴 SEM GATILHO,55.5,66.4,WAIT,58.0,71.78674816089958,NORMAL,1.5659545833333333,1.5659545833333333,True,100.0,TENDÊNCIA ALTISTA,EQUILÍBRIO / LIQUIDEZ,,False,"Candidato observado, mas não qualificado para simulação pelo contexto global.",2026-09-25T09:49:26.525173+00:00,2026-09-25T09:49:26.525173+00:00,ATLASQUANT_MODEL_PAPER_V1,c01e894c7b080f74ef717d64,a5ce73b8604958c77516eb16,OTE,H1,2026-09-25T09:47:43.810967+00:00,🟢 DENTRO DO OTE,90.0,"{""price"": 158.11032, ""retracement_pct"": 76.63297713515274, ""score"": 90.0, ""status"": ""🟢 DENTRO DO OTE"", ""sweet_705"": 158.17810105, ""swing_high"": 158.95726, ""swing_low"": 157.85207, ""zone_high"": 158.2720422, ""zone_low"": 158.0841599}",False,🔴 BLOQUEADO,H1 está contra o viés,Gate ainda não liberou execução | ICT incompleto (56/100) | Fluxo institucional incompleto (66/100) | H1 ainda não confirmou gatilho,True,H1,1.0,SOURCE_EQUALS_EXECUTION,,,,,,
75a33bad6a45acab03693bc2,75a33bad6a45acab03693bc2,GBP/USD,SELL,ote,SOURCE_MODEL_EXPLICIT,BLOCKED_CONTEXT,,2026-09-25T10:45:41.596446+00:00,,,,,,,2.0,,,,,,,,,68.0,70.0,69.1,🟢 CONFIRMA,🟡 ESTICADO,🔴 SEM GATILHO,50.5,57.4,WAIT,28.0,71.66494312306068,NORMAL,1.583386883333333,1.583386883333333,True,100.0,EXPANSÃO DOS DOIS LADOS,TENDÊNCIA ALTISTA,,False,"Candidato observado, mas não qualificado para simulação pelo contexto global.",2026-09-25T10:47:26.117676+00:00,2026-09-25T10:47:26.117676+00:00,ATLASQUANT_MODEL_PAPER_V1,4cc829facbbe28d6b6c82f16,75a33bad6a45acab03693bc2,OTE,H1,2026-09-25T10:45:41.596446+00:00,🟢 DENTRO DO OTE,100.0,"{""price"": 1.32414, ""retracement_pct"": 67.44186046511824, ""score"": 100.0, ""status"": ""🟢 DENTRO DO OTE"", ""sweet_705"": 1.32428465, ""swing_high"": 1.32568, ""swing_low"": 1.32095, ""zone_high"": 1.3246867, ""zone_low"": 1.3238826}",False,⚪ EM OBSERVAÇÃO,,Gate ainda não liberou execução | ICT incompleto (50/100) | Fluxo institucional incompleto (57/100) | H1 ainda não confirmou gatilho,True,H1,1.0,SOURCE_EQUALS_EXECUTION,,,,,,
82667d47205f1d1f506e6ae0,82667d47205f1d1f506e6ae0,NZD/USD,SELL,bos-choch-ob,SOURCE_MODEL_EXPLICIT,BLOCKED_CONTEXT,,2026-09-25T13:23:07.446964+00:00,,,,,,,2.0,,,,,,,,,84.0,91.0,87.1,🟢 CONFIRMA,🟡 ALINHADO,🔴 SEM GATILHO,56.0,83.0,B,65.0,57.24299065420711,NORMAL,1.6246126666666667,1.6246126666666667,True,100.0,TENDÊNCIA BAIXISTA,EQUILÍBRIO / LIQUIDEZ,New York AM,False,"Candidato observado, mas não qualificado para simulação pelo contexto global.",2026-09-25T13:24:51.031507+00:00,2026-09-25T13:24:51.031507+00:00,ATLASQUANT_MODEL_PAPER_V1,e65051efe6f3eac5be6a0f1a,82667d47205f1d1f506e6ae0,BOS_CHOCH_OB,M15,2026-09-25T13:23:07.446964+00:00,CHOCH + 🟢 ORDER BLOCK EM MITIGAÇÃO,92.0,"{""break_time"": ""2026-09-25T12:30:00+00:00"", ""invalidated"": false, ""mitigation_depth_pct"": 63.4, ""order_block_side"": ""SELL"", ""order_block_status"": ""🟢 ORDER BLOCK EM MITIGAÇÃO"", ""origin_time"": ""2026-09-25T12:15:00+00:00"", ""structure_event"": ""CHOCH"", ""structure_level"": 0.56659, ""structure_side"": ""SELL"", ""structure_status"": ""🟢 CHOCH CONFIRMADO"", ""zone_high"": 0.56718, ""zone_low"": 0.56677}",False,🟠 SETUP EM FORMAÇÃO,,ICT incompleto (56/100) | M15 ainda não confirmou gatilho,True,M15,1.0,SOURCE_EQUALS_EXECUTION,,,,,,
7d090924d9c3889ffe46f68b,7d090924d9c3889ffe46f68b,GBP/USD,SELL,amd-po3,SOURCE_MODEL_EXPLICIT,BLOCKED_CONTEXT,,2026-09-25T14:23:04.342365+00:00,,,,,,,2.0,,,,,,,,,68.0,70.0,69.1,🟢 CONFIRMA,🔴 CONTRA,🔴 SEM GATILHO,52.2,73.5,WAIT,35.0,96.09617373319456,NORMAL,1.6759518,1.6759518,True,100.0,EXPANSÃO DOS DOIS LADOS,TENDÊNCIA ALTISTA,London Close,False,"Candidato observado, mas não qualificado para simulação pelo contexto global.",2026-09-25T14:24:50.304121+00:00,2026-09-25T14:24:50.304121+00:00,ATLASQUANT_MODEL_PAPER_V1,51388df76352d0a73dce2b2f,7d090924d9c3889ffe46f68b,AMD,M15,2026-09-25T14:23:04.342365+00:00,🟢 AMD / PO3 EM DISTRIBUIÇÃO,100.0,"{""acc_high"": 1.32573, ""acc_low"": 1.32426, ""manipulation_side"": ""BSL"", ""phase"": ""DISTRIBUIÇÃO"", ""score"": 100.0, ""status"": ""🟢 AMD / PO3 EM DISTRIBUIÇÃO"", ""target"": 1.32426}",False,🔴 BLOQUEADO,H1 está contra o viés,Gate ainda não liberou execução | ADR14 em 96%: evitar perseguir preço | ICT incompleto (52/100) | M15 ainda não confirmou gatilho,True,M15,1.0,SOURCE_EQUALS_EXECUTION,,,,,,
73190ea218d0204ecb8e8233,73190ea218d0204ecb8e8233,USD/CHF,BUY,crt,SOURCE_MODEL_EXPLICIT,BLOCKED_CONTEXT,,2026-09-25T14:23:04.342365+00:00,,,,,,,2.0,,,,,,,,,89.0,91.0,89.9,🟢 CONFIRMA,🟢 PULLBACK OK,🔴 SEM GATILHO,64.2,73.5,B,77.0,55.01422475106813,NORMAL,1.5925018,1.5925018,True,100.0,TENDÊNCIA ALTISTA,EXPANSÃO DOS DOIS LADOS,London Close,False,"Candidato observado, mas não qualificado para simulação pelo contexto global.",2026-09-25T14:24:50.304121+00:00,2026-09-25T14:24:50.304121+00:00,ATLASQUANT_MODEL_PAPER_V1,eda8b127f638ecfae369e651,73190ea218d0204ecb8e8233,CRT,H1,2026-09-25T14:23:04.342365+00:00,🟢 CRT CONFIRMADO,100.0,"{""anchor_high"": 0.82934, ""anchor_low"": 0.82818, ""invalidation"": 0.8276, ""phase"": ""DISTRIBUIÇÃO"", ""raid_side"": ""SSL"", ""score"": 100.0, ""status"": ""🟢 CRT CONFIRMADO"", ""target"": 0.82934}",False,🟡 DIREÇÃO CONFIRMADA — AGUARDAR EXECUÇÃO,,ICT incompleto (64/100),True,H1,1.0,SOURCE_EQUALS_EXECUTION,,,,,,
c0bc5faf3a2128ccfe6d681d,c0bc5faf3a2128ccfe6d681d,GBP/USD,SELL,bos-choch-ob,SOURCE_MODEL_EXPLICIT,BLOCKED_CONTEXT,,2026-09-25T15:22:52.035283+00:00,,,,,,,2.0,,,,,,,,,68.0,70.0,69.1,🟢 CONFIRMA,🟡 ALINHADO,🟢 GATILHO,60.5,74.8,WAIT,35.0,96.09617373319456,NORMAL,1.7032991,1.7032991,True,100.0,EXPANSÃO DOS DOIS LADOS,TENDÊNCIA ALTISTA,London Close,False,"Candidato observado, mas não qualificado para simulação pelo contexto global.",2026-09-25T15:24:39.111688+00:00,2026-09-25T15:24:39.111688+00:00,ATLASQUANT_MODEL_PAPER_V1,eabde7b584106140491c9a53,c0bc5faf3a2128ccfe6d681d,BOS_CHOCH_OB,M15,2026-09-25T15:22:52.035283+00:00,CHOCH + 🟡 ORDER BLOCK PARCIALMENTE MITIGADO / ATIVO,70.0,"{""break_time"": ""2026-09-25T14:15:00+00:00"", ""invalidated"": false, ""mitigation_depth_pct"": 18.4, ""order_block_side"": ""SELL"", ""order_block_status"": ""🟡 ORDER BLOCK PARCIALMENTE MITIGADO / ATIVO"", ""origin_time"": ""2026-09-25T13:30:00+00:00"", ""structure_event"": ""CHOCH"", ""structure_level"": 1.32481, ""structure_side"": ""SELL"", ""structure_status"": ""🟢 CHOCH CONFIRMADO"", ""zone_high"": 1.32579, ""zone_low"": 1.32503}",False,⚪ EM OBSERVAÇÃO,,Gate ainda não liberou execução | ADR14 em 96%: evitar perseguir preço | ICT incompleto (60/100),True,M15,1.0,SOURCE_EQUALS_EXECUTION,,,,,,
6c2532b8f2ef5d48ebfb0c81,6c2532b8f2ef5d48ebfb0c81,GBP/USD,SELL,crt,SOURCE_MODEL_EXPLICIT,BLOCKED_CONTEXT,,2026-09-25T15:22:52.035283+00:00,,,,,,,2.0,,,,,,,,,68.0,70.0,69.1,🟢 CONFIRMA,🟡 ALINHADO,🟢 GATILHO,60.5,74.8,WAIT,35.0,96.09617373319456,NORMAL,1.7032991,1.7032991,True,100.0,EXPANSÃO DOS DOIS LADOS,TENDÊNCIA ALTISTA,London Close,False,"Candidato observado, mas não qualificado para simulação pelo contexto global.",2026-09-25T15:24:39.111688+00:00,2026-09-25T15:24:39.111688+00:00,ATLASQUANT_MODEL_PAPER_V1,acd277729cbe2d4174778fc6,6c2532b8f2ef5d48ebfb0c81,CRT,H1,2026-09-25T15:22:52.035283+00:00,🟢 CRT CONFIRMADO,100.0,"{""anchor_high"": 1.32575, ""anchor_low"": 1.32481, ""invalidation"": 1.32638, ""phase"": ""DISTRIBUIÇÃO"", ""raid_side"": ""BSL"", ""score"": 100.0, ""status"": ""🟢 CRT CONFIRMADO"", ""target"": 1.32481}",False,⚪ EM OBSERVAÇÃO,,Gate ainda não liberou execução | ADR14 em 96%: evitar perseguir preço | ICT incompleto (60/100) | H1 ainda não confirmou gatilho,True,H1,1.0,SOURCE_EQUALS_EXECUTION,,,,,,
0f56727f4366649c2a8cff17,0f56727f4366649c2a8cff17,USD/CAD,BUY,crt,SOURCE_MODEL_EXPLICIT,BLOCKED_CONTEXT,,2026-09-25T16:23:03.500574+00:00,,,,,,,2.0,,,,,,,,,89.0,91.0,89.9,🟢 CONFIRMA,🟢 PULLBACK OK,🔴 SEM GATILHO,53.8,64.0,B,77.0,47.7725118483398,NORMAL,1.5978515166666667,1.5978515166666667,True,100.0,TENDÊNCIA ALTISTA,TENDÊNCIA ALTISTA,,False,"Candidato observado, mas não qualificado para simulação pelo contexto global.",2026-09-25T16:24:48.509970+00:00,2026-09-25T16:24:48.509970+00:00,ATLASQUANT_MODEL_PAPER_V1,f59376898092b98e06a2d6f8,0f56727f4366649c2a8cff17,CRT,H1,2026-09-25T16:23:03.500574+00:00,🟢 CRT CONFIRMADO,100.0,"{""anchor_high"": 1.41459, ""anchor_low"": 1.41356, ""invalidation"": 1.41355, ""phase"": ""DISTRIBUIÇÃO"", ""raid_side"": ""SSL"", ""score"": 100.0, ""status"": ""🟢 CRT CONFIRMADO"", ""target"": 1.41459}",False,🟡 DIREÇÃO CONFIRMADA — AGUARDAR EXECUÇÃO,,ICT incompleto (54/100) | Fluxo institucional incompleto (64/100),True,H1,1.0,SOURCE_EQUALS_EXECUTION,,,,,,
4ef730f83200a084332d9c5e,4ef730f83200a084332d9c5e,EUR/USD,SELL,amd-po3,SOURCE_MODEL_EXPLICIT,BLOCKED_CONTEXT,,2026-09-25T17:20:29.671810+00:00,,,,,,,2.0,,,,,,,,,91.0,70.0,82.5,🟢 CONFIRMA,🔴 CONTRA,🟢 GATILHO,52.2,68.1,WAIT,58.0,98.140883506739,NORMAL,1.7464111333333332,1.7464111333333332,True,100.0,TENDÊNCIA BAIXISTA,COMPRESSÃO,,False,"Candidato observado, mas não qualificado para simulação pelo contexto global.",2026-09-25T17:22:16.231174+00:00,2026-09-25T17:22:16.231174+00:00,ATLASQUANT_MODEL_PAPER_V1,0bcb10eaaf901eaaf810ec6f,4ef730f83200a084332d9c5e,AMD,M15,2026-09-25T17:20:29.671810+00:00,🟢 AMD / PO3 EM DISTRIBUIÇÃO,100.0,"{""acc_high"": 1.14076, ""acc_low"": 1.13961, ""manipulation_side"": ""BSL"", ""phase"": ""DISTRIBUIÇÃO"", ""score"": 100.0, ""status"": ""🟢 AMD / PO3 EM DISTRIBUIÇÃO"", ""target"": 1.13961}",False,🔴 BLOQUEADO,H1 está contra o viés,Gate ainda não liberou execução | ADR14 em 98%: evitar perseguir preço | ICT incompleto (52/100) | Fluxo institucional incompleto (68/100),True,M15,1.0,SOURCE_EQUALS_EXECUTION,,,,,,
229d961ee04783ecf8018bbb,229d961ee04783ecf8018bbb,GBP/USD,SELL,amd-po3,SOURCE_MODEL_EXPLICIT,BLOCKED_CONTEXT,,2026-09-25T17:20:29.671810+00:00,,,,,,,2.0,,,,,,,,,68.0,70.0,69.1,🟢 CONFIRMA,🟡 ALINHADO,🔴 SEM GATILHO,50.8,60.0,WAIT,28.0,96.09617373319456,NORMAL,1.6876495666666669,1.6876495666666669,True,100.0,EXPANSÃO DOS DOIS LADOS,TENDÊNCIA ALTISTA,,False,"Candidato observado, mas não qualificado para simulação pelo contexto global.",2026-09-25T17:22:16.231174+00:00,2026-09-25T17:22:16.231174+00:00,ATLASQUANT_MODEL_PAPER_V1,e52f0ed7d80ffa4077f42059,229d961ee04783ecf8018bbb,AMD,M15,2026-09-25T17:20:29.671810+00:00,🟢 AMD / PO3 EM DISTRIBUIÇÃO,100.0,"{""acc_high"": 1.32612, ""acc_low"": 1.32338, ""manipulation_side"": ""BSL"", ""phase"": ""DISTRIBUIÇÃO"", ""score"": 100.0, ""status"": ""🟢 AMD / PO3 EM DISTRIBUIÇÃO"", ""target"": 1.32338}",False,⚪ EM OBSERVAÇÃO,,Gate ainda não liberou execução | ADR14 em 96%: evitar perseguir preço | ICT incompleto (51/100) | Fluxo institucional incompleto (60/100) | M15 ainda não confirmou gatilho,True,M15,1.0,SOURCE_EQUALS_EXECUTION,,,,,,
4d12e4c5ec485ceb440a7175,4d12e4c5ec485ceb440a7175,USD/CAD,BUY,crt,SOURCE_MODEL_EXPLICIT,BLOCKED_CONTEXT,,2026-09-25T17:20:29.671810+00:00,,,,,,,2.0,,,,,,,,,89.0,91.0,89.9,🟢 CONFIRMA,🟢 PULLBACK OK,🟡 AGUARDAR GATILHO,60.5,67.7,B,77.0,47.7725118483398,NORMAL,1.6260812999999998,1.6260812999999998,True,100.0,TENDÊNCIA ALTISTA,TENDÊNCIA ALTISTA,,False,"Candidato observado, mas não qualificado para simulação pelo contexto global.",2026-09-25T17:22:16.231174+00:00,2026-09-25T17:22:16.231174+00:00,ATLASQUANT_MODEL_PAPER_V1,d6cca6962f351b9f8baa0426,4d12e4c5ec485ceb440a7175,CRT,H1,2026-09-25T17:20:29.671810+00:00,🟢 CRT CONFIRMADO,100.0,"{""anchor_high"": 1.41492, ""anchor_low"": 1.41355, ""invalidation"": 1.41349, ""phase"": ""DISTRIBUIÇÃO"", ""raid_side"": ""SSL"", ""score"": 100.0, ""status"": ""🟢 CRT CONFIRMADO"", ""target"": 1.41492}",False,🟡 DIREÇÃO CONFIRMADA — AGUARDAR EXECUÇÃO,,ICT incompleto (60/100) | Fluxo institucional incompleto (68/100),True,H1,1.0,SOURCE_EQUALS_EXECUTION,,,,,,
b969caf2b91e1e7b0f2f20f9,b969caf2b91e1e7b0f2f20f9,EUR/USD,SELL,crt,SOURCE_MODEL_EXPLICIT,BLOCKED_CONTEXT,,2026-09-25T18:23:11.350241+00:00,,,,,,,2.0,,,,,,,,,91.0,70.0,82.5,🟢 CONFIRMA,🟡 ALINHADO,🟡 AGUARDAR GATILHO,61.2,57.9,B,65.0,98.140883506739,NORMAL,1.6387467333333334,1.6387467333333334,True,100.0,TENDÊNCIA BAIXISTA,COMPRESSÃO,New York PM,False,"Candidato observado, mas não qualificado para simulação pelo contexto global.",2026-09-25T18:24:51.103149+00:00,2026-09-25T18:24:51.103149+00:00,ATLASQUANT_MODEL_PAPER_V1,1911f46872c78feb03eaf37e,b969caf2b91e1e7b0f2f20f9,CRT,H1,2026-09-25T18:23:11.350241+00:00,🟢 CRT CONFIRMADO,100.0,"{""anchor_high"": 1.14028, ""anchor_low"": 1.13864, ""invalidation"": 1.14097, ""phase"": ""DISTRIBUIÇÃO"", ""raid_side"": ""BSL"", ""score"": 100.0, ""status"": ""🟢 CRT CONFIRMADO"", ""target"": 1.13864}",False,⚪ EM OBSERVAÇÃO,,ADR14 em 98%: evitar perseguir preço | ICT incompleto (61/100) | Fluxo institucional incompleto (58/100) | H1 ainda não confirmou gatilho,True,H1,1.0,SOURCE_EQUALS_EXECUTION,,,,,,
42db47eb3a785f183c4a907b,42db47eb3a785f183c4a907b,USD/CHF,BUY,amd-po3,SOURCE_MODEL_EXPLICIT,BLOCKED_CONTEXT,,2026-09-27T21:20:14.433498+00:00,,,,,,,2.0,,,,,,,,,89.0,91.0,89.9,🟡 PARCIAL,🟢 PULLBACK OK,🔴 SEM GATILHO,42.0,68.1,B,73.0,42.173498570064375,ATENÇÃO,2.692154233333333,2.692154233333333,True,100.0,TENDÊNCIA ALTISTA,EXPANSÃO DOS DOIS LADOS,,False,"Candidato observado, mas não qualificado para simulação pelo contexto global.",2026-09-27T21:23:07.594896+00:00,2026-09-27T21:23:07.594896+00:00,ATLASQUANT_MODEL_PAPER_V1,4bff1cdb148864dc13041b95,42db47eb3a785f183c4a907b,AMD,M15,2026-09-27T21:20:14.433498+00:00,🟢 AMD / PO3 EM DISTRIBUIÇÃO,100.0,"{""acc_high"": 0.82873, ""acc_low"": 0.82745, ""manipulation_side"": ""SSL"", ""phase"": ""DISTRIBUIÇÃO"", ""score"": 100.0, ""status"": ""🟢 AMD / PO3 EM DISTRIBUIÇÃO"", ""target"": 0.82873}",False,⚪ EM OBSERVAÇÃO,,Risco de evento elevado | ICT incompleto (42/100) | Fluxo institucional incompleto (68/100) | M15 ainda não confirmou gatilho,True,M15,1.0,SOURCE_EQUALS_EXECUTION,,,,,,
b26b6e7bb8b02a5d70272272,b26b6e7bb8b02a5d70272272,USD/CHF,BUY,amd-po3,SOURCE_MODEL_EXPLICIT,BLOCKED_CONTEXT,,2026-09-27T22:20:19.118947+00:00,,,,,,,2.0,,,,,,,,,89.0,91.0,89.9,🟡 PARCIAL,🟢 PULLBACK OK,🟢 GATILHO,69.8,84.6,B,65.0,54.71877979027624,ATENÇÃO,1.5459655833333334,1.5459655833333334,True,100.0,TENDÊNCIA ALTISTA,EXPANSÃO DOS DOIS LADOS,,False,"Candidato observado, mas não qualificado para simulação pelo contexto global.",2026-09-27T22:22:00.482890+00:00,2026-09-27T22:22:00.482890+00:00,ATLASQUANT_MODEL_PAPER_V1,790b39bf5e933d0e54738041,b26b6e7bb8b02a5d70272272,AMD,M15,2026-09-27T22:20:19.118947+00:00,🟢 AMD / PO3 EM DISTRIBUIÇÃO,100.0,"{""acc_high"": 0.8289, ""acc_low"": 0.82741, ""manipulation_side"": ""SSL"", ""phase"": ""DISTRIBUIÇÃO"", ""score"": 100.0, ""status"": ""🟢 AMD / PO3 EM DISTRIBUIÇÃO"", ""target"": 0.8289}",False,🟠 SETUP EM FORMAÇÃO,,Risco de evento elevado | ICT incompleto (70/100),True,M15,1.0,SOURCE_EQUALS_EXECUTION,,,,,,
8a5bb54132ddeeb15e10e38a,8a5bb54132ddeeb15e10e38a,USD/CHF,BUY,crt,SOURCE_MODEL_EXPLICIT,BLOCKED_CONTEXT,,2026-09-27T22:20:19.118947+00:00,,,,,,,2.0,,,,,,,,,89.0,91.0,89.9,🟡 PARCIAL,🟢 PULLBACK OK,🟢 GATILHO,69.8,84.6,B,65.0,54.71877979027624,ATENÇÃO,1.5459655833333334,1.5459655833333334,True,100.0,TENDÊNCIA ALTISTA,EXPANSÃO DOS DOIS LADOS,,False,"Candidato observado, mas não qualificado para simulação pelo contexto global.",2026-09-27T22:22:00.482890+00:00,2026-09-27T22:22:00.482890+00:00,ATLASQUANT_MODEL_PAPER_V1,828e340390efce3f1953a578,8a5bb54132ddeeb15e10e38a,CRT,H1,2026-09-27T22:20:19.118947+00:00,🟢 CRT CONFIRMADO,100.0,"{""anchor_high"": 0.8289, ""anchor_low"": 0.82741, ""invalidation"": 0.82732, ""phase"": ""DISTRIBUIÇÃO"", ""raid_side"": ""SSL"", ""score"": 100.0, ""status"": ""🟢 CRT CONFIRMADO"", ""target"": 0.8289}",False,🟠 SETUP EM FORMAÇÃO,,Risco de evento elevado | ICT incompleto (70/100),True,H1,1.0,SOURCE_EQUALS_EXECUTION,,,,,,
97b0c6afec693343a627a89f,97b0c6afec693343a627a89f,USD/JPY,BUY,crt,SOURCE_MODEL_EXPLICIT,BLOCKED_CONTEXT,,2026-09-27T22:20:19.118947+00:00,,,,,,,2.0,,,,,,,,,90.0,84.0,87.2,🔴 CONTRA,🔴 CONTRA,🟢 GATILHO,60.5,74.3,B,68.0,31.39072855873317,ATENÇÃO,0.6270390833333334,0.6270390833333334,True,100.0,TENDÊNCIA ALTISTA,TENDÊNCIA BAIXISTA,,False,"Candidato observado, mas não qualificado para simulação pelo contexto global.",2026-09-27T22:22:00.482890+00:00,2026-09-27T22:22:00.482890+00:00,ATLASQUANT_MODEL_PAPER_V1,c3b40f14e1a1495a41649de0,97b0c6afec693343a627a89f,CRT,H1,2026-09-27T22:20:19.118947+00:00,🟢 CRT CONFIRMADO,100.0,"{""anchor_high"": 157.34494, ""anchor_low"": 157.20267, ""invalidation"": 157.13555, ""phase"": ""DISTRIBUIÇÃO"", ""raid_side"": ""SSL"", ""score"": 100.0, ""status"": ""🟢 CRT CONFIRMADO"", ""target"": 157.34494}",False,🔴 BLOQUEADO,H4 está contra o viés | H1 está contra o viés,Risco de evento elevado | ICT incompleto (60/100) | H1 ainda não confirmou gatilho,True,H1,1.0,SOURCE_EQUALS_EXECUTION,,,,,,
48d6f3f6e4a21e158e8fb95b,48d6f3f6e4a21e158e8fb95b,USD/CAD,BUY,bos-choch-ob,SOURCE_MODEL_EXPLICIT,BLOCKED_CONTEXT,,2026-09-28T00:31:17.263319+00:00,,,,,,,2.0,,,,,,,,,89.0,91.0,89.9,🟢 CONFIRMA,🟢 PULLBACK OK,🟢 GATILHO,30.8,70.6,B,77.0,61.02322450353608,ATENÇÃO,2.6734515,2.6734515,True,100.0,TENDÊNCIA ALTISTA,TENDÊNCIA ALTISTA,Asian Range,False,"Candidato observado, mas não qualificado para simulação pelo contexto global.",2026-09-28T00:34:05.241083+00:00,2026-09-28T00:34:05.241083+00:00,ATLASQUANT_MODEL_PAPER_V1,56c1ef598aece5a526cd3f8e,48d6f3f6e4a21e158e8fb95b,BOS_CHOCH_OB,M15,2026-09-28T00:31:17.263319+00:00,BOS + 🟡 ORDER BLOCK ATIVO,68.0,"{""break_time"": ""2026-09-28T00:15:00+00:00"", ""invalidated"": false, ""mitigation_depth_pct"": 0.0, ""order_block_side"": ""BUY"", ""order_block_status"": ""🟡 ORDER BLOCK ATIVO"", ""origin_time"": ""2026-09-28T00:00:00+00:00"", ""structure_event"": ""BOS"", ""structure_level"": 1.41559, ""structure_side"": ""BUY"", ""structure_status"": ""🟢 BOS CONFIRMADO"", ""zone_high"": 1.4157, ""zone_low"": 1.41547}",False,🟡 DIREÇÃO CONFIRMADA — AGUARDAR EXECUÇÃO,,Risco de evento elevado | ICT incompleto (31/100),True,M15,1.0,SOURCE_EQUALS_EXECUTION,,,,,,
dc24e25ed63d43107b8dc9e4,dc24e25ed63d43107b8dc9e4,USD/CHF,BUY,bos-choch-ob,SOURCE_MODEL_EXPLICIT,BLOCKED_CONTEXT,,2026-09-28T04:23:34.075551+00:00,,,,,,,2.0,,,,,,,,,89.0,91.0,89.9,🟢 CONFIRMA,🟢 PULLBACK OK,🔴 SEM GATILHO,62.8,56.7,B,65.0,9.718574108820436,ATENÇÃO,1.4551457,1.4551457,True,100.0,TENDÊNCIA ALTISTA,EXPANSÃO DOS DOIS LADOS,,False,"Candidato observado, mas não qualificado para simulação pelo contexto global.",2026-09-28T04:25:08.494278+00:00,2026-09-28T04:25:08.494278+00:00,ATLASQUANT_MODEL_PAPER_V1,7e380b5489a14beba0329739,dc24e25ed63d43107b8dc9e4,BOS_CHOCH_OB,M15,2026-09-28T04:23:34.075551+00:00,CHOCH + 🟡 ORDER BLOCK PARCIALMENTE MITIGADO / ATIVO,70.0,"{""break_time"": ""2026-09-28T03:30:00+00:00"", ""invalidated"": false, ""mitigation_depth_pct"": 13.8, ""order_block_side"": ""BUY"", ""order_block_status"": ""🟡 ORDER BLOCK PARCIALMENTE MITIGADO / ATIVO"", ""origin_time"": ""2026-09-28T03:00:00+00:00"", ""structure_event"": ""CHOCH"", ""structure_level"": 0.82942, ""structure_side"": ""BUY"", ""structure_status"": ""🟢 CHOCH CONFIRMADO"", ""zone_high"": 0.82936, ""zone_low"": 0.82907}",False,🟡 DIREÇÃO CONFIRMADA — AGUARDAR EXECUÇÃO,,Risco de evento elevado | ICT incompleto (63/100) | Fluxo institucional incompleto (57/100) | M15 ainda não confirmou gatilho,True,M15,1.0,SOURCE_EQUALS_EXECUTION,,,,,,
9e440f0ea9a79ba29ff7759d,9e440f0ea9a79ba29ff7759d,USD/CHF,BUY,crt,SOURCE_MODEL_EXPLICIT,BLOCKED_CONTEXT,,2026-09-28T04:23:34.075551+00:00,,,,,,,2.0,,,,,,,,,89.0,91.0,89.9,🟢 CONFIRMA,🟢 PULLBACK OK,🔴 SEM GATILHO,62.8,56.7,B,65.0,9.718574108820436,ATENÇÃO,1.4551457,1.4551457,True,100.0,TENDÊNCIA ALTISTA,EXPANSÃO DOS DOIS LADOS,,False,"Candidato observado, mas não qualificado para simulação pelo contexto global.",2026-09-28T04:25:08.494278+00:00,2026-09-28T04:25:08.494278+00:00,ATLASQUANT_MODEL_PAPER_V1,ff37df59462892deb358fa0e,9e440f0ea9a79ba29ff7759d,CRT,H1,2026-09-28T04:23:34.075551+00:00,🟢 CRT CONFIRMADO,100.0,"{""anchor_high"": 0.82974, ""anchor_low"": 0.82926, ""invalidation"": 0.82907, ""phase"": ""DISTRIBUIÇÃO"", ""raid_side"": ""SSL"", ""score"": 100.0, ""status"": ""🟢 CRT CONFIRMADO"", ""target"": 0.82974}",False,🟡 DIREÇÃO CONFIRMADA — AGUARDAR EXECUÇÃO,,Risco de evento elevado | ICT incompleto (63/100) | Fluxo institucional incompleto (57/100),True,H1,1.0,SOURCE_EQUALS_EXECUTION,,,,,,
bcbc95dccdc67fdd251a1603,bcbc95dccdc67fdd251a1603,EUR/USD,SELL,amd-po3,SOURCE_MODEL_EXPLICIT,BLOCKED_CONTEXT,,2026-09-28T05:22:36.653952+00:00,,,,,,,2.0,,,,,,,,,91.0,70.0,82.5,🟢 CONFIRMA,🟢 PULLBACK OK,🔴 SEM GATILHO,71.8,49.7,WAIT,50.0,11.876247504990271,ATENÇÃO,1.6217561,1.6217561,True,100.0,TENDÊNCIA BAIXISTA,COMPRESSÃO,,False,"Candidato observado, mas não qualificado para simulação pelo contexto global.",2026-09-28T05:24:15.421869+00:00,2026-09-28T05:24:15.421869+00:00,ATLASQUANT_MODEL_PAPER_V1,62150b3a5cfa7613b2bde259,bcbc95dccdc67fdd251a1603,AMD,M15,2026-09-28T05:22:36.653952+00:00,🟢 AMD / PO3 EM DISTRIBUIÇÃO,100.0,"{""acc_high"": 1.13909, ""acc_low"": 1.13845, ""manipulation_side"": ""BSL"", ""phase"": ""DISTRIBUIÇÃO"", ""score"": 100.0, ""status"": ""🟢 AMD / PO3 EM DISTRIBUIÇÃO"", ""target"": 1.13845}",False,🟡 DIREÇÃO CONFIRMADA — AGUARDAR EXECUÇÃO,,Gate ainda não liberou execução | Risco de evento elevado | Fluxo institucional incompleto (50/100) | M15 ainda não confirmou gatilho,True,M15,1.0,SOURCE_EQUALS_EXECUTION,,,,,,
da3a7828b75e9210e74f3d1d,da3a7828b75e9210e74f3d1d,EUR/USD,SELL,crt,SOURCE_MODEL_EXPLICIT,BLOCKED_CONTEXT,,2026-09-28T05:22:36.653952+00:00,,,,,,,2.0,,,,,,,,,91.0,70.0,82.5,🟢 CONFIRMA,🟢 PULLBACK OK,🔴 SEM GATILHO,71.8,49.7,WAIT,50.0,11.876247504990271,ATENÇÃO,1.6217561,1.6217561,True,100.0,TENDÊNCIA BAIXISTA,COMPRESSÃO,,False,"Candidato observado, mas não qualificado para simulação pelo contexto global.",2026-09-28T05:24:15.421869+00:00,2026-09-28T05:24:15.421869+00:00,ATLASQUANT_MODEL_PAPER_V1,5d6e62bf91df29cbf7d018f0,da3a7828b75e9210e74f3d1d,CRT,H1,2026-09-28T05:22:36.653952+00:00,🟢 CRT CONFIRMADO,100.0,"{""anchor_high"": 1.13908, ""anchor_low"": 1.13873, ""invalidation"": 1.13917, ""phase"": ""DISTRIBUIÇÃO"", ""raid_side"": ""BSL"", ""score"": 100.0, ""status"": ""🟢 CRT CONFIRMADO"", ""target"": 1.13873}",False,🟡 DIREÇÃO CONFIRMADA — AGUARDAR EXECUÇÃO,,Gate ainda não liberou execução | Risco de evento elevado | Fluxo institucional incompleto (50/100),True,H1,1.0,SOURCE_EQUALS_EXECUTION,,,,,,
ef14969ce6f3e04068c04052,ef14969ce6f3e04068c04052,GBP/USD,SELL,ote,SOURCE_MODEL_EXPLICIT,BLOCKED_CONTEXT,,2026-09-28T05:22:36.653952+00:00,,,,,,,2.0,,,,,,,,,68.0,70.0,69.1,🟢 CONFIRMA,🟡 ALINHADO,🔴 SEM GATILHO,67.5,63.6,WAIT,28.0,11.504424778757867,ATENÇÃO,1.56905555,1.56905555,True,100.0,EXPANSÃO DOS DOIS LADOS,TENDÊNCIA ALTISTA,,False,"Candidato observado, mas não qualificado para simulação pelo contexto global.",2026-09-28T05:24:15.421869+00:00,2026-09-28T05:24:15.421869+00:00,ATLASQUANT_MODEL_PAPER_V1,a7cf5b006921876c454dbf48,ef14969ce6f3e04068c04052,OTE,H1,2026-09-28T05:22:36.653952+00:00,🟢 DENTRO DO OTE,90.0,"{""price"": 1.32438, ""retracement_pct"": 62.30529595015016, ""score"": 90.0, ""status"": ""🟢 DENTRO DO OTE"", ""sweet_705"": 1.3246430500000002, ""swing_high"": 1.32559, ""swing_low"": 1.32238, ""zone_high"": 1.3249159000000001, ""zone_low"": 1.3243702000000002}",False,⚪ EM OBSERVAÇÃO,,Gate ainda não liberou execução | Risco de evento elevado | ICT incompleto (68/100) | Fluxo institucional incompleto (64/100) | H1 ainda não confirmou gatilho,True,H1,1.0,SOURCE_EQUALS_EXECUTION,,,,,,
edf955e68e7af555b295b442,edf955e68e7af555b295b442,NZD/USD,SELL,ote,SOURCE_MODEL_EXPLICIT,BLOCKED_CONTEXT,,2026-09-28T05:22:36.653952+00:00,,,,,,,2.0,,,,,,,,,84.0,91.0,87.1,🟡 PARCIAL,🔴 CONTRA,🔴 SEM GATILHO,59.5,62.3,WAIT,58.0,11.337008959337677,ATENÇÃO,1.5414707166666666,1.5414707166666666,True,100.0,TENDÊNCIA BAIXISTA,EQUILÍBRIO / LIQUIDEZ,,False,"Candidato observado, mas não qualificado para simulação pelo contexto global.",2026-09-28T05:24:15.421869+00:00,2026-09-28T05:24:15.421869+00:00,ATLASQUANT_MODEL_PAPER_V1,d42dce59e01e9b5ca3c5bf1d,edf955e68e7af555b295b442,OTE,H1,2026-09-28T05:22:36.653952+00:00,🟢 DENTRO DO OTE,100.0,"{""price"": 0.56722, ""retracement_pct"": 71.87499999999946, ""score"": 100.0, ""status"": ""🟢 DENTRO DO OTE"", ""sweet_705"": 0.567176, ""swing_high"": 0.56812, ""swing_low"": 0.56492, ""zone_high"": 0.567448, ""zone_low"": 0.566904}",False,🔴 BLOQUEADO,H1 está contra o viés,Gate ainda não liberou execução | Risco de evento elevado | ICT incompleto (60/100) | Fluxo institucional incompleto (62/100) | H1 ainda não confirmou gatilho,True,H1,1.0,SOURCE_EQUALS_EXECUTION,,,,,,
75860caf2d86a993c6b50c1b,75860caf2d86a993c6b50c1b,USD/CHF,BUY,bos-choch-ob,SOURCE_MODEL_EXPLICIT,BLOCKED_CONTEXT,,2026-09-28T05:22:36.653952+00:00,,,,,,,2.0,,,,,,,,,89.0,91.0,89.9,🟢 CONFIRMA,🟢 PULLBACK OK,🟢 GATILHO,39.5,68.0,B,65.0,18.91181988743105,ATENÇÃO,1.4870571666666663,1.4870571666666663,True,100.0,TENDÊNCIA ALTISTA,EXPANSÃO DOS DOIS LADOS,,False,"Candidato observado, mas não qualificado para simulação pelo contexto global.",2026-09-28T05:24:15.421869+00:00,2026-09-28T05:24:15.421869+00:00,ATLASQUANT_MODEL_PAPER_V1,0ca6f6050820bead7480b6e3,75860caf2d86a993c6b50c1b,BOS_CHOCH_OB,M15,2026-09-28T05:22:36.653952+00:00,BOS + 🟡 ORDER BLOCK ATIVO,68.0,"{""break_time"": ""2026-09-28T05:00:00+00:00"", ""invalidated"": false, ""mitigation_depth_pct"": 0.0, ""order_block_side"": ""BUY"", ""order_block_status"": ""🟡 ORDER BLOCK ATIVO"", ""origin_time"": ""2026-09-28T04:30:00+00:00"", ""structure_event"": ""BOS"", ""structure_level"": 0.82969, ""structure_side"": ""BUY"", ""structure_status"": ""🟢 BOS CONFIRMADO"", ""zone_high"": 0.82946, ""zone_low"": 0.82927}",False,🟡 DIREÇÃO CONFIRMADA — AGUARDAR EXECUÇÃO,,Risco de evento elevado | ICT incompleto (40/100) | Fluxo institucional incompleto (68/100),True,M15,1.0,SOURCE_EQUALS_EXECUTION,,,,,,
6f061d535934dca51559f76a,6f061d535934dca51559f76a,USD/JPY,BUY,amd-po3,SOURCE_MODEL_EXPLICIT,BLOCKED_CONTEXT,,2026-09-28T05:22:36.653952+00:00,,,,,,,2.0,,,,,,,,,90.0,84.0,87.2,🟡 PARCIAL,🟢 PULLBACK OK,🟡 AGUARDAR GATILHO,57.5,47.4,WAIT,60.0,15.117221730827351,ATENÇÃO,0.58636415,0.58636415,True,100.0,TENDÊNCIA ALTISTA,TENDÊNCIA BAIXISTA,,False,"Candidato observado, mas não qualificado para simulação pelo contexto global.",2026-09-28T05:24:15.421869+00:00,2026-09-28T05:24:15.421869+00:00,ATLASQUANT_MODEL_PAPER_V1,9419cd2666e7cdda97681d42,6f061d535934dca51559f76a,AMD,M15,2026-09-28T05:22:36.653952+00:00,🟢 AMD / PO3 EM DISTRIBUIÇÃO,100.0,"{""acc_high"": 157.84994, ""acc_low"": 157.67281, ""manipulation_side"": ""SSL"", ""phase"": ""DISTRIBUIÇÃO"", ""score"": 100.0, ""status"": ""🟢 AMD / PO3 EM DISTRIBUIÇÃO"", ""target"": 157.84994}",False,⚪ EM OBSERVAÇÃO,,Gate ainda não liberou execução | Risco de evento elevado | ICT incompleto (58/100) | Fluxo institucional incompleto (47/100) | M15 ainda não confirmou gatilho,True,M15,1.0,SOURCE_EQUALS_EXECUTION,,,,,,
fa4efe8428a20c8676cd0265,fa4efe8428a20c8676cd0265,EUR/USD,SELL,bos-choch-ob,SOURCE_MODEL_EXPLICIT,BLOCKED_CONTEXT,,2026-09-28T06:31:11.188518+00:00,,,,,,,2.0,,,,,,,,,91.0,70.0,82.5,🟢 CONFIRMA,🟢 PULLBACK OK,🟡 AGUARDAR GATILHO,60.5,63.8,WAIT,57.0,32.36859614105131,ATENÇÃO,1.5217639833333334,1.5217639833333334,True,100.0,TENDÊNCIA BAIXISTA,COMPRESSÃO,London Killzone,False,"Candidato observado, mas não qualificado para simulação pelo contexto global.",2026-09-28T06:32:43.669998+00:00,2026-09-28T06:32:43.669998+00:00,ATLASQUANT_MODEL_PAPER_V1,79b341c3b274771e9a04b525,fa4efe8428a20c8676cd0265,BOS_CHOCH_OB,M15,2026-09-28T06:31:11.188518+00:00,BOS + 🟡 ORDER BLOCK ATIVO,68.0,"{""break_time"": ""2026-09-28T05:30:00+00:00"", ""invalidated"": false, ""mitigation_depth_pct"": 0.0, ""order_block_side"": ""SELL"", ""order_block_status"": ""🟡 ORDER BLOCK ATIVO"", ""origin_time"": ""2026-09-28T05:15:00+00:00"", ""structure_event"": ""BOS"", ""structure_level"": 1.13853, ""structure_side"": ""SELL"", ""structure_status"": ""🟢 BOS CONFIRMADO"", ""zone_high"": 1.13877, ""zone_low"": 1.13854}",False,🟡 DIREÇÃO CONFIRMADA — AGUARDAR EXECUÇÃO,,Gate ainda não liberou execução | Risco de evento elevado | ICT incompleto (60/100) | Fluxo institucional incompleto (64/100) | M15 ainda não confirmou gatilho,True,M15,1.0,SOURCE_EQUALS_EXECUTION,,,,,,
564c5f89f001eeb8f83c0e42,564c5f89f001eeb8f83c0e42,GBP/USD,SELL,amd-po3,SOURCE_MODEL_EXPLICIT,BLOCKED_CONTEXT,,2026-09-28T06:31:11.188518+00:00,,,,,,,2.0,,,,,,,,,68.0,70.0,69.1,🟢 CONFIRMA,🟡 ALINHADO,🟢 GATILHO,83.2,79.8,WAIT,35.0,27.787610619466456,ATENÇÃO,1.4744882333333331,1.4744882333333331,True,100.0,EXPANSÃO DOS DOIS LADOS,TENDÊNCIA ALTISTA,London Killzone,False,"Candidato observado, mas não qualificado para simulação pelo contexto global.",2026-09-28T06:32:43.669998+00:00,2026-09-28T06:32:43.669998+00:00,ATLASQUANT_MODEL_PAPER_V1,35b5eea01973d9feeb45d471,564c5f89f001eeb8f83c0e42,AMD,M15,2026-09-28T06:31:11.188518+00:00,🟢 AMD / PO3 EM DISTRIBUIÇÃO,100.0,"{""acc_high"": 1.32471, ""acc_low"": 1.32401, ""manipulation_side"": ""BSL"", ""phase"": ""DISTRIBUIÇÃO"", ""score"": 100.0, ""status"": ""🟢 AMD / PO3 EM DISTRIBUIÇÃO"", ""target"": 1.32401}",False,🟠 SETUP EM FORMAÇÃO,,Gate ainda não liberou execução | Risco de evento elevado,True,M15,1.0,SOURCE_EQUALS_EXECUTION,,,,,,
c45dc5640e9956d18940dcde,c45dc5640e9956d18940dcde,GBP/USD,SELL,bos-choch-ob,SOURCE_MODEL_EXPLICIT,BLOCKED_CONTEXT,,2026-09-28T06:31:11.188518+00:00,,,,,,,2.0,,,,,,,,,68.0,70.0,69.1,🟢 CONFIRMA,🟡 ALINHADO,🟢 GATILHO,83.2,79.8,WAIT,35.0,27.787610619466456,ATENÇÃO,1.4744882333333331,1.4744882333333331,True,100.0,EXPANSÃO DOS DOIS LADOS,TENDÊNCIA ALTISTA,London Killzone,False,"Candidato observado, mas não qualificado para simulação pelo contexto global.",2026-09-28T06:32:43.669998+00:00,2026-09-28T06:32:43.669998+00:00,ATLASQUANT_MODEL_PAPER_V1,c27d5219600289a5bd46e8e1,c45dc5640e9956d18940dcde,BOS_CHOCH_OB,M15,2026-09-28T06:31:11.188518+00:00,BOS + 🟡 ORDER BLOCK ATIVO,68.0,"{""break_time"": ""2026-09-28T06:00:00+00:00"", ""invalidated"": false, ""mitigation_depth_pct"": 0.0, ""order_block_side"": ""SELL"", ""order_block_status"": ""🟡 ORDER BLOCK ATIVO"", ""origin_time"": ""2026-09-28T05:15:00+00:00"", ""structure_event"": ""BOS"", ""structure_level"": 1.32401, ""structure_side"": ""SELL"", ""structure_status"": ""🟢 BOS CONFIRMADO"", ""zone_high"": 1.32455, ""zone_low"": 1.32415}",False,🟠 SETUP EM FORMAÇÃO,,Gate ainda não liberou execução | Risco de evento elevado,True,M15,1.0,SOURCE_EQUALS_EXECUTION,,,,,,
d05708d81e85bbb73d829096,d05708d81e85bbb73d829096,NZD/USD,SELL,amd-po3,SOURCE_MODEL_EXPLICIT,BLOCKED_CONTEXT,,2026-09-28T06:31:11.188518+00:00,,,,,,,2.0,,,,,,,,,84.0,91.0,87.1,🟡 PARCIAL,🔴 CONTRA,🔴 SEM GATILHO,73.8,81.7,B,65.0,26.77463818056379,ATENÇÃO,1.4562781333333334,1.4562781333333334,True,100.0,TENDÊNCIA BAIXISTA,EQUILÍBRIO / LIQUIDEZ,London Killzone,False,"Candidato observado, mas não qualificado para simulação pelo contexto global.",2026-09-28T06:32:43.669998+00:00,2026-09-28T06:32:43.669998+00:00,ATLASQUANT_MODEL_PAPER_V1,97701099fd04aa1c52ab8960,d05708d81e85bbb73d829096,AMD,M15,2026-09-28T06:31:11.188518+00:00,🟢 AMD / PO3 EM DISTRIBUIÇÃO,100.0,"{""acc_high"": 0.56741, ""acc_low"": 0.56652, ""manipulation_side"": ""BSL"", ""phase"": ""DISTRIBUIÇÃO"", ""score"": 100.0, ""status"": ""🟢 AMD / PO3 EM DISTRIBUIÇÃO"", ""target"": 0.56652}",False,🔴 BLOQUEADO,H1 está contra o viés,Risco de evento elevado | M15 ainda não confirmou gatilho,True,M15,1.0,SOURCE_EQUALS_EXECUTION,,,,,,
d19654bc447c957d09b26d13,d19654bc447c957d09b26d13,USD/CAD,BUY,amd-po3,SOURCE_MODEL_EXPLICIT,BLOCKED_CONTEXT,,2026-09-28T06:31:11.188518+00:00,,,,,,,2.0,,,,,,,,,89.0,91.0,89.9,🟢 CONFIRMA,🟢 PULLBACK OK,🟡 AGUARDAR GATILHO,71.8,52.8,B,77.0,22.72565108811894,ATENÇÃO,1.4374405166666666,1.4374405166666666,True,100.0,TENDÊNCIA ALTISTA,TENDÊNCIA ALTISTA,London Killzone,False,"Candidato observado, mas não qualificado para simulação pelo contexto global.",2026-09-28T06:32:43.669998+00:00,2026-09-28T06:32:43.669998+00:00,ATLASQUANT_MODEL_PAPER_V1,7e3dcdc8c5fe0e51f9ed06ca,d19654bc447c957d09b26d13,AMD,M15,2026-09-28T06:31:11.188518+00:00,🟢 AMD / PO3 EM DISTRIBUIÇÃO,100.0,"{""acc_high"": 1.4155, ""acc_low"": 1.41489, ""manipulation_side"": ""SSL"", ""phase"": ""DISTRIBUIÇÃO"", ""score"": 100.0, ""status"": ""🟢 AMD / PO3 EM DISTRIBUIÇÃO"", ""target"": 1.4155}",False,🟡 DIREÇÃO CONFIRMADA — AGUARDAR EXECUÇÃO,,Risco de evento elevado | Fluxo institucional incompleto (53/100) | M15 ainda não confirmou gatilho,True,M15,1.0,SOURCE_EQUALS_EXECUTION,,,,,,
9ce48154d267c30c827ebeb6,9ce48154d267c30c827ebeb6,USD/CAD,BUY,crt,SOURCE_MODEL_EXPLICIT,BLOCKED_CONTEXT,,2026-09-28T06:31:11.188518+00:00,,,,,,,2.0,,,,,,,,,89.0,91.0,89.9,🟢 CONFIRMA,🟢 PULLBACK OK,🟡 AGUARDAR GATILHO,71.8,52.8,B,77.0,22.72565108811894,ATENÇÃO,1.4374405166666666,1.4374405166666666,True,100.0,TENDÊNCIA ALTISTA,TENDÊNCIA ALTISTA,London Killzone,False,"Candidato observado, mas não qualificado para simulação pelo contexto global.",2026-09-28T06:32:43.669998+00:00,2026-09-28T06:32:43.669998+00:00,ATLASQUANT_MODEL_PAPER_V1,551620cb8ad3bf7274a9e05d,9ce48154d267c30c827ebeb6,CRT,H1,2026-09-28T06:31:11.188518+00:00,🟢 CRT CONFIRMADO,100.0,"{""anchor_high"": 1.4155, ""anchor_low"": 1.41496, ""invalidation"": 1.4148, ""phase"": ""DISTRIBUIÇÃO"", ""raid_side"": ""SSL"", ""score"": 100.0, ""status"": ""🟢 CRT CONFIRMADO"", ""target"": 1.4155}",False,🟡 DIREÇÃO CONFIRMADA — AGUARDAR EXECUÇÃO,,Risco de evento elevado | Fluxo institucional incompleto (53/100),True,H1,1.0,SOURCE_EQUALS_EXECUTION,,,,,,
2a44e9a4f3cd1d01c76cc20d,2a44e9a4f3cd1d01c76cc20d,USD/CAD,BUY,bos-choch-ob,SOURCE_MODEL_EXPLICIT,BLOCKED_CONTEXT,,2026-09-28T07:24:52.792452+00:00,,,,,,,2.0,,,,,,,,,89.0,91.0,89.9,🟢 CONFIRMA,🟢 PULLBACK OK,🟢 GATILHO,60.5,70.8,B,77.0,35.71173742418929,ATENÇÃO,1.4648914666666668,1.4648914666666668,True,100.0,TENDÊNCIA ALTISTA,TENDÊNCIA ALTISTA,London Killzone,False,"Candidato observado, mas não qualificado para simulação pelo contexto global.",2026-09-28T07:26:28.239588+00:00,2026-09-28T07:26:28.239588+00:00,ATLASQUANT_MODEL_PAPER_V1,c08674dab11829bff3c166c5,2a44e9a4f3cd1d01c76cc20d,BOS_CHOCH_OB,M15,2026-09-28T07:24:52.792452+00:00,BOS + 🟡 ORDER BLOCK ATIVO,68.0,"{""break_time"": ""2026-09-28T06:45:00+00:00"", ""invalidated"": false, ""mitigation_depth_pct"": 0.0, ""order_block_side"": ""BUY"", ""order_block_status"": ""🟡 ORDER BLOCK ATIVO"", ""origin_time"": ""2026-09-28T06:00:00+00:00"", ""structure_event"": ""BOS"", ""structure_level"": 1.41571, ""structure_side"": ""BUY"", ""structure_status"": ""🟢 BOS CONFIRMADO"", ""zone_high"": 1.41552, ""zone_low"": 1.41519}",False,🟡 DIREÇÃO CONFIRMADA — AGUARDAR EXECUÇÃO,,Risco de evento elevado | ICT incompleto (60/100),True,M15,1.0,SOURCE_EQUALS_EXECUTION,,,,,,
60eedf68c2eebd99131e5d63,60eedf68c2eebd99131e5d63,USD/JPY,BUY,ote,SOURCE_MODEL_EXPLICIT,BLOCKED_CONTEXT,,2026-09-28T08:26:02.518127+00:00,,,,,,,2.0,,,,,,,,,90.0,84.0,87.2,🟡 PARCIAL,🔴 CONTRA,🔴 SEM GATILHO,55.5,75.7,B,67.0,118.21998504395748,ATENÇÃO,0.6981951,0.6981951,True,100.0,TENDÊNCIA ALTISTA,TENDÊNCIA BAIXISTA,London Killzone,False,"Candidato observado, mas não qualificado para simulação pelo contexto global.",2026-09-28T08:27:48.131306+00:00,2026-09-28T08:27:48.131306+00:00,ATLASQUANT_MODEL_PAPER_V1,ca4e0b080b31e664e3d12fce,60eedf68c2eebd99131e5d63,OTE,H1,2026-09-28T08:26:02.518127+00:00,🟢 DENTRO DO OTE,90.0,"{""price"": 157.28808, ""retracement_pct"": 78.69633229978315, ""score"": 90.0, ""status"": ""🟢 DENTRO DO OTE"", ""sweet_705"": 157.3467641, ""swing_high"": 157.85153, ""swing_low"": 157.13555, ""zone_high"": 157.4076224, ""zone_low"": 157.2859058}",False,🔴 BLOQUEADO,H1 está contra o viés | ADR14 muito esticado (118%),Risco de evento elevado | ADR14 em 118%: evitar perseguir preço | ICT incompleto (56/100) | H1 ainda não confirmou gatilho,True,H1,1.0,SOURCE_EQUALS_EXECUTION,,,,,,
13d2066761e3f09fbc58f3af,13d2066761e3f09fbc58f3af,EUR/USD,SELL,amd-po3,SOURCE_MODEL_EXPLICIT,BLOCKED_CONTEXT,,2026-09-28T09:25:47.374346+00:00,,,,,,,2.0,,,,,,,,,91.0,70.0,82.5,🟢 CONFIRMA,🟢 PULLBACK OK,🟢 GATILHO,71.8,43.2,WAIT,50.0,41.45043246839408,ATENÇÃO,1.7271478,1.7271478,True,100.0,TENDÊNCIA BAIXISTA,COMPRESSÃO,,False,"Candidato observado, mas não qualificado para simulação pelo contexto global.",2026-09-28T09:27:32.438982+00:00,2026-09-28T09:27:32.438982+00:00,ATLASQUANT_MODEL_PAPER_V1,673db53aa22bb0ff7326ca0b,13d2066761e3f09fbc58f3af,AMD,M15,2026-09-28T09:25:47.374346+00:00,🟢 AMD / PO3 EM DISTRIBUIÇÃO,100.0,"{""acc_high"": 1.13892, ""acc_low"": 1.13724, ""manipulation_side"": ""BSL"", ""phase"": ""DISTRIBUIÇÃO"", ""score"": 100.0, ""status"": ""🟢 AMD / PO3 EM DISTRIBUIÇÃO"", ""target"": 1.13724}",False,🟡 DIREÇÃO CONFIRMADA — AGUARDAR EXECUÇÃO,,Gate ainda não liberou execução | Risco de evento elevado | Fluxo institucional incompleto (43/100),True,M15,1.0,SOURCE_EQUALS_EXECUTION,,,,,,
aad85ce39a6fe07194d26480,aad85ce39a6fe07194d26480,EUR/USD,SELL,crt,SOURCE_MODEL_EXPLICIT,BLOCKED_CONTEXT,,2026-09-28T09:25:47.374346+00:00,,,,,,,2.0,,,,,,,,,91.0,70.0,82.5,🟢 CONFIRMA,🟢 PULLBACK OK,🟢 GATILHO,71.8,43.2,WAIT,50.0,41.45043246839408,ATENÇÃO,1.7271478,1.7271478,True,100.0,TENDÊNCIA BAIXISTA,COMPRESSÃO,,False,"Candidato observado, mas não qualificado para simulação pelo contexto global.",2026-09-28T09:27:32.438982+00:00,2026-09-28T09:27:32.438982+00:00,ATLASQUANT_MODEL_PAPER_V1,92b0b57d81f9ace9e219df41,aad85ce39a6fe07194d26480,CRT,H1,2026-09-28T09:25:47.374346+00:00,🟢 CRT CONFIRMADO,100.0,"{""anchor_high"": 1.1383, ""anchor_low"": 1.13758, ""invalidation"": 1.13858, ""phase"": ""DISTRIBUIÇÃO"", ""raid_side"": ""BSL"", ""score"": 100.0, ""status"": ""🟢 CRT CONFIRMADO"", ""target"": 1.13758}",False,🟡 DIREÇÃO CONFIRMADA — AGUARDAR EXECUÇÃO,,Gate ainda não liberou execução | Risco de evento elevado | Fluxo institucional incompleto (43/100),True,H1,1.0,SOURCE_EQUALS_EXECUTION,,,,,,
5b8780d3462e6fa2faf10169,5b8780d3462e6fa2faf10169,USD/CAD,BUY,amd-po3,SOURCE_MODEL_EXPLICIT,BLOCKED_CONTEXT,,2026-09-28T09:25:47.374346+00:00,,,,,,,2.0,,,,,,,,,89.0,91.0,89.9,🟢 CONFIRMA,🟢 PULLBACK OK,🟡 AGUARDAR GATILHO,50.8,55.9,B,75.0,35.71173742418929,ATENÇÃO,1.6075614666666669,1.6075614666666669,True,100.0,TENDÊNCIA ALTISTA,TENDÊNCIA ALTISTA,,False,"Candidato observado, mas não qualificado para simulação pelo contexto global.",2026-09-28T09:27:32.438982+00:00,2026-09-28T09:27:32.438982+00:00,ATLASQUANT_MODEL_PAPER_V1,6eeaee9ce8f7503842799fc2,5b8780d3462e6fa2faf10169,AMD,M15,2026-09-28T09:25:47.374346+00:00,🟢 AMD / PO3 EM DISTRIBUIÇÃO,100.0,"{""acc_high"": 1.41623, ""acc_low"": 1.41502, ""manipulation_side"": ""SSL"", ""phase"": ""DISTRIBUIÇÃO"", ""score"": 100.0, ""status"": ""🟢 AMD / PO3 EM DISTRIBUIÇÃO"", ""target"": 1.41623}",False,🟡 DIREÇÃO CONFIRMADA — AGUARDAR EXECUÇÃO,,Risco de evento elevado | ICT incompleto (51/100) | Fluxo institucional incompleto (56/100) | M15 ainda não confirmou gatilho,True,M15,1.0,SOURCE_EQUALS_EXECUTION,,,,,,
b7bb7a82ea0de8a0da60677b,b7bb7a82ea0de8a0da60677b,USD/CHF,BUY,amd-po3,SOURCE_MODEL_EXPLICIT,BLOCKED_CONTEXT,,2026-09-28T09:25:47.374346+00:00,,,,,,,2.0,,,,,,,,,89.0,91.0,89.9,🟢 CONFIRMA,🟢 PULLBACK OK,🟡 AGUARDAR GATILHO,82.2,58.1,B,65.0,59.36210131332185,ATENÇÃO,1.5787736666666667,1.5787736666666667,True,100.0,TENDÊNCIA ALTISTA,EXPANSÃO DOS DOIS LADOS,,False,"Candidato observado, mas não qualificado para simulação pelo contexto global.",2026-09-28T09:27:32.438982+00:00,2026-09-28T09:27:32.438982+00:00,ATLASQUANT_MODEL_PAPER_V1,296aaacdfcd70a39c8346ec5,b7bb7a82ea0de8a0da60677b,AMD,M15,2026-09-28T09:25:47.374346+00:00,🟢 AMD / PO3 EM DISTRIBUIÇÃO,100.0,"{""acc_high"": 0.83153, ""acc_low"": 0.8298, ""manipulation_side"": ""SSL"", ""phase"": ""DISTRIBUIÇÃO"", ""score"": 100.0, ""status"": ""🟢 AMD / PO3 EM DISTRIBUIÇÃO"", ""target"": 0.83153}",False,🟡 DIREÇÃO CONFIRMADA — AGUARDAR EXECUÇÃO,,Risco de evento elevado | Fluxo institucional incompleto (58/100) | M15 ainda não confirmou gatilho,True,M15,1.0,SOURCE_EQUALS_EXECUTION,,,,,,
ba984662134107092b898f9e,ba984662134107092b898f9e,USD/CHF,BUY,crt,SOURCE_MODEL_EXPLICIT,BLOCKED_CONTEXT,,2026-09-28T09:25:47.374346+00:00,,,,,,,2.0,,,,,,,,,89.0,91.0,89.9,🟢 CONFIRMA,🟢 PULLBACK OK,🟡 AGUARDAR GATILHO,82.2,58.1,B,65.0,59.36210131332185,ATENÇÃO,1.5787736666666667,1.5787736666666667,True,100.0,TENDÊNCIA ALTISTA,EXPANSÃO DOS DOIS LADOS,,False,"Candidato observado, mas não qualificado para simulação pelo contexto global.",2026-09-28T09:27:32.438982+00:00,2026-09-28T09:27:32.438982+00:00,ATLASQUANT_MODEL_PAPER_V1,0dc32ed87e49886409a17a97,ba984662134107092b898f9e,CRT,H1,2026-09-28T09:25:47.374346+00:00,🟢 CRT CONFIRMADO,100.0,"{""anchor_high"": 0.83153, ""anchor_low"": 0.83021, ""invalidation"": 0.83009, ""phase"": ""DISTRIBUIÇÃO"", ""raid_side"": ""SSL"", ""score"": 100.0, ""status"": ""🟢 CRT CONFIRMADO"", ""target"": 0.83153}",False,🟡 DIREÇÃO CONFIRMADA — AGUARDAR EXECUÇÃO,,Risco de evento elevado | Fluxo institucional incompleto (58/100),True,H1,1.0,SOURCE_EQUALS_EXECUTION,,,,,,
877aa12115f2409501a1c5ec,877aa12115f2409501a1c5ec,USD/CHF,BUY,fvg,SOURCE_MODEL_EXPLICIT,BLOCKED_CONTEXT,,2026-09-28T09:25:47.374346+00:00,,,,,,,2.0,,,,,,,,,89.0,91.0,89.9,🟢 CONFIRMA,🟢 PULLBACK OK,🟡 AGUARDAR GATILHO,82.2,58.1,B,65.0,59.36210131332185,ATENÇÃO,1.5787736666666667,1.5787736666666667,True,100.0,TENDÊNCIA ALTISTA,EXPANSÃO DOS DOIS LADOS,,False,"Candidato observado, mas não qualificado para simulação pelo contexto global.",2026-09-28T09:27:32.438982+00:00,2026-09-28T09:27:32.438982+00:00,ATLASQUANT_MODEL_PAPER_V1,75d4b8ed86776ac57f2efe79,877aa12115f2409501a1c5ec,FVG,M15,2026-09-28T09:25:47.374346+00:00,🟢 FVG EM TESTE,90.0,"{""price"": 0.83094, ""score"": 90.0, ""status"": ""🟢 FVG EM TESTE"", ""zone_high"": 0.83098, ""zone_low"": 0.83086}",False,🟡 DIREÇÃO CONFIRMADA — AGUARDAR EXECUÇÃO,,Risco de evento elevado | Fluxo institucional incompleto (58/100) | M15 ainda não confirmou gatilho,True,M15,1.0,SOURCE_EQUALS_EXECUTION,,,,,,
a9d68a9028d4c7618cd80fff,a9d68a9028d4c7618cd80fff,NZD/USD,SELL,bos-choch-ob,SOURCE_MODEL_EXPLICIT,BLOCKED_CONTEXT,,2026-09-28T10:25:34.754678+00:00,,,,,,,2.0,,,,,,,,,84.0,91.0,87.1,🟢 CONFIRMA,🟢 PULLBACK OK,🟢 GATILHO,39.5,64.1,WAIT,50.0,48.96623018607801,ATENÇÃO,1.64706425,1.64706425,True,100.0,TENDÊNCIA BAIXISTA,EQUILÍBRIO / LIQUIDEZ,,False,"Candidato observado, mas não qualificado para simulação pelo contexto global.",2026-09-28T10:27:19.234070+00:00,2026-09-28T10:27:19.234070+00:00,ATLASQUANT_MODEL_PAPER_V1,48fbf2ed4717606dae6a9fae,a9d68a9028d4c7618cd80fff,BOS_CHOCH_OB,M15,2026-09-28T10:25:34.754678+00:00,BOS + 🟡 ORDER BLOCK ATIVO,68.0,"{""break_time"": ""2026-09-28T10:00:00+00:00"", ""invalidated"": false, ""mitigation_depth_pct"": 0.0, ""order_block_side"": ""SELL"", ""order_block_status"": ""🟡 ORDER BLOCK ATIVO"", ""origin_time"": ""2026-09-28T09:30:00+00:00"", ""structure_event"": ""BOS"", ""structure_level"": 0.56591, ""structure_side"": ""SELL"", ""structure_status"": ""🟢 BOS CONFIRMADO"", ""zone_high"": 0.56634, ""zone_low"": 0.56612}",False,🟡 DIREÇÃO CONFIRMADA — AGUARDAR EXECUÇÃO,,Gate ainda não liberou execução | Risco de evento elevado | ICT incompleto (40/100) | Fluxo institucional incompleto (64/100),True,M15,1.0,SOURCE_EQUALS_EXECUTION,,,,,,
59837e375a21af10162a5222,59837e375a21af10162a5222,USD/CAD,BUY,bos-choch-ob,SOURCE_MODEL_EXPLICIT,BLOCKED_CONTEXT,,2026-09-28T10:25:34.754678+00:00,,,,,,,2.0,,,,,,,,,89.0,91.0,89.9,🟢 CONFIRMA,🟢 PULLBACK OK,🟢 GATILHO,60.5,62.1,B,75.0,42.4545130217631,ATENÇÃO,1.6224837833333334,1.6224837833333334,True,100.0,TENDÊNCIA ALTISTA,TENDÊNCIA ALTISTA,,False,"Candidato observado, mas não qualificado para simulação pelo contexto global.",2026-09-28T10:27:19.234070+00:00,2026-09-28T10:27:19.234070+00:00,ATLASQUANT_MODEL_PAPER_V1,df7a4ea28ab8c24dda9d7bbc,59837e375a21af10162a5222,BOS_CHOCH_OB,M15,2026-09-28T10:25:34.754678+00:00,CHOCH + 🟡 ORDER BLOCK ATIVO,68.0,"{""break_time"": ""2026-09-28T09:45:00+00:00"", ""invalidated"": false, ""mitigation_depth_pct"": 0.0, ""order_block_side"": ""BUY"", ""order_block_status"": ""🟡 ORDER BLOCK ATIVO"", ""origin_time"": ""2026-09-28T09:15:00+00:00"", ""structure_event"": ""CHOCH"", ""structure_level"": 1.41596, ""structure_side"": ""BUY"", ""structure_status"": ""🟢 CHOCH CONFIRMADO"", ""zone_high"": 1.41588, ""zone_low"": 1.41543}",False,🟡 DIREÇÃO CONFIRMADA — AGUARDAR EXECUÇÃO,,Risco de evento elevado | ICT incompleto (60/100) | Fluxo institucional incompleto (62/100),True,M15,1.0,SOURCE_EQUALS_EXECUTION,,,,,,
b2c8559ad0b2b60d726f68fa,b2c8559ad0b2b60d726f68fa,USD/CAD,BUY,crt,SOURCE_MODEL_EXPLICIT,BLOCKED_CONTEXT,,2026-09-28T10:25:34.754678+00:00,,,,,,,2.0,,,,,,,,,89.0,91.0,89.9,🟢 CONFIRMA,🟢 PULLBACK OK,🟢 GATILHO,60.5,62.1,B,75.0,42.4545130217631,ATENÇÃO,1.6224837833333334,1.6224837833333334,True,100.0,TENDÊNCIA ALTISTA,TENDÊNCIA ALTISTA,,False,"Candidato observado, mas não qualificado para simulação pelo contexto global.",2026-09-28T10:27:19.234070+00:00,2026-09-28T10:27:19.234070+00:00,ATLASQUANT_MODEL_PAPER_V1,c6990da1b671b7978c74a484,b2c8559ad0b2b60d726f68fa,CRT,H1,2026-09-28T10:25:34.754678+00:00,🟢 CRT CONFIRMADO,100.0,"{""anchor_high"": 1.41623, ""anchor_low"": 1.4155, ""invalidation"": 1.415, ""phase"": ""DISTRIBUIÇÃO"", ""raid_side"": ""SSL"", ""score"": 100.0, ""status"": ""🟢 CRT CONFIRMADO"", ""target"": 1.41623}",False,🟡 DIREÇÃO CONFIRMADA — AGUARDAR EXECUÇÃO,,Risco de evento elevado | ICT incompleto (60/100) | Fluxo institucional incompleto (62/100),True,H1,1.0,SOURCE_EQUALS_EXECUTION,,,,,,
14e9a6e345f74853ff0683e8,14e9a6e345f74853ff0683e8,USD/CHF,BUY,crt,SOURCE_MODEL_EXPLICIT,BLOCKED_CONTEXT,,2026-09-28T10:25:34.754678+00:00,,,,,,,2.0,,,,,,,,,89.0,91.0,89.9,🟢 CONFIRMA,🟢 PULLBACK OK,🟢 GATILHO,60.5,64.8,B,65.0,64.09005628517815,ATENÇÃO,1.5972874333333331,1.5972874333333331,True,100.0,TENDÊNCIA ALTISTA,EXPANSÃO DOS DOIS LADOS,,False,"Candidato observado, mas não qualificado para simulação pelo contexto global.",2026-09-28T10:27:19.234070+00:00,2026-09-28T10:27:19.234070+00:00,ATLASQUANT_MODEL_PAPER_V1,044264204131ef11b48c4d45,14e9a6e345f74853ff0683e8,CRT,H1,2026-09-28T10:25:34.754678+00:00,🟢 CRT CONFIRMADO,100.0,"{""anchor_high"": 0.83095, ""anchor_low"": 0.83009, ""invalidation"": 0.82974, ""phase"": ""DISTRIBUIÇÃO"", ""raid_side"": ""SSL"", ""score"": 100.0, ""status"": ""🟢 CRT CONFIRMADO"", ""target"": 0.83095}",False,🟡 DIREÇÃO CONFIRMADA — AGUARDAR EXECUÇÃO,,Risco de evento elevado | ICT incompleto (60/100) | Fluxo institucional incompleto (65/100),True,H1,1.0,SOURCE_EQUALS_EXECUTION,,,,,,
b357e8eeedc5df584cfd7aa2,b357e8eeedc5df584cfd7aa2,EUR/USD,SELL,amd-po3,SOURCE_MODEL_EXPLICIT,BLOCKED_CONTEXT,,2026-09-28T13:23:55.189420+00:00,,,,,,,2.0,,,,,,,,,91.0,70.0,82.5,🟢 CONFIRMA,🟢 PULLBACK OK,🟢 GATILHO,78.5,59.5,WAIT,57.0,64.97005988023604,ATENÇÃO,1.6452060666666666,1.6452060666666666,True,100.0,TENDÊNCIA BAIXISTA,COMPRESSÃO,New York AM,False,"Candidato observado, mas não qualificado para simulação pelo contexto global.",2026-09-28T13:25:35.156914+00:00,2026-09-28T13:25:35.156914+00:00,ATLASQUANT_MODEL_PAPER_V1,1eded1be9de87cdfc98b5dd2,b357e8eeedc5df584cfd7aa2,AMD,M15,2026-09-28T13:23:55.189420+00:00,🟢 AMD / PO3 EM DISTRIBUIÇÃO,100.0,"{""acc_high"": 1.13788, ""acc_low"": 1.1367, ""manipulation_side"": ""BSL"", ""phase"": ""DISTRIBUIÇÃO"", ""score"": 100.0, ""status"": ""🟢 AMD / PO3 EM DISTRIBUIÇÃO"", ""target"": 1.1367}",False,🟡 DIREÇÃO CONFIRMADA — AGUARDAR EXECUÇÃO,,Gate ainda não liberou execução | Risco de evento elevado | Fluxo institucional incompleto (60/100),True,M15,1.0,SOURCE_EQUALS_EXECUTION,,,,,,
e543902c22f62adce1bbcbe0,e543902c22f62adce1bbcbe0,EUR/USD,SELL,bos-choch-ob,SOURCE_MODEL_EXPLICIT,BLOCKED_CONTEXT,,2026-09-28T13:23:55.189420+00:00,,,,,,,2.0,,,,,,,,,91.0,70.0,82.5,🟢 CONFIRMA,🟢 PULLBACK OK,🟢 GATILHO,78.5,59.5,WAIT,57.0,64.97005988023604,ATENÇÃO,1.6452060666666666,1.6452060666666666,True,100.0,TENDÊNCIA BAIXISTA,COMPRESSÃO,New York AM,False,"Candidato observado, mas não qualificado para simulação pelo contexto global.",2026-09-28T13:25:35.156914+00:00,2026-09-28T13:25:35.156914+00:00,ATLASQUANT_MODEL_PAPER_V1,9eaad8524ecec711d5ff2b46,e543902c22f62adce1bbcbe0,BOS_CHOCH_OB,M15,2026-09-28T13:23:55.189420+00:00,CHOCH + 🟡 ORDER BLOCK ATIVO,68.0,"{""break_time"": ""2026-09-28T13:00:00+00:00"", ""invalidated"": false, ""mitigation_depth_pct"": 0.0, ""order_block_side"": ""SELL"", ""order_block_status"": ""🟡 ORDER BLOCK ATIVO"", ""origin_time"": ""2026-09-28T12:00:00+00:00"", ""structure_event"": ""CHOCH"", ""structure_level"": 1.13697, ""structure_side"": ""SELL"", ""structure_status"": ""🟢 CHOCH CONFIRMADO"", ""zone_high"": 1.13809, ""zone_low"": 1.13725}",False,🟡 DIREÇÃO CONFIRMADA — AGUARDAR EXECUÇÃO,,Gate ainda não liberou execução | Risco de evento elevado | Fluxo institucional incompleto (60/100),True,M15,1.0,SOURCE_EQUALS_EXECUTION,,,,,,
0b9edbd4ea1d59aceeead9d4,0b9edbd4ea1d59aceeead9d4,EUR/USD,SELL,crt,SOURCE_MODEL_EXPLICIT,BLOCKED_CONTEXT,,2026-09-28T13:23:55.189420+00:00,,,,,,,2.0,,,,,,,,,91.0,70.0,82.5,🟢 CONFIRMA,🟢 PULLBACK OK,🟢 GATILHO,78.5,59.5,WAIT,57.0,64.97005988023604,ATENÇÃO,1.6452060666666666,1.6452060666666666,True,100.0,TENDÊNCIA BAIXISTA,COMPRESSÃO,New York AM,False,"Candidato observado, mas não qualificado para simulação pelo contexto global.",2026-09-28T13:25:35.156914+00:00,2026-09-28T13:25:35.156914+00:00,ATLASQUANT_MODEL_PAPER_V1,7146f94d18b1227ff1d5ccdb,0b9edbd4ea1d59aceeead9d4,CRT,H1,2026-09-28T13:23:55.189420+00:00,🟢 CRT CONFIRMADO,100.0,"{""anchor_high"": 1.13765, ""anchor_low"": 1.1367, ""invalidation"": 1.1377, ""phase"": ""DISTRIBUIÇÃO"", ""raid_side"": ""BSL"", ""score"": 100.0, ""status"": ""🟢 CRT CONFIRMADO"", ""target"": 1.1367}",False,🟡 DIREÇÃO CONFIRMADA — AGUARDAR EXECUÇÃO,,Gate ainda não liberou execução | Risco de evento elevado | Fluxo institucional incompleto (60/100),True,H1,1.0,SOURCE_EQUALS_EXECUTION,,,,,,
8d01c399d5fa0dbc6533964f,8d01c399d5fa0dbc6533964f,GBP/USD,SELL,amd-po3,SOURCE_MODEL_EXPLICIT,BLOCKED_CONTEXT,,2026-09-28T13:23:55.189420+00:00,,,,,,,2.0,,,,,,,,,68.0,70.0,69.1,🟡 PARCIAL,🔴 CONTRA,🔴 SEM GATILHO,57.5,63.8,WAIT,35.0,75.2212389380549,ATENÇÃO,1.59060415,1.59060415,True,100.0,EXPANSÃO DOS DOIS LADOS,TENDÊNCIA ALTISTA,New York AM,False,"Candidato observado, mas não qualificado para simulação pelo contexto global.",2026-09-28T13:25:35.156914+00:00,2026-09-28T13:25:35.156914+00:00,ATLASQUANT_MODEL_PAPER_V1,73e12e9c1ba601adf7a1266e,8d01c399d5fa0dbc6533964f,AMD,M15,2026-09-28T13:23:55.189420+00:00,🟢 AMD / PO3 EM DISTRIBUIÇÃO,100.0,"{""acc_high"": 1.32675, ""acc_low"": 1.32499, ""manipulation_side"": ""BSL"", ""phase"": ""DISTRIBUIÇÃO"", ""score"": 100.0, ""status"": ""🟢 AMD / PO3 EM DISTRIBUIÇÃO"", ""target"": 1.32499}",False,🔴 BLOQUEADO,H1 está contra o viés,Gate ainda não liberou execução | Risco de evento elevado | ICT incompleto (58/100) | Fluxo institucional incompleto (64/100) | M15 ainda não confirmou gatilho,True,M15,1.0,SOURCE_EQUALS_EXECUTION,,,,,,
a72ec54f966e2d87d74c5f07,a72ec54f966e2d87d74c5f07,USD/JPY,BUY,amd-po3,SOURCE_MODEL_EXPLICIT,BLOCKED_CONTEXT,,2026-09-28T13:23:55.189420+00:00,,,,,,,2.0,,,,,,,,,90.0,84.0,87.2,🔴 CONTRA,🔴 CONTRA,🔴 SEM GATILHO,57.5,81.0,B,69.0,128.6289247645522,ATENÇÃO,0.6098474833333333,0.6098474833333333,True,100.0,TENDÊNCIA ALTISTA,TENDÊNCIA BAIXISTA,New York AM,False,"Candidato observado, mas não qualificado para simulação pelo contexto global.",2026-09-28T13:25:35.156914+00:00,2026-09-28T13:25:35.156914+00:00,ATLASQUANT_MODEL_PAPER_V1,282470b28bc82e0b1a407680,a72ec54f966e2d87d74c5f07,AMD,M15,2026-09-28T13:23:55.189420+00:00,🟢 AMD / PO3 EM DISTRIBUIÇÃO,100.0,"{""acc_high"": 157.14505, ""acc_low"": 156.95804, ""manipulation_side"": ""SSL"", ""phase"": ""DISTRIBUIÇÃO"", ""score"": 100.0, ""status"": ""🟢 AMD / PO3 EM DISTRIBUIÇÃO"", ""target"": 157.14505}",False,🔴 BLOQUEADO,H4 está contra o viés | H1 está contra o viés | ADR14 muito esticado (129%),Risco de evento elevado | ADR14 em 129%: evitar perseguir preço | ICT incompleto (58/100) | M15 ainda não confirmou gatilho,True,M15,1.0,SOURCE_EQUALS_EXECUTION,,,,,,
eeceb48e78d204d22b931d23,eeceb48e78d204d22b931d23,USD/JPY,BUY,amd-po3,SOURCE_MODEL_EXPLICIT,BLOCKED_CONTEXT,,2026-09-28T14:26:37.959644+00:00,,,,,,,2.0,,,,,,,,,90.0,84.0,87.2,🔴 CONTRA,🔴 CONTRA,🔴 SEM GATILHO,69.5,70.2,B,69.0,128.6289247645522,ATENÇÃO,0.8063302,0.8063302,True,100.0,TENDÊNCIA ALTISTA,TENDÊNCIA BAIXISTA,London Close,False,"Candidato observado, mas não qualificado para simulação pelo contexto global.",2026-09-28T14:28:30.111209+00:00,2026-09-28T14:28:30.111209+00:00,ATLASQUANT_MODEL_PAPER_V1,7faaa31173119dc3e452eb4f,eeceb48e78d204d22b931d23,AMD,M15,2026-09-28T14:26:37.959644+00:00,🟢 AMD / PO3 EM DISTRIBUIÇÃO,100.0,"{""acc_high"": 157.14505, ""acc_low"": 156.85774, ""manipulation_side"": ""SSL"", ""phase"": ""DISTRIBUIÇÃO"", ""score"": 100.0, ""status"": ""🟢 AMD / PO3 EM DISTRIBUIÇÃO"", ""target"": 157.14505}",False,🔴 BLOQUEADO,H4 está contra o viés | H1 está contra o viés | ADR14 muito esticado (129%),Risco de evento elevado | ADR14 em 129%: evitar perseguir preço | ICT incompleto (70/100) | M15 ainda não confirmou gatilho,True,M15,1.0,SOURCE_EQUALS_EXECUTION,,,,,,
fc988a8012ce4fcc72f2bfff,fc988a8012ce4fcc72f2bfff,GBP/USD,SELL,amd-po3,SOURCE_MODEL_EXPLICIT,BLOCKED_CONTEXT,,2026-09-28T15:25:03.229141+00:00,,,,,,,2.0,,,,,,,,,68.0,70.0,69.1,🟡 PARCIAL,🔴 CONTRA,🟡 AGUARDAR GATILHO,94.8,66.9,WAIT,35.0,76.46017699115251,ATENÇÃO,1.6917732,1.6917732,True,100.0,EXPANSÃO DOS DOIS LADOS,TENDÊNCIA ALTISTA,London Close,False,"Candidato observado, mas não qualificado para simulação pelo contexto global.",2026-09-28T15:26:49.929229+00:00,2026-09-28T15:26:49.929229+00:00,ATLASQUANT_MODEL_PAPER_V1,4d60c27b499e15707f6aa764,fc988a8012ce4fcc72f2bfff,AMD,M15,2026-09-28T15:25:03.229141+00:00,🟢 AMD / PO3 EM DISTRIBUIÇÃO,100.0,"{""acc_high"": 1.32679, ""acc_low"": 1.32463, ""manipulation_side"": ""BSL"", ""phase"": ""DISTRIBUIÇÃO"", ""score"": 100.0, ""status"": ""🟢 AMD / PO3 EM DISTRIBUIÇÃO"", ""target"": 1.32463}",False,🔴 BLOQUEADO,H1 está contra o viés,Gate ainda não liberou execução | Risco de evento elevado | Fluxo institucional incompleto (67/100) | M15 ainda não confirmou gatilho,True,M15,1.0,SOURCE_EQUALS_EXECUTION,,,,,,
3d197043aedad2f30ff4764c,3d197043aedad2f30ff4764c,GBP/USD,SELL,crt,SOURCE_MODEL_EXPLICIT,BLOCKED_CONTEXT,,2026-09-28T15:25:03.229141+00:00,,,,,,,2.0,,,,,,,,,68.0,70.0,69.1,🟡 PARCIAL,🔴 CONTRA,🟡 AGUARDAR GATILHO,94.8,66.9,WAIT,35.0,76.46017699115251,ATENÇÃO,1.6917732,1.6917732,True,100.0,EXPANSÃO DOS DOIS LADOS,TENDÊNCIA ALTISTA,London Close,False,"Candidato observado, mas não qualificado para simulação pelo contexto global.",2026-09-28T15:26:49.929229+00:00,2026-09-28T15:26:49.929229+00:00,ATLASQUANT_MODEL_PAPER_V1,31432d7c67d3889f6faec7c6,3d197043aedad2f30ff4764c,CRT,H1,2026-09-28T15:25:03.229141+00:00,🟢 CRT CONFIRMADO,100.0,"{""anchor_high"": 1.32679, ""anchor_low"": 1.32515, ""invalidation"": 1.32705, ""phase"": ""DISTRIBUIÇÃO"", ""raid_side"": ""BSL"", ""score"": 100.0, ""status"": ""🟢 CRT CONFIRMADO"", ""target"": 1.32515}",False,🔴 BLOQUEADO,H1 está contra o viés,Gate ainda não liberou execução | Risco de evento elevado | Fluxo institucional incompleto (67/100) | H1 ainda não confirmou gatilho,True,H1,1.0,SOURCE_EQUALS_EXECUTION,,,,,,
a068746aff2c3d001a7c1413,a068746aff2c3d001a7c1413,GBP/USD,SELL,ote,SOURCE_MODEL_EXPLICIT,BLOCKED_CONTEXT,,2026-09-28T15:25:03.229141+00:00,,,,,,,2.0,,,,,,,,,68.0,70.0,69.1,🟡 PARCIAL,🔴 CONTRA,🟡 AGUARDAR GATILHO,94.8,66.9,WAIT,35.0,76.46017699115251,ATENÇÃO,1.6917732,1.6917732,True,100.0,EXPANSÃO DOS DOIS LADOS,TENDÊNCIA ALTISTA,London Close,False,"Candidato observado, mas não qualificado para simulação pelo contexto global.",2026-09-28T15:26:49.929229+00:00,2026-09-28T15:26:49.929229+00:00,ATLASQUANT_MODEL_PAPER_V1,6359779b31dcf498d7b83078,a068746aff2c3d001a7c1413,OTE,H1,2026-09-28T15:25:03.229141+00:00,🟢 DENTRO DO OTE,100.0,"{""price"": 1.32497, ""retracement_pct"": 74.38016528925445, ""score"": 100.0, ""status"": ""🟢 DENTRO DO OTE"", ""sweet_705"": 1.3248761, ""swing_high"": 1.32559, ""swing_low"": 1.32317, ""zone_high"": 1.3250818, ""zone_low"": 1.3246704}",False,🔴 BLOQUEADO,H1 está contra o viés,Gate ainda não liberou execução | Risco de evento elevado | Fluxo institucional incompleto (67/100) | H1 ainda não confirmou gatilho,True,H1,1.0,SOURCE_EQUALS_EXECUTION,,,,,,
d653d632d7dd0d519c2a502c,d653d632d7dd0d519c2a502c,NZD/USD,SELL,amd-po3,SOURCE_MODEL_EXPLICIT,BLOCKED_CONTEXT,,2026-09-28T15:25:03.229141+00:00,,,,,,,2.0,,,,,,,,,84.0,91.0,87.1,🟢 CONFIRMA,🟢 PULLBACK OK,🔴 SEM GATILHO,78.5,72.5,B,65.0,49.207443142661255,ATENÇÃO,1.66221125,1.66221125,True,100.0,TENDÊNCIA BAIXISTA,EQUILÍBRIO / LIQUIDEZ,London Close,False,"Candidato observado, mas não qualificado para simulação pelo contexto global.",2026-09-28T15:26:49.929229+00:00,2026-09-28T15:26:49.929229+00:00,ATLASQUANT_MODEL_PAPER_V1,5088d0cd71e3c48fbab6c100,d653d632d7dd0d519c2a502c,AMD,M15,2026-09-28T15:25:03.229141+00:00,🟢 AMD / PO3 EM DISTRIBUIÇÃO,100.0,"{""acc_high"": 0.56716, ""acc_low"": 0.56567, ""manipulation_side"": ""BSL"", ""phase"": ""DISTRIBUIÇÃO"", ""score"": 100.0, ""status"": ""🟢 AMD / PO3 EM DISTRIBUIÇÃO"", ""target"": 0.56567}",False,🟡 DIREÇÃO CONFIRMADA — AGUARDAR EXECUÇÃO,,Risco de evento elevado | M15 ainda não confirmou gatilho,True,M15,1.0,SOURCE_EQUALS_EXECUTION,,,,,,
dbb304243b449881fab77531,dbb304243b449881fab77531,NZD/USD,SELL,bos-choch-ob,SOURCE_MODEL_EXPLICIT,BLOCKED_CONTEXT,,2026-09-28T15:25:03.229141+00:00,,,,,,,2.0,,,,,,,,,84.0,91.0,87.1,🟢 CONFIRMA,🟢 PULLBACK OK,🔴 SEM GATILHO,78.5,72.5,B,65.0,49.207443142661255,ATENÇÃO,1.66221125,1.66221125,True,100.0,TENDÊNCIA BAIXISTA,EQUILÍBRIO / LIQUIDEZ,London Close,False,"Candidato observado, mas não qualificado para simulação pelo contexto global.",2026-09-28T15:26:49.929229+00:00,2026-09-28T15:26:49.929229+00:00,ATLASQUANT_MODEL_PAPER_V1,9b86baa88d2035600fd4ea0f,dbb304243b449881fab77531,BOS_CHOCH_OB,M15,2026-09-28T15:25:03.229141+00:00,CHOCH + 🟡 ORDER BLOCK ATIVO,68.0,"{""break_time"": ""2026-09-28T14:30:00+00:00"", ""invalidated"": false, ""mitigation_depth_pct"": 0.0, ""order_block_side"": ""SELL"", ""order_block_status"": ""🟡 ORDER BLOCK ATIVO"", ""origin_time"": ""2026-09-28T14:00:00+00:00"", ""structure_event"": ""CHOCH"", ""structure_level"": 0.56652, ""structure_side"": ""SELL"", ""structure_status"": ""🟢 CHOCH CONFIRMADO"", ""zone_high"": 0.56715, ""zone_low"": 0.56674}",False,🟡 DIREÇÃO CONFIRMADA — AGUARDAR EXECUÇÃO,,Risco de evento elevado | M15 ainda não confirmou gatilho,True,M15,1.0,SOURCE_EQUALS_EXECUTION,,,,,,
66ca9598deedc9d77fd157f3,66ca9598deedc9d77fd157f3,NZD/USD,SELL,crt,SOURCE_MODEL_EXPLICIT,BLOCKED_CONTEXT,,2026-09-28T15:25:03.229141+00:00,,,,,,,2.0,,,,,,,,,84.0,91.0,87.1,🟢 CONFIRMA,🟢 PULLBACK OK,🔴 SEM GATILHO,78.5,72.5,B,65.0,49.207443142661255,ATENÇÃO,1.66221125,1.66221125,True,100.0,TENDÊNCIA BAIXISTA,EQUILÍBRIO / LIQUIDEZ,London Close,False,"Candidato observado, mas não qualificado para simulação pelo contexto global.",2026-09-28T15:26:49.929229+00:00,2026-09-28T15:26:49.929229+00:00,ATLASQUANT_MODEL_PAPER_V1,cef378583b925e83ffcdd6f8,66ca9598deedc9d77fd157f3,CRT,H1,2026-09-28T15:25:03.229141+00:00,🟢 CRT CONFIRMADO,100.0,"{""anchor_high"": 0.56715, ""anchor_low"": 0.56627, ""invalidation"": 0.56734, ""phase"": ""DISTRIBUIÇÃO"", ""raid_side"": ""BSL"", ""score"": 100.0, ""status"": ""🟢 CRT CONFIRMADO"", ""target"": 0.56627}",False,🟡 DIREÇÃO CONFIRMADA — AGUARDAR EXECUÇÃO,,Risco de evento elevado,True,H1,1.0,SOURCE_EQUALS_EXECUTION,,,,,,
131fb1d17d844af92c2d3e31,131fb1d17d844af92c2d3e31,USD/CHF,BUY,amd-po3,SOURCE_MODEL_EXPLICIT,BLOCKED_CONTEXT,,2026-09-28T15:25:03.229141+00:00,,,,,,,2.0,,,,,,,,,89.0,91.0,89.9,🟢 CONFIRMA,🟡 ESTICADO,🟡 AGUARDAR GATILHO,78.5,52.9,B,72.0,89.83114446529314,ATENÇÃO,1.6023351,1.6023351,True,100.0,TENDÊNCIA ALTISTA,EXPANSÃO DOS DOIS LADOS,London Close,False,"Candidato observado, mas não qualificado para simulação pelo contexto global.",2026-09-28T15:26:49.929229+00:00,2026-09-28T15:26:49.929229+00:00,ATLASQUANT_MODEL_PAPER_V1,19d6c8ac1e2cd73174cbdf6b,131fb1d17d844af92c2d3e31,AMD,M15,2026-09-28T15:25:03.229141+00:00,🟢 AMD / PO3 EM DISTRIBUIÇÃO,100.0,"{""acc_high"": 0.8326, ""acc_low"": 0.83135, ""manipulation_side"": ""SSL"", ""phase"": ""DISTRIBUIÇÃO"", ""score"": 100.0, ""status"": ""🟢 AMD / PO3 EM DISTRIBUIÇÃO"", ""target"": 0.8326}",False,⚪ EM OBSERVAÇÃO,,Risco de evento elevado | ADR14 em 90%: espaço reduzido | Fluxo institucional incompleto (53/100) | M15 ainda não confirmou gatilho,True,M15,1.0,SOURCE_EQUALS_EXECUTION,,,,,,
04a100497ff2c2051934dfea,04a100497ff2c2051934dfea,USD/CHF,BUY,crt,SOURCE_MODEL_EXPLICIT,BLOCKED_CONTEXT,,2026-09-28T15:25:03.229141+00:00,,,,,,,2.0,,,,,,,,,89.0,91.0,89.9,🟢 CONFIRMA,🟡 ESTICADO,🟡 AGUARDAR GATILHO,78.5,52.9,B,72.0,89.83114446529314,ATENÇÃO,1.6023351,1.6023351,True,100.0,TENDÊNCIA ALTISTA,EXPANSÃO DOS DOIS LADOS,London Close,False,"Candidato observado, mas não qualificado para simulação pelo contexto global.",2026-09-28T15:26:49.929229+00:00,2026-09-28T15:26:49.929229+00:00,ATLASQUANT_MODEL_PAPER_V1,fb184699e110ec5ec0ab09d8,04a100497ff2c2051934dfea,CRT,H1,2026-09-28T15:25:03.229141+00:00,🟢 CRT CONFIRMADO,100.0,"{""anchor_high"": 0.83258, ""anchor_low"": 0.8315, ""invalidation"": 0.83098, ""phase"": ""DISTRIBUIÇÃO"", ""raid_side"": ""SSL"", ""score"": 100.0, ""status"": ""🟢 CRT CONFIRMADO"", ""target"": 0.83258}",False,⚪ EM OBSERVAÇÃO,,Risco de evento elevado | ADR14 em 90%: espaço reduzido | Fluxo institucional incompleto (53/100) | H1 ainda não confirmou gatilho,True,H1,1.0,SOURCE_EQUALS_EXECUTION,,,,,,
7d2891d9be9a1fb69f1b4997,7d2891d9be9a1fb69f1b4997,USD/JPY,BUY,bos-choch-ob,SOURCE_MODEL_EXPLICIT,BLOCKED_CONTEXT,,2026-09-28T15:25:03.229141+00:00,,,,,,,2.0,,,,,,,,,90.0,84.0,87.2,🔴 CONTRA,🔴 CONTRA,🟡 AGUARDAR GATILHO,39.5,75.2,B,69.0,128.6289247645522,ATENÇÃO,0.7136227833333333,0.7136227833333333,True,100.0,TENDÊNCIA ALTISTA,TENDÊNCIA BAIXISTA,London Close,False,"Candidato observado, mas não qualificado para simulação pelo contexto global.",2026-09-28T15:26:49.929229+00:00,2026-09-28T15:26:49.929229+00:00,ATLASQUANT_MODEL_PAPER_V1,2e1068b52d86c5b2d01f669b,7d2891d9be9a1fb69f1b4997,BOS_CHOCH_OB,M15,2026-09-28T15:25:03.229141+00:00,BOS + 🟡 ORDER BLOCK ATIVO,68.0,"{""break_time"": ""2026-09-28T14:30:00+00:00"", ""invalidated"": false, ""mitigation_depth_pct"": 0.0, ""order_block_side"": ""BUY"", ""order_block_status"": ""🟡 ORDER BLOCK ATIVO"", ""origin_time"": ""2026-09-28T14:00:00+00:00"", ""structure_event"": ""BOS"", ""structure_level"": 157.25327, ""structure_side"": ""BUY"", ""structure_status"": ""🟢 BOS CONFIRMADO"", ""zone_high"": 157.24174, ""zone_low"": 157.08967}",False,🔴 BLOQUEADO,H4 está contra o viés | H1 está contra o viés | ADR14 muito esticado (129%),Risco de evento elevado | ADR14 em 129%: evitar perseguir preço | ICT incompleto (40/100) | M15 ainda não confirmou gatilho,True,M15,1.0,SOURCE_EQUALS_EXECUTION,,,,,,
63fc542202148735581c29a4,63fc542202148735581c29a4,USD/CAD,BUY,amd-po3,SOURCE_MODEL_EXPLICIT,BLOCKED_CONTEXT,,2026-09-28T16:25:47.740914+00:00,,,,,,,2.0,,,,,,,,,89.0,91.0,89.9,🟢 CONFIRMA,🟢 PULLBACK OK,🟢 GATILHO,78.5,68.7,B,75.0,65.67962896895932,ATENÇÃO,1.5267322666666667,1.5267322666666667,True,100.0,TENDÊNCIA ALTISTA,TENDÊNCIA ALTISTA,,False,"Candidato observado, mas não qualificado para simulação pelo contexto global.",2026-09-28T16:27:26.241844+00:00,2026-09-28T16:27:26.241844+00:00,ATLASQUANT_MODEL_PAPER_V1,27c99a5413722b0637703671,63fc542202148735581c29a4,AMD,M15,2026-09-28T16:25:47.740914+00:00,🟢 AMD / PO3 EM DISTRIBUIÇÃO,100.0,"{""acc_high"": 1.41711, ""acc_low"": 1.41574, ""manipulation_side"": ""SSL"", ""phase"": ""DISTRIBUIÇÃO"", ""score"": 100.0, ""status"": ""🟢 AMD / PO3 EM DISTRIBUIÇÃO"", ""target"": 1.41711}",False,🟡 DIREÇÃO CONFIRMADA — AGUARDAR EXECUÇÃO,,Risco de evento elevado | Fluxo institucional incompleto (69/100),True,M15,1.0,SOURCE_EQUALS_EXECUTION,,,,,,
9fae239bb4c5b7ff322547e9,9fae239bb4c5b7ff322547e9,USD/CAD,BUY,crt,SOURCE_MODEL_EXPLICIT,BLOCKED_CONTEXT,,2026-09-28T16:25:47.740914+00:00,,,,,,,2.0,,,,,,,,,89.0,91.0,89.9,🟢 CONFIRMA,🟢 PULLBACK OK,🟢 GATILHO,78.5,68.7,B,75.0,65.67962896895932,ATENÇÃO,1.5267322666666667,1.5267322666666667,True,100.0,TENDÊNCIA ALTISTA,TENDÊNCIA ALTISTA,,False,"Candidato observado, mas não qualificado para simulação pelo contexto global.",2026-09-28T16:27:26.241844+00:00,2026-09-28T16:27:26.241844+00:00,ATLASQUANT_MODEL_PAPER_V1,4698127461fb4dd3c15a105c,9fae239bb4c5b7ff322547e9,CRT,H1,2026-09-28T16:25:47.740914+00:00,🟢 CRT CONFIRMADO,100.0,"{""anchor_high"": 1.41711, ""anchor_low"": 1.4162, ""invalidation"": 1.41548, ""phase"": ""DISTRIBUIÇÃO"", ""raid_side"": ""SSL"", ""score"": 100.0, ""status"": ""🟢 CRT CONFIRMADO"", ""target"": 1.41711}",False,🟡 DIREÇÃO CONFIRMADA — AGUARDAR EXECUÇÃO,,Risco de evento elevado | Fluxo institucional incompleto (69/100),True,H1,1.0,SOURCE_EQUALS_EXECUTION,,,,,,
ee836c7dc452d981a48d4a5d,ee836c7dc452d981a48d4a5d,NZD/USD,SELL,ote,SOURCE_MODEL_EXPLICIT,BLOCKED_CONTEXT,,2026-09-28T17:22:13.135146+00:00,,,,,,,2.0,,,,,,,,,84.0,91.0,87.1,🟡 PARCIAL,🔴 CONTRA,🔴 SEM GATILHO,46.5,69.1,WAIT,58.0,82.01240523776876,ATENÇÃO,1.80820355,1.80820355,True,100.0,TENDÊNCIA BAIXISTA,EQUILÍBRIO / LIQUIDEZ,,False,"Candidato observado, mas não qualificado para simulação pelo contexto global.",2026-09-28T17:24:12.880170+00:00,2026-09-28T17:24:12.880170+00:00,ATLASQUANT_MODEL_PAPER_V1,26941c1ecb31314ac56fc272,ee836c7dc452d981a48d4a5d,OTE,H1,2026-09-28T17:22:13.135146+00:00,🟢 DENTRO DO OTE,90.0,"{""price"": 0.56744, ""retracement_pct"": 75.09157509157875, ""score"": 90.0, ""status"": ""🟢 DENTRO DO OTE"", ""sweet_705"": 0.5673146499999999, ""swing_high"": 0.56812, ""swing_low"": 0.56539, ""zone_high"": 0.5675467, ""zone_low"": 0.5670826}",False,🔴 BLOQUEADO,H1 está contra o viés,Gate ainda não liberou execução | Risco de evento elevado | ICT incompleto (46/100) | Fluxo institucional incompleto (69/100) | H1 ainda não confirmou gatilho,True,H1,1.0,SOURCE_EQUALS_EXECUTION,,,,,,
82d2ba77a0505f25bb972529,82d2ba77a0505f25bb972529,USD/JPY,BUY,ote,SOURCE_MODEL_EXPLICIT,BLOCKED_CONTEXT,,2026-09-28T17:22:13.135146+00:00,,,,,,,2.0,,,,,,,,,90.0,84.0,87.2,🟡 PARCIAL,🔴 CONTRA,🔴 SEM GATILHO,58.0,70.6,WAIT,60.0,128.6289247645522,ATENÇÃO,0.89947495,0.89947495,True,100.0,TENDÊNCIA ALTISTA,TENDÊNCIA BAIXISTA,,False,"Candidato observado, mas não qualificado para simulação pelo contexto global.",2026-09-28T17:24:12.880170+00:00,2026-09-28T17:24:12.880170+00:00,ATLASQUANT_MODEL_PAPER_V1,3503c7d658944e01205e19a0,82d2ba77a0505f25bb972529,OTE,H1,2026-09-28T17:22:13.135146+00:00,🟢 DENTRO DO OTE,100.0,"{""price"": 157.31086, ""retracement_pct"": 73.59630098198757, ""score"": 100.0, ""status"": ""🟢 DENTRO DO OTE"", ""sweet_705"": 157.3314182, ""swing_high"": 157.79951, ""swing_low"": 157.13555, ""zone_high"": 157.38785479999999, ""zone_low"": 157.2749816}",False,🔴 BLOQUEADO,H1 está contra o viés | ADR14 muito esticado (129%),Gate ainda não liberou execução | Risco de evento elevado | ADR14 em 129%: evitar perseguir preço | ICT incompleto (58/100) | H1 ainda não confirmou gatilho,True,H1,1.0,SOURCE_EQUALS_EXECUTION,,,,,,
9975106b81a11266135a7385,9975106b81a11266135a7385,NZD/USD,SELL,ote,SOURCE_MODEL_EXPLICIT,BLOCKED_CONTEXT,,2026-09-28T19:21:01.259117+00:00,,,,,,,2.0,,,,,,,,,84.0,91.0,87.1,🟡 PARCIAL,🔴 CONTRA,🔴 SEM GATILHO,55.8,64.2,B,65.0,82.01240523776876,ATENÇÃO,1.6886717,1.6886717,True,100.0,TENDÊNCIA BAIXISTA,EQUILÍBRIO / LIQUIDEZ,New York PM,False,"Candidato observado, mas não qualificado para simulação pelo contexto global.",2026-09-28T19:22:51.894349+00:00,2026-09-28T19:22:51.894349+00:00,ATLASQUANT_MODEL_PAPER_V1,76d8e52efacf817a62dee327,9975106b81a11266135a7385,OTE,H1,2026-09-28T19:21:01.259117+00:00,🟢 DENTRO DO OTE,100.0,"{""price"": 0.56699, ""retracement_pct"": 70.4845814977961, ""score"": 100.0, ""status"": ""🟢 DENTRO DO OTE"", ""sweet_705"": 0.56699035, ""swing_high"": 0.56766, ""swing_low"": 0.56539, ""zone_high"": 0.5671833000000001, ""zone_low"": 0.5667974}",False,🔴 BLOQUEADO,H1 está contra o viés,Risco de evento elevado | ICT incompleto (56/100) | Fluxo institucional incompleto (64/100) | H1 ainda não confirmou gatilho,True,H1,1.0,SOURCE_EQUALS_EXECUTION,,,,,,
9f458bd0a91054140ba0c016,9f458bd0a91054140ba0c016,NZD/USD,SELL,ote,SOURCE_MODEL_EXPLICIT,BLOCKED_CONTEXT,,2026-09-28T21:21:50.174362+00:00,,,,,,,2.0,,,,,,,,,84.0,91.0,87.1,🟡 PARCIAL,🔴 CONTRA,🔴 SEM GATILHO,53.2,58.1,WAIT,58.0,82.01240523776876,ATENÇÃO,1.7818489,1.7818489,True,100.0,TENDÊNCIA BAIXISTA,EQUILÍBRIO / LIQUIDEZ,,False,"Candidato observado, mas não qualificado para simulação pelo contexto global.",2026-09-28T21:23:47.364381+00:00,2026-09-28T21:23:47.364381+00:00,ATLASQUANT_MODEL_PAPER_V1,45e4cc23901c13ae5ce7a9e0,9f458bd0a91054140ba0c016,OTE,H1,2026-09-28T21:21:50.174362+00:00,🟢 DENTRO DO OTE,90.0,"{""price"": 0.56668, ""retracement_pct"": 63.235294117646426, ""score"": 90.0, ""status"": ""🟢 DENTRO DO OTE"", ""sweet_705"": 0.5668282, ""swing_high"": 0.56743, ""swing_low"": 0.56539, ""zone_high"": 0.5670016, ""zone_low"": 0.5666548}",False,🔴 BLOQUEADO,H1 está contra o viés,Gate ainda não liberou execução | Risco de evento elevado | ICT incompleto (53/100) | Fluxo institucional incompleto (58/100) | H1 ainda não confirmou gatilho,True,H1,1.0,SOURCE_EQUALS_EXECUTION,,,,,,
36bb70c90367d76d2f9efe76,36bb70c90367d76d2f9efe76,NZD/USD,SELL,amd-po3,SOURCE_MODEL_EXPLICIT,BLOCKED_CONTEXT,,2026-09-28T22:21:11.924698+00:00,,,,,,,2.0,,,,,,,,,84.0,91.0,87.1,🟡 PARCIAL,🔴 CONTRA,🔴 SEM GATILHO,71.2,77.8,WAIT,58.0,82.01240523776876,ATENÇÃO,1.51505,1.51505,True,100.0,TENDÊNCIA BAIXISTA,EQUILÍBRIO / LIQUIDEZ,,False,"Candidato observado, mas não qualificado para simulação pelo contexto global.",2026-09-28T22:22:47.155409+00:00,2026-09-28T22:22:47.155409+00:00,ATLASQUANT_MODEL_PAPER_V1,230934b69e593d8742bdb318,36bb70c90367d76d2f9efe76,AMD,M15,2026-09-28T22:21:11.924698+00:00,🟢 AMD / PO3 EM DISTRIBUIÇÃO,100.0,"{""acc_high"": 0.56739, ""acc_low"": 0.56645, ""manipulation_side"": ""BSL"", ""phase"": ""DISTRIBUIÇÃO"", ""score"": 100.0, ""status"": ""🟢 AMD / PO3 EM DISTRIBUIÇÃO"", ""target"": 0.56645}",False,🔴 BLOQUEADO,H1 está contra o viés,Gate ainda não liberou execução | Risco de evento elevado | M15 ainda não confirmou gatilho,True,M15,1.0,SOURCE_EQUALS_EXECUTION,,,,,,
021b94da960bcfd939e704de,021b94da960bcfd939e704de,USD/CAD,BUY,crt,SOURCE_MODEL_EXPLICIT,BLOCKED_CONTEXT,,2026-09-28T23:20:54.706877+00:00,,,,,,,2.0,,,,,,,,,89.0,91.0,89.9,🟢 CONFIRMA,🟢 PULLBACK OK,🟡 AGUARDAR GATILHO,60.5,52.6,B,75.0,75.16946129147205,ATENÇÃO,1.6699040333333337,1.6699040333333337,True,100.0,TENDÊNCIA ALTISTA,TENDÊNCIA ALTISTA,,False,"Candidato observado, mas não qualificado para simulação pelo contexto global.",2026-09-28T23:22:43.786239+00:00,2026-09-28T23:22:43.786239+00:00,ATLASQUANT_MODEL_PAPER_V1,275c37256d7d74d09651b82c,021b94da960bcfd939e704de,CRT,H1,2026-09-28T23:20:54.706877+00:00,🟢 CRT CONFIRMADO,100.0,"{""anchor_high"": 1.41781, ""anchor_low"": 1.41737, ""invalidation"": 1.41697, ""phase"": ""DISTRIBUIÇÃO"", ""raid_side"": ""SSL"", ""score"": 100.0, ""status"": ""🟢 CRT CONFIRMADO"", ""target"": 1.41781}",False,🟡 DIREÇÃO CONFIRMADA — AGUARDAR EXECUÇÃO,,Risco de evento elevado | ICT incompleto (60/100) | Fluxo institucional incompleto (53/100),True,H1,1.0,SOURCE_EQUALS_EXECUTION,,,,,,
fc22d6350080d7d478ad1070,fc22d6350080d7d478ad1070,GBP/USD,SELL,bos-choch-ob,SOURCE_MODEL_EXPLICIT,BLOCKED_CONTEXT,,2026-09-29T00:29:08.875510+00:00,,,,,,,2.0,,,,,,,,,68.0,70.0,69.1,🔴 CONTRA,🔴 CONTRA,🟢 GATILHO,30.8,73.3,WAIT,30.0,85.84070796460243,ELEVADO,2.8206594,2.8206594,True,100.0,EXPANSÃO DOS DOIS LADOS,TENDÊNCIA ALTISTA,Asian Range,False,"Candidato observado, mas não qualificado para simulação pelo contexto global.",2026-09-29T00:32:04.479111+00:00,2026-09-29T00:32:04.479111+00:00,ATLASQUANT_MODEL_PAPER_V1,3a118d5e4db3c83829b0bfd5,fc22d6350080d7d478ad1070,BOS_CHOCH_OB,M15,2026-09-29T00:29:08.875510+00:00,BOS + 🟡 ORDER BLOCK ATIVO,68.0,"{""break_time"": ""2026-09-29T00:00:00+00:00"", ""invalidated"": false, ""mitigation_depth_pct"": 0.0, ""order_block_side"": ""SELL"", ""order_block_status"": ""🟡 ORDER BLOCK ATIVO"", ""origin_time"": ""2026-09-28T23:30:00+00:00"", ""structure_event"": ""BOS"", ""structure_level"": 1.32534, ""structure_side"": ""SELL"", ""structure_status"": ""🟢 BOS CONFIRMADO"", ""zone_high"": 1.32557, ""zone_low"": 1.32535}",False,🔴 BLOQUEADO,H4 está contra o viés | H1 está contra o viés,Gate ainda não liberou execução | Risco de evento elevado | ADR14 em 86%: espaço reduzido | ICT incompleto (31/100),True,M15,1.0,SOURCE_EQUALS_EXECUTION,,,,,,
47bd61b86248d30bb24b54d3,47bd61b86248d30bb24b54d3,NZD/USD,SELL,bos-choch-ob,SOURCE_MODEL_EXPLICIT,BLOCKED_CONTEXT,,2026-09-29T00:29:08.875510+00:00,,,,,,,2.0,,,,,,,,,84.0,91.0,87.1,🟡 PARCIAL,🔴 CONTRA,🟢 GATILHO,59.0,75.1,WAIT,60.0,82.01240523776876,ELEVADO,2.7838326166666665,2.7838326166666665,True,100.0,TENDÊNCIA BAIXISTA,EQUILÍBRIO / LIQUIDEZ,Asian Range,False,"Candidato observado, mas não qualificado para simulação pelo contexto global.",2026-09-29T00:32:04.479111+00:00,2026-09-29T00:32:04.479111+00:00,ATLASQUANT_MODEL_PAPER_V1,1f12740c28550ab10c49a33d,47bd61b86248d30bb24b54d3,BOS_CHOCH_OB,M15,2026-09-29T00:29:08.875510+00:00,BOS + 🟡 ORDER BLOCK ATIVO,68.0,"{""break_time"": ""2026-09-29T00:00:00+00:00"", ""invalidated"": false, ""mitigation_depth_pct"": 0.0, ""order_block_side"": ""SELL"", ""order_block_status"": ""🟡 ORDER BLOCK ATIVO"", ""origin_time"": ""2026-09-28T22:15:00+00:00"", ""structure_event"": ""BOS"", ""structure_level"": 0.56608, ""structure_side"": ""SELL"", ""structure_status"": ""🟢 BOS CONFIRMADO"", ""zone_high"": 0.56693, ""zone_low"": 0.56677}",False,🔴 BLOQUEADO,H1 está contra o viés,Gate ainda não liberou execução | Risco de evento elevado | ICT incompleto (59/100),True,M15,1.0,SOURCE_EQUALS_EXECUTION,,,,,,
fdd7f25e7e6eac19123e9607,fdd7f25e7e6eac19123e9607,USD/JPY,BUY,amd-po3,SOURCE_MODEL_EXPLICIT,BLOCKED_CONTEXT,,2026-09-29T00:29:08.875510+00:00,,,,,,,2.0,,,,,,,,,90.0,84.0,87.2,🟡 PARCIAL,🔴 CONTRA,🟡 AGUARDAR GATILHO,62.8,61.4,B,69.0,128.6289247645522,ELEVADO,1.8554385,1.8554385,True,100.0,TENDÊNCIA ALTISTA,TENDÊNCIA BAIXISTA,Asian Range,False,"Candidato observado, mas não qualificado para simulação pelo contexto global.",2026-09-29T00:32:04.479111+00:00,2026-09-29T00:32:04.479111+00:00,ATLASQUANT_MODEL_PAPER_V1,b2e6a71fda6da6cad7e94293,fdd7f25e7e6eac19123e9607,AMD,M15,2026-09-29T00:29:08.875510+00:00,🟢 AMD / PO3 EM DISTRIBUIÇÃO,100.0,"{""acc_high"": 157.42447, ""acc_low"": 157.36685, ""manipulation_side"": ""SSL"", ""phase"": ""DISTRIBUIÇÃO"", ""score"": 100.0, ""status"": ""🟢 AMD / PO3 EM DISTRIBUIÇÃO"", ""target"": 157.42447}",False,🔴 BLOQUEADO,H1 está contra o viés | ADR14 muito esticado (129%),Risco de evento elevado | ADR14 em 129%: evitar perseguir preço | ICT incompleto (63/100) | Fluxo institucional incompleto (61/100) | M15 ainda não confirmou gatilho,True,M15,1.0,SOURCE_EQUALS_EXECUTION,,,,,,
7a774ce9e56beb9bbcc4cbf1,7a774ce9e56beb9bbcc4cbf1,USD/CHF,BUY,fvg,SOURCE_MODEL_EXPLICIT,BLOCKED_CONTEXT,,2026-09-29T01:20:45.781097+00:00,,,,,,,2.0,,,,,,,,,89.0,91.0,89.9,🟢 CONFIRMA,🟢 PULLBACK OK,🟡 AGUARDAR GATILHO,43.2,58.6,B,75.0,90.09380863039512,ELEVADO,1.4030677333333337,1.4030677333333337,True,100.0,TENDÊNCIA ALTISTA,EXPANSÃO DOS DOIS LADOS,Asian Range,False,"Candidato observado, mas não qualificado para simulação pelo contexto global.",2026-09-29T01:22:18.693757+00:00,2026-09-29T01:22:18.693757+00:00,ATLASQUANT_MODEL_PAPER_V1,ffe519d02f9768cadaefc729,7a774ce9e56beb9bbcc4cbf1,FVG,M15,2026-09-29T01:20:45.781097+00:00,🟢 FVG EM TESTE,90.0,"{""price"": 0.83219, ""score"": 90.0, ""status"": ""🟢 FVG EM TESTE"", ""zone_high"": 0.83231, ""zone_low"": 0.83197}",False,🟡 DIREÇÃO CONFIRMADA — AGUARDAR EXECUÇÃO,,Risco de evento elevado | ADR14 em 90%: espaço reduzido | ICT incompleto (43/100) | Fluxo institucional incompleto (59/100) | M15 ainda não confirmou gatilho,True,M15,1.0,SOURCE_EQUALS_EXECUTION,,,,,,
e1065af773d05805243f8c94,e1065af773d05805243f8c94,EUR/USD,SELL,fvg,SOURCE_MODEL_EXPLICIT,BLOCKED_CONTEXT,,2026-09-29T02:20:48.461251+00:00,,,,,,,2.0,,,,,,,,,91.0,70.0,82.5,🟢 CONFIRMA,🟢 PULLBACK OK,🔴 SEM GATILHO,43.2,44.4,WAIT,60.0,87.32534930139542,ELEVADO,1.7366738,1.7366738,True,100.0,TENDÊNCIA BAIXISTA,COMPRESSÃO,Asian Range,False,"Candidato observado, mas não qualificado para simulação pelo contexto global.",2026-09-29T02:22:34.210002+00:00,2026-09-29T02:22:34.210002+00:00,ATLASQUANT_MODEL_PAPER_V1,60298bce67a38953386cb447,e1065af773d05805243f8c94,FVG,M15,2026-09-29T02:20:48.461251+00:00,🟢 FVG EM TESTE,90.0,"{""price"": 1.13694, ""score"": 90.0, ""status"": ""🟢 FVG EM TESTE"", ""zone_high"": 1.137, ""zone_low"": 1.13666}",False,🟡 DIREÇÃO CONFIRMADA — AGUARDAR EXECUÇÃO,,Gate ainda não liberou execução | Risco de evento elevado | ADR14 em 87%: espaço reduzido | ICT incompleto (43/100) | Fluxo institucional incompleto (44/100) | M15 ainda não confirmou gatilho,True,M15,1.0,SOURCE_EQUALS_EXECUTION,,,,,,
42e07de44d248ac6c6dda656,42e07de44d248ac6c6dda656,GBP/USD,SELL,fvg,SOURCE_MODEL_EXPLICIT,BLOCKED_CONTEXT,,2026-09-29T02:20:48.461251+00:00,,,,,,,2.0,,,,,,,,,68.0,70.0,69.1,🔴 CONTRA,🔴 CONTRA,🔴 SEM GATILHO,34.5,52.5,WAIT,30.0,85.84070796460243,ELEVADO,1.6829519833333333,1.6829519833333333,True,100.0,EXPANSÃO DOS DOIS LADOS,TENDÊNCIA ALTISTA,Asian Range,False,"Candidato observado, mas não qualificado para simulação pelo contexto global.",2026-09-29T02:22:34.210002+00:00,2026-09-29T02:22:34.210002+00:00,ATLASQUANT_MODEL_PAPER_V1,2fcc1157caacaae68a5891fa,42e07de44d248ac6c6dda656,FVG,M15,2026-09-29T02:20:48.461251+00:00,🟢 FVG EM TESTE,90.0,"{""price"": 1.32527, ""score"": 90.0, ""status"": ""🟢 FVG EM TESTE"", ""zone_high"": 1.32535, ""zone_low"": 1.32476}",False,🔴 BLOQUEADO,H4 está contra o viés | H1 está contra o viés,Gate ainda não liberou execução | Risco de evento elevado | ADR14 em 86%: espaço reduzido | ICT incompleto (34/100) | Fluxo institucional incompleto (52/100) | M15 ainda não confirmou gatilho,True,M15,1.0,SOURCE_EQUALS_EXECUTION,,,,,,
8b5aa52a86dd7dc3b4eea840,8b5aa52a86dd7dc3b4eea840,USD/JPY,BUY,amd-po3,SOURCE_MODEL_EXPLICIT,BLOCKED_CONTEXT,,2026-09-29T02:20:48.461251+00:00,,,,,,,2.0,,,,,,,,,90.0,84.0,87.2,🔴 CONTRA,🔴 CONTRA,🟡 AGUARDAR GATILHO,61.2,75.2,WAIT,62.0,128.6289247645522,ELEVADO,0.7026316833333334,0.7026316833333334,True,100.0,TENDÊNCIA ALTISTA,TENDÊNCIA BAIXISTA,Asian Range,False,"Candidato observado, mas não qualificado para simulação pelo contexto global.",2026-09-29T02:22:34.210002+00:00,2026-09-29T02:22:34.210002+00:00,ATLASQUANT_MODEL_PAPER_V1,9a48ad55af90d98d0135cb44,8b5aa52a86dd7dc3b4eea840,AMD,M15,2026-09-29T02:20:48.461251+00:00,🟢 AMD / PO3 EM DISTRIBUIÇÃO,100.0,"{""acc_high"": 157.46879, ""acc_low"": 157.30872, ""manipulation_side"": ""SSL"", ""phase"": ""DISTRIBUIÇÃO"", ""score"": 100.0, ""status"": ""🟢 AMD / PO3 EM DISTRIBUIÇÃO"", ""target"": 157.46879}",False,🔴 BLOQUEADO,H4 está contra o viés | H1 está contra o viés | ADR14 muito esticado (129%),Gate ainda não liberou execução | Risco de evento elevado | ADR14 em 129%: evitar perseguir preço | ICT incompleto (61/100) | M15 ainda não confirmou gatilho,True,M15,1.0,SOURCE_EQUALS_EXECUTION,,,,,,
3ef5c85ed64f9458c8f3233b,3ef5c85ed64f9458c8f3233b,USD/JPY,BUY,fvg,SOURCE_MODEL_EXPLICIT,BLOCKED_CONTEXT,,2026-09-29T02:20:48.461251+00:00,,,,,,,2.0,,,,,,,,,90.0,84.0,87.2,🔴 CONTRA,🔴 CONTRA,🟡 AGUARDAR GATILHO,61.2,75.2,WAIT,62.0,128.6289247645522,ELEVADO,0.7026316833333334,0.7026316833333334,True,100.0,TENDÊNCIA ALTISTA,TENDÊNCIA BAIXISTA,Asian Range,False,"Candidato observado, mas não qualificado para simulação pelo contexto global.",2026-09-29T02:22:34.210002+00:00,2026-09-29T02:22:34.210002+00:00,ATLASQUANT_MODEL_PAPER_V1,0b8016e348214b2be99278ad,3ef5c85ed64f9458c8f3233b,FVG,M15,2026-09-29T02:20:48.461251+00:00,🟢 FVG EM TESTE,90.0,"{""price"": 157.455, ""score"": 90.0, ""status"": ""🟢 FVG EM TESTE"", ""zone_high"": 157.49847, ""zone_low"": 157.39303}",False,🔴 BLOQUEADO,H4 está contra o viés | H1 está contra o viés | ADR14 muito esticado (129%),Gate ainda não liberou execução | Risco de evento elevado | ADR14 em 129%: evitar perseguir preço | ICT incompleto (61/100) | M15 ainda não confirmou gatilho,True,M15,1.0,SOURCE_EQUALS_EXECUTION,,,,,,
24300c286ccc8af765be1f47,24300c286ccc8af765be1f47,GBP/USD,SELL,amd-po3,SOURCE_MODEL_EXPLICIT,BLOCKED_CONTEXT,,2026-09-29T03:22:58.985879+00:00,,,,,,,2.0,,,,,,,,,68.0,70.0,69.1,🔴 CONTRA,🔴 CONTRA,🟢 GATILHO,50.8,48.9,WAIT,30.0,85.84070796460243,ELEVADO,1.71365685,1.71365685,True,100.0,EXPANSÃO DOS DOIS LADOS,TENDÊNCIA ALTISTA,Asian Range,False,"Candidato observado, mas não qualificado para simulação pelo contexto global.",2026-09-29T03:24:48.587588+00:00,2026-09-29T03:24:48.587588+00:00,ATLASQUANT_MODEL_PAPER_V1,507d36f86e1aeb8ec6d8f788,24300c286ccc8af765be1f47,AMD,M15,2026-09-29T03:22:58.985879+00:00,🟢 AMD / PO3 EM DISTRIBUIÇÃO,100.0,"{""acc_high"": 1.32557, ""acc_low"": 1.32435, ""manipulation_side"": ""BSL"", ""phase"": ""DISTRIBUIÇÃO"", ""score"": 100.0, ""status"": ""🟢 AMD / PO3 EM DISTRIBUIÇÃO"", ""target"": 1.32435}",False,🔴 BLOQUEADO,H4 está contra o viés | H1 está contra o viés,Gate ainda não liberou execução | Risco de evento elevado | ADR14 em 86%: espaço reduzido | ICT incompleto (51/100) | Fluxo institucional incompleto (49/100),True,M15,1.0,SOURCE_EQUALS_EXECUTION,,,,,,
6714d1fa024686cc67dd9f2f,6714d1fa024686cc67dd9f2f,EUR/USD,SELL,amd-po3,SOURCE_MODEL_EXPLICIT,BLOCKED_CONTEXT,,2026-09-29T04:22:42.353097+00:00,,,,,,,2.0,,,,,,,,,91.0,70.0,82.5,🟢 CONFIRMA,🟢 PULLBACK OK,🟡 AGUARDAR GATILHO,57.5,64.2,WAIT,45.0,6.423151579322544,ELEVADO,1.56710725,1.56710725,True,100.0,TENDÊNCIA BAIXISTA,COMPRESSÃO,,False,"Candidato observado, mas não qualificado para simulação pelo contexto global.",2026-09-29T04:24:17.727317+00:00,2026-09-29T04:24:17.727317+00:00,ATLASQUANT_MODEL_PAPER_V1,17e800b07f7e5f253fe8c745,6714d1fa024686cc67dd9f2f,AMD,M15,2026-09-29T04:22:42.353097+00:00,🟢 AMD / PO3 EM DISTRIBUIÇÃO,100.0,"{""acc_high"": 1.13699, ""acc_low"": 1.1363, ""manipulation_side"": ""BSL"", ""phase"": ""DISTRIBUIÇÃO"", ""score"": 100.0, ""status"": ""🟢 AMD / PO3 EM DISTRIBUIÇÃO"", ""target"": 1.1363}",False,🟡 DIREÇÃO CONFIRMADA — AGUARDAR EXECUÇÃO,,Gate ainda não liberou execução | Risco de evento elevado | ICT incompleto (58/100) | Fluxo institucional incompleto (64/100) | M15 ainda não confirmou gatilho,True,M15,1.0,SOURCE_EQUALS_EXECUTION,,,,,,
cffb43774bf977ab645dd999,cffb43774bf977ab645dd999,EUR/USD,SELL,bos-choch-ob,SOURCE_MODEL_EXPLICIT,BLOCKED_CONTEXT,,2026-09-29T04:22:42.353097+00:00,,,,,,,2.0,,,,,,,,,91.0,70.0,82.5,🟢 CONFIRMA,🟢 PULLBACK OK,🟡 AGUARDAR GATILHO,57.5,64.2,WAIT,45.0,6.423151579322544,ELEVADO,1.56710725,1.56710725,True,100.0,TENDÊNCIA BAIXISTA,COMPRESSÃO,,False,"Candidato observado, mas não qualificado para simulação pelo contexto global.",2026-09-29T04:24:17.727317+00:00,2026-09-29T04:24:17.727317+00:00,ATLASQUANT_MODEL_PAPER_V1,279d91eb64530c80ce79ced9,cffb43774bf977ab645dd999,BOS_CHOCH_OB,M15,2026-09-29T04:22:42.353097+00:00,CHOCH + 🟡 ORDER BLOCK ATIVO,68.0,"{""break_time"": ""2026-09-29T03:30:00+00:00"", ""invalidated"": false, ""mitigation_depth_pct"": 0.0, ""order_block_side"": ""SELL"", ""order_block_status"": ""🟡 ORDER BLOCK ATIVO"", ""origin_time"": ""2026-09-29T03:15:00+00:00"", ""structure_event"": ""CHOCH"", ""structure_level"": 1.13653, ""structure_side"": ""SELL"", ""structure_status"": ""🟢 CHOCH CONFIRMADO"", ""zone_high"": 1.13681, ""zone_low"": 1.13659}",False,🟡 DIREÇÃO CONFIRMADA — AGUARDAR EXECUÇÃO,,Gate ainda não liberou execução | Risco de evento elevado | ICT incompleto (58/100) | Fluxo institucional incompleto (64/100) | M15 ainda não confirmou gatilho,True,M15,1.0,SOURCE_EQUALS_EXECUTION,,,,,,
44a02315bbd21a90e286b461,44a02315bbd21a90e286b461,GBP/USD,SELL,amd-po3,SOURCE_MODEL_EXPLICIT,BLOCKED_CONTEXT,,2026-09-29T04:22:42.353097+00:00,,,,,,,2.0,,,,,,,,,68.0,70.0,69.1,🔴 CONTRA,🔴 CONTRA,🟡 AGUARDAR GATILHO,57.5,66.5,WAIT,15.0,5.730365822458788,ELEVADO,1.5279675333333331,1.5279675333333331,True,100.0,EXPANSÃO DOS DOIS LADOS,TENDÊNCIA ALTISTA,,False,"Candidato observado, mas não qualificado para simulação pelo contexto global.",2026-09-29T04:24:17.727317+00:00,2026-09-29T04:24:17.727317+00:00,ATLASQUANT_MODEL_PAPER_V1,c670bc3a88dbfc2ee5efa8f6,44a02315bbd21a90e286b461,AMD,M15,2026-09-29T04:22:42.353097+00:00,🟢 AMD / PO3 EM DISTRIBUIÇÃO,100.0,"{""acc_high"": 1.32527, ""acc_low"": 1.32435, ""manipulation_side"": ""BSL"", ""phase"": ""DISTRIBUIÇÃO"", ""score"": 100.0, ""status"": ""🟢 AMD / PO3 EM DISTRIBUIÇÃO"", ""target"": 1.32435}",False,🔴 BLOQUEADO,H4 está contra o viés | H1 está contra o viés,Gate ainda não liberou execução | Risco de evento elevado | ICT incompleto (58/100) | Fluxo institucional incompleto (66/100) | M15 ainda não confirmou gatilho,True,M15,1.0,SOURCE_EQUALS_EXECUTION,,,,,,
dc4727d8d9dfd0e476632037,dc4727d8d9dfd0e476632037,GBP/USD,SELL,bos-choch-ob,SOURCE_MODEL_EXPLICIT,BLOCKED_CONTEXT,,2026-09-29T04:22:42.353097+00:00,,,,,,,2.0,,,,,,,,,68.0,70.0,69.1,🔴 CONTRA,🔴 CONTRA,🟡 AGUARDAR GATILHO,57.5,66.5,WAIT,15.0,5.730365822458788,ELEVADO,1.5279675333333331,1.5279675333333331,True,100.0,EXPANSÃO DOS DOIS LADOS,TENDÊNCIA ALTISTA,,False,"Candidato observado, mas não qualificado para simulação pelo contexto global.",2026-09-29T04:24:17.727317+00:00,2026-09-29T04:24:17.727317+00:00,ATLASQUANT_MODEL_PAPER_V1,db94f5a8d7de54626734b717,dc4727d8d9dfd0e476632037,BOS_CHOCH_OB,M15,2026-09-29T04:22:42.353097+00:00,CHOCH + 🟡 ORDER BLOCK ATIVO,68.0,"{""break_time"": ""2026-09-29T03:30:00+00:00"", ""invalidated"": false, ""mitigation_depth_pct"": 0.0, ""order_block_side"": ""SELL"", ""order_block_status"": ""🟡 ORDER BLOCK ATIVO"", ""origin_time"": ""2026-09-29T03:15:00+00:00"", ""structure_event"": ""CHOCH"", ""structure_level"": 1.32466, ""structure_side"": ""SELL"", ""structure_status"": ""🟢 CHOCH CONFIRMADO"", ""zone_high"": 1.32511, ""zone_low"": 1.32477}",False,🔴 BLOQUEADO,H4 está contra o viés | H1 está contra o viés,Gate ainda não liberou execução | Risco de evento elevado | ICT incompleto (58/100) | Fluxo institucional incompleto (66/100) | M15 ainda não confirmou gatilho,True,M15,1.0,SOURCE_EQUALS_EXECUTION,,,,,,
a8056b55baced9b4998df3be,a8056b55baced9b4998df3be,NZD/USD,SELL,amd-po3,SOURCE_MODEL_EXPLICIT,BLOCKED_CONTEXT,,2026-09-29T04:22:42.353097+00:00,,,,,,,2.0,,,,,,,,,84.0,91.0,87.1,🟢 CONFIRMA,🔴 CONTRA,🔴 SEM GATILHO,57.5,60.2,WAIT,45.0,7.826871055005329,ELEVADO,1.5080312666666666,1.5080312666666666,True,100.0,TENDÊNCIA BAIXISTA,EQUILÍBRIO / LIQUIDEZ,,False,"Candidato observado, mas não qualificado para simulação pelo contexto global.",2026-09-29T04:24:17.727317+00:00,2026-09-29T04:24:17.727317+00:00,ATLASQUANT_MODEL_PAPER_V1,70a3c64114d28c77e01bfe9c,a8056b55baced9b4998df3be,AMD,M15,2026-09-29T04:22:42.353097+00:00,🟢 AMD / PO3 EM DISTRIBUIÇÃO,100.0,"{""acc_high"": 0.56697, ""acc_low"": 0.5657, ""manipulation_side"": ""BSL"", ""phase"": ""DISTRIBUIÇÃO"", ""score"": 100.0, ""status"": ""🟢 AMD / PO3 EM DISTRIBUIÇÃO"", ""target"": 0.5657}",False,🔴 BLOQUEADO,H1 está contra o viés,Gate ainda não liberou execução | Risco de evento elevado | ICT incompleto (58/100) | Fluxo institucional incompleto (60/100) | M15 ainda não confirmou gatilho,True,M15,1.0,SOURCE_EQUALS_EXECUTION,,,,,,
ec0353a28c111c09a9ac3f8d,ec0353a28c111c09a9ac3f8d,USD/CAD,BUY,amd-po3,SOURCE_MODEL_EXPLICIT,BLOCKED_CONTEXT,,2026-09-29T04:22:42.353097+00:00,,,,,,,2.0,,,,,,,,,89.0,91.0,89.9,🟢 CONFIRMA,🟡 ESTICADO,🟡 AGUARDAR GATILHO,57.5,68.0,B,70.0,5.503556720330579,ELEVADO,1.4861312333333332,1.4861312333333332,True,100.0,TENDÊNCIA ALTISTA,TENDÊNCIA ALTISTA,,False,"Candidato observado, mas não qualificado para simulação pelo contexto global.",2026-09-29T04:24:17.727317+00:00,2026-09-29T04:24:17.727317+00:00,ATLASQUANT_MODEL_PAPER_V1,d6b71e9217e82bfef70636d2,ec0353a28c111c09a9ac3f8d,AMD,M15,2026-09-29T04:22:42.353097+00:00,🟢 AMD / PO3 EM DISTRIBUIÇÃO,100.0,"{""acc_high"": 1.41848, ""acc_low"": 1.41737, ""manipulation_side"": ""SSL"", ""phase"": ""DISTRIBUIÇÃO"", ""score"": 100.0, ""status"": ""🟢 AMD / PO3 EM DISTRIBUIÇÃO"", ""target"": 1.41848}",False,⚪ EM OBSERVAÇÃO,,Risco de evento elevado | ICT incompleto (58/100) | Fluxo institucional incompleto (68/100) | M15 ainda não confirmou gatilho,True,M15,1.0,SOURCE_EQUALS_EXECUTION,,,,,,
f1326b15a6bad479d9efcd35,f1326b15a6bad479d9efcd35,USD/CHF,BUY,amd-po3,SOURCE_MODEL_EXPLICIT,BLOCKED_CONTEXT,,2026-09-29T04:22:42.353097+00:00,,,,,,,2.0,,,,,,,,,89.0,91.0,89.9,🟢 CONFIRMA,🟢 PULLBACK OK,🟡 AGUARDAR GATILHO,78.5,65.2,WAIT,60.0,6.252326014142633,ELEVADO,1.4612774833333333,1.4612774833333333,True,100.0,TENDÊNCIA ALTISTA,EXPANSÃO DOS DOIS LADOS,,False,"Candidato observado, mas não qualificado para simulação pelo contexto global.",2026-09-29T04:24:17.727317+00:00,2026-09-29T04:24:17.727317+00:00,ATLASQUANT_MODEL_PAPER_V1,895bc2e124ab1271a4c951eb,f1326b15a6bad479d9efcd35,AMD,M15,2026-09-29T04:22:42.353097+00:00,🟢 AMD / PO3 EM DISTRIBUIÇÃO,100.0,"{""acc_high"": 0.8327, ""acc_low"": 0.83205, ""manipulation_side"": ""SSL"", ""phase"": ""DISTRIBUIÇÃO"", ""score"": 100.0, ""status"": ""🟢 AMD / PO3 EM DISTRIBUIÇÃO"", ""target"": 0.8327}",False,🟡 DIREÇÃO CONFIRMADA — AGUARDAR EXECUÇÃO,,Gate ainda não liberou execução | Risco de evento elevado | Fluxo institucional incompleto (65/100) | M15 ainda não confirmou gatilho,True,M15,1.0,SOURCE_EQUALS_EXECUTION,,,,,,
e5eb382a98cfe320786798cf,e5eb382a98cfe320786798cf,USD/CHF,BUY,bos-choch-ob,SOURCE_MODEL_EXPLICIT,BLOCKED_CONTEXT,,2026-09-29T04:22:42.353097+00:00,,,,,,,2.0,,,,,,,,,89.0,91.0,89.9,🟢 CONFIRMA,🟢 PULLBACK OK,🟡 AGUARDAR GATILHO,78.5,65.2,WAIT,60.0,6.252326014142633,ELEVADO,1.4612774833333333,1.4612774833333333,True,100.0,TENDÊNCIA ALTISTA,EXPANSÃO DOS DOIS LADOS,,False,"Candidato observado, mas não qualificado para simulação pelo contexto global.",2026-09-29T04:24:17.727317+00:00,2026-09-29T04:24:17.727317+00:00,ATLASQUANT_MODEL_PAPER_V1,48d2667408c1dff45e1d75da,e5eb382a98cfe320786798cf,BOS_CHOCH_OB,M15,2026-09-29T04:22:42.353097+00:00,CHOCH + 🟡 ORDER BLOCK ATIVO,68.0,"{""break_time"": ""2026-09-29T03:30:00+00:00"", ""invalidated"": false, ""mitigation_depth_pct"": 0.0, ""order_block_side"": ""BUY"", ""order_block_status"": ""🟡 ORDER BLOCK ATIVO"", ""origin_time"": ""2026-09-29T03:15:00+00:00"", ""structure_event"": ""CHOCH"", ""structure_level"": 0.83259, ""structure_side"": ""BUY"", ""structure_status"": ""🟢 CHOCH CONFIRMADO"", ""zone_high"": 0.83246, ""zone_low"": 0.83223}",False,🟡 DIREÇÃO CONFIRMADA — AGUARDAR EXECUÇÃO,,Gate ainda não liberou execução | Risco de evento elevado | Fluxo institucional incompleto (65/100) | M15 ainda não confirmou gatilho,True,M15,1.0,SOURCE_EQUALS_EXECUTION,,,,,,
89e6d5e3ead7c8931d2bb0af,89e6d5e3ead7c8931d2bb0af,USD/CHF,BUY,crt,SOURCE_MODEL_EXPLICIT,BLOCKED_CONTEXT,,2026-09-29T04:22:42.353097+00:00,,,,,,,2.0,,,,,,,,,89.0,91.0,89.9,🟢 CONFIRMA,🟢 PULLBACK OK,🟡 AGUARDAR GATILHO,78.5,65.2,WAIT,60.0,6.252326014142633,ELEVADO,1.4612774833333333,1.4612774833333333,True,100.0,TENDÊNCIA ALTISTA,EXPANSÃO DOS DOIS LADOS,,False,"Candidato observado, mas não qualificado para simulação pelo contexto global.",2026-09-29T04:24:17.727317+00:00,2026-09-29T04:24:17.727317+00:00,ATLASQUANT_MODEL_PAPER_V1,52b8703e4e6c75740a5435b0,89e6d5e3ead7c8931d2bb0af,CRT,H1,2026-09-29T04:22:42.353097+00:00,🟢 CRT CONFIRMADO,100.0,"{""anchor_high"": 0.83259, ""anchor_low"": 0.83205, ""invalidation"": 0.83196, ""phase"": ""DISTRIBUIÇÃO"", ""raid_side"": ""SSL"", ""score"": 100.0, ""status"": ""🟢 CRT CONFIRMADO"", ""target"": 0.83259}",False,🟡 DIREÇÃO CONFIRMADA — AGUARDAR EXECUÇÃO,,Gate ainda não liberou execução | Risco de evento elevado | Fluxo institucional incompleto (65/100),True,H1,1.0,SOURCE_EQUALS_EXECUTION,,,,,,
074de64298bfc24cbca1c26a,074de64298bfc24cbca1c26a,GBP/USD,SELL,fvg,SOURCE_MODEL_EXPLICIT,BLOCKED_CONTEXT,,2026-09-29T05:22:18.540997+00:00,,,,,,,2.0,,,,,,,,,68.0,70.0,69.1,🟡 PARCIAL,🔴 CONTRA,🟡 AGUARDAR GATILHO,43.2,71.6,WAIT,15.0,13.967766692248762,ELEVADO,1.4946153333333332,1.4946153333333332,True,100.0,EXPANSÃO DOS DOIS LADOS,TENDÊNCIA ALTISTA,,False,"Candidato observado, mas não qualificado para simulação pelo contexto global.",2026-09-29T05:23:52.331700+00:00,2026-09-29T05:23:52.331700+00:00,ATLASQUANT_MODEL_PAPER_V1,b8106cffc8235e77603f0a07,074de64298bfc24cbca1c26a,FVG,M15,2026-09-29T05:22:18.540997+00:00,🟢 FVG EM TESTE,90.0,"{""price"": 1.32389, ""score"": 90.0, ""status"": ""🟢 FVG EM TESTE"", ""zone_high"": 1.32394, ""zone_low"": 1.32389}",False,🔴 BLOQUEADO,H1 está contra o viés,Gate ainda não liberou execução | Risco de evento elevado | ICT incompleto (43/100) | M15 ainda não confirmou gatilho,True,M15,1.0,SOURCE_EQUALS_EXECUTION,,,,,,
052b910fcb9df0e47c44ffee,052b910fcb9df0e47c44ffee,NZD/USD,SELL,bos-choch-ob,SOURCE_MODEL_EXPLICIT,BLOCKED_CONTEXT,,2026-09-29T05:22:18.540997+00:00,,,,,,,2.0,,,,,,,,,84.0,91.0,87.1,🟢 CONFIRMA,🟢 PULLBACK OK,🟡 AGUARDAR GATILHO,43.2,67.0,WAIT,45.0,26.2578899909839,ELEVADO,1.4665719166666666,1.4665719166666666,True,100.0,TENDÊNCIA BAIXISTA,EQUILÍBRIO / LIQUIDEZ,,False,"Candidato observado, mas não qualificado para simulação pelo contexto global.",2026-09-29T05:23:52.331700+00:00,2026-09-29T05:23:52.331700+00:00,ATLASQUANT_MODEL_PAPER_V1,d2f597df82b084f5f5c24d31,052b910fcb9df0e47c44ffee,BOS_CHOCH_OB,M15,2026-09-29T05:22:18.540997+00:00,CHOCH + 🟡 ORDER BLOCK ATIVO,68.0,"{""break_time"": ""2026-09-29T04:30:00+00:00"", ""invalidated"": false, ""mitigation_depth_pct"": 0.0, ""order_block_side"": ""SELL"", ""order_block_status"": ""🟡 ORDER BLOCK ATIVO"", ""origin_time"": ""2026-09-29T04:00:00+00:00"", ""structure_event"": ""CHOCH"", ""structure_level"": 0.56578, ""structure_side"": ""SELL"", ""structure_status"": ""🟢 CHOCH CONFIRMADO"", ""zone_high"": 0.56643, ""zone_low"": 0.56612}",False,🟡 DIREÇÃO CONFIRMADA — AGUARDAR EXECUÇÃO,,Gate ainda não liberou execução | Risco de evento elevado | ICT incompleto (43/100) | Fluxo institucional incompleto (67/100) | M15 ainda não confirmou gatilho,True,M15,1.0,SOURCE_EQUALS_EXECUTION,,,,,,
ad54764410b34bbdd995872d,ad54764410b34bbdd995872d,NZD/USD,SELL,fvg,SOURCE_MODEL_EXPLICIT,BLOCKED_CONTEXT,,2026-09-29T05:22:18.540997+00:00,,,,,,,2.0,,,,,,,,,84.0,91.0,87.1,🟢 CONFIRMA,🟢 PULLBACK OK,🟡 AGUARDAR GATILHO,43.2,67.0,WAIT,45.0,26.2578899909839,ELEVADO,1.4665719166666666,1.4665719166666666,True,100.0,TENDÊNCIA BAIXISTA,EQUILÍBRIO / LIQUIDEZ,,False,"Candidato observado, mas não qualificado para simulação pelo contexto global.",2026-09-29T05:23:52.331700+00:00,2026-09-29T05:23:52.331700+00:00,ATLASQUANT_MODEL_PAPER_V1,7413a279be8cedc94ae3a6ca,ad54764410b34bbdd995872d,FVG,M15,2026-09-29T05:22:18.540997+00:00,🟢 FVG EM TESTE,90.0,"{""price"": 0.56589, ""score"": 90.0, ""status"": ""🟢 FVG EM TESTE"", ""zone_high"": 0.56612, ""zone_low"": 0.56583}",False,🟡 DIREÇÃO CONFIRMADA — AGUARDAR EXECUÇÃO,,Gate ainda não liberou execução | Risco de evento elevado | ICT incompleto (43/100) | Fluxo institucional incompleto (67/100) | M15 ainda não confirmou gatilho,True,M15,1.0,SOURCE_EQUALS_EXECUTION,,,,,,
b0ae8cc1c5aa014eb89905a8,b0ae8cc1c5aa014eb89905a8,USD/JPY,BUY,amd-po3,SOURCE_MODEL_EXPLICIT,BLOCKED_CONTEXT,,2026-09-29T05:22:18.540997+00:00,,,,,,,2.0,,,,,,,,,90.0,84.0,87.2,🟡 PARCIAL,🟢 PULLBACK OK,🟡 AGUARDAR GATILHO,82.2,59.3,WAIT,55.0,14.328634060096867,ELEVADO,0.5033276,0.5033276,True,100.0,TENDÊNCIA ALTISTA,TENDÊNCIA BAIXISTA,,False,"Candidato observado, mas não qualificado para simulação pelo contexto global.",2026-09-29T05:23:52.331700+00:00,2026-09-29T05:23:52.331700+00:00,ATLASQUANT_MODEL_PAPER_V1,2c49ae83cbe8f745d038f793,b0ae8cc1c5aa014eb89905a8,AMD,M15,2026-09-29T05:22:18.540997+00:00,🟢 AMD / PO3 EM DISTRIBUIÇÃO,100.0,"{""acc_high"": 157.58526, ""acc_low"": 157.23583, ""manipulation_side"": ""SSL"", ""phase"": ""DISTRIBUIÇÃO"", ""score"": 100.0, ""status"": ""🟢 AMD / PO3 EM DISTRIBUIÇÃO"", ""target"": 157.58526}",False,⚪ EM OBSERVAÇÃO,,Gate ainda não liberou execução | Risco de evento elevado | Fluxo institucional incompleto (59/100) | M15 ainda não confirmou gatilho,True,M15,1.0,SOURCE_EQUALS_EXECUTION,,,,,,
f9df2d85b305f02453784ab5,f9df2d85b305f02453784ab5,USD/JPY,BUY,crt,SOURCE_MODEL_EXPLICIT,BLOCKED_CONTEXT,,2026-09-29T05:22:18.540997+00:00,,,,,,,2.0,,,,,,,,,90.0,84.0,87.2,🟡 PARCIAL,🟢 PULLBACK OK,🟡 AGUARDAR GATILHO,82.2,59.3,WAIT,55.0,14.328634060096867,ELEVADO,0.5033276,0.5033276,True,100.0,TENDÊNCIA ALTISTA,TENDÊNCIA BAIXISTA,,False,"Candidato observado, mas não qualificado para simulação pelo contexto global.",2026-09-29T05:23:52.331700+00:00,2026-09-29T05:23:52.331700+00:00,ATLASQUANT_MODEL_PAPER_V1,af69e8dcf29381a858fd8e47,f9df2d85b305f02453784ab5,CRT,H1,2026-09-29T05:22:18.540997+00:00,🟢 CRT CONFIRMADO,100.0,"{""anchor_high"": 157.54316, ""anchor_low"": 157.27387, ""invalidation"": 157.21288, ""phase"": ""DISTRIBUIÇÃO"", ""raid_side"": ""SSL"", ""score"": 100.0, ""status"": ""🟢 CRT CONFIRMADO"", ""target"": 157.54316}",False,⚪ EM OBSERVAÇÃO,,Gate ainda não liberou execução | Risco de evento elevado | Fluxo institucional incompleto (59/100),True,H1,1.0,SOURCE_EQUALS_EXECUTION,,,,,,
c89f91e4da1f178d823b7856,c89f91e4da1f178d823b7856,USD/JPY,BUY,fvg,SOURCE_MODEL_EXPLICIT,BLOCKED_CONTEXT,,2026-09-29T05:22:18.540997+00:00,,,,,,,2.0,,,,,,,,,90.0,84.0,87.2,🟡 PARCIAL,🟢 PULLBACK OK,🟡 AGUARDAR GATILHO,82.2,59.3,WAIT,55.0,14.328634060096867,ELEVADO,0.5033276,0.5033276,True,100.0,TENDÊNCIA ALTISTA,TENDÊNCIA BAIXISTA,,False,"Candidato observado, mas não qualificado para simulação pelo contexto global.",2026-09-29T05:23:52.331700+00:00,2026-09-29T05:23:52.331700+00:00,ATLASQUANT_MODEL_PAPER_V1,d4344a20e712b0828a31fd80,c89f91e4da1f178d823b7856,FVG,M15,2026-09-29T05:22:18.540997+00:00,🟢 FVG EM TESTE,90.0,"{""price"": 157.47544, ""score"": 90.0, ""status"": ""🟢 FVG EM TESTE"", ""zone_high"": 157.48837, ""zone_low"": 157.46271}",False,⚪ EM OBSERVAÇÃO,,Gate ainda não liberou execução | Risco de evento elevado | Fluxo institucional incompleto (59/100) | M15 ainda não confirmou gatilho,True,M15,1.0,SOURCE_EQUALS_EXECUTION,,,,,,
5efcfd1d23782154e3f619da,5efcfd1d23782154e3f619da,GBP/USD,SELL,fvg,SOURCE_MODEL_EXPLICIT,BLOCKED_CONTEXT,,2026-09-29T06:27:46.515163+00:00,,,,,,,2.0,,,,,,,,,68.0,70.0,69.1,🟡 PARCIAL,🔴 CONTRA,🔴 SEM GATILHO,43.2,65.8,WAIT,22.0,25.07035047326813,ELEVADO,1.6495001666666669,1.6495001666666669,True,100.0,EXPANSÃO DOS DOIS LADOS,TENDÊNCIA ALTISTA,London Killzone,False,"Candidato observado, mas não qualificado para simulação pelo contexto global.",2026-09-29T06:29:29.753281+00:00,2026-09-29T06:29:29.753281+00:00,ATLASQUANT_MODEL_PAPER_V1,4e2e2dc63958a678d9a0784c,5efcfd1d23782154e3f619da,FVG,M15,2026-09-29T06:27:46.515163+00:00,🟢 FVG EM TESTE,90.0,"{""price"": 1.32446, ""score"": 90.0, ""status"": ""🟢 FVG EM TESTE"", ""zone_high"": 1.32477, ""zone_low"": 1.32442}",False,🔴 BLOQUEADO,H1 está contra o viés,Gate ainda não liberou execução | Risco de evento elevado | ICT incompleto (43/100) | Fluxo institucional incompleto (66/100) | M15 ainda não confirmou gatilho,True,M15,1.0,SOURCE_EQUALS_EXECUTION,,,,,,
84f1be4d429573a3f19b8bc0,84f1be4d429573a3f19b8bc0,USD/JPY,BUY,amd-po3,SOURCE_MODEL_EXPLICIT,BLOCKED_CONTEXT,,2026-09-29T08:25:01.861715+00:00,,,,,,,2.0,,,,,,,,,90.0,84.0,87.2,🟡 PARCIAL,🔴 CONTRA,🔴 SEM GATILHO,69.5,55.6,WAIT,62.0,31.5923095640983,ELEVADO,0.6121031833333334,0.6121031833333334,True,100.0,TENDÊNCIA ALTISTA,TENDÊNCIA BAIXISTA,London Killzone,False,"Candidato observado, mas não qualificado para simulação pelo contexto global.",2026-09-29T08:26:41.965564+00:00,2026-09-29T08:26:41.965564+00:00,ATLASQUANT_MODEL_PAPER_V1,2a8fc44d07b05178df990c7f,84f1be4d429573a3f19b8bc0,AMD,M15,2026-09-29T08:25:01.861715+00:00,🟢 AMD / PO3 EM DISTRIBUIÇÃO,100.0,"{""acc_high"": 157.55215, ""acc_low"": 157.23987, ""manipulation_side"": ""SSL"", ""phase"": ""DISTRIBUIÇÃO"", ""score"": 100.0, ""status"": ""🟢 AMD / PO3 EM DISTRIBUIÇÃO"", ""target"": 157.55215}",False,🔴 BLOQUEADO,H1 está contra o viés,Gate ainda não liberou execução | Risco de evento elevado | ICT incompleto (70/100) | Fluxo institucional incompleto (56/100) | M15 ainda não confirmou gatilho,True,M15,1.0,SOURCE_EQUALS_EXECUTION,,,,,,
f5bb00b1e69125ceccfc93c2,f5bb00b1e69125ceccfc93c2,EUR/USD,SELL,bos-choch-ob,SOURCE_MODEL_EXPLICIT,BLOCKED_CONTEXT,,2026-09-29T09:24:34.394523+00:00,,,,,,,2.0,,,,,,,,,91.0,70.0,82.5,🟢 CONFIRMA,🟢 PULLBACK OK,🟢 GATILHO,39.5,57.6,WAIT,45.0,68.92535733192338,ELEVADO,1.7829822833333333,1.7829822833333333,True,100.0,TENDÊNCIA BAIXISTA,COMPRESSÃO,,False,"Candidato observado, mas não qualificado para simulação pelo contexto global.",2026-09-29T09:26:23.113403+00:00,2026-09-29T09:26:23.113403+00:00,ATLASQUANT_MODEL_PAPER_V1,243b354068ef621f8da78909,f5bb00b1e69125ceccfc93c2,BOS_CHOCH_OB,M15,2026-09-29T09:24:34.394523+00:00,BOS + 🟡 ORDER BLOCK ATIVO,68.0,"{""break_time"": ""2026-09-29T09:00:00+00:00"", ""invalidated"": false, ""mitigation_depth_pct"": 0.0, ""order_block_side"": ""SELL"", ""order_block_status"": ""🟡 ORDER BLOCK ATIVO"", ""origin_time"": ""2026-09-29T08:45:00+00:00"", ""structure_event"": ""BOS"", ""structure_level"": 1.13428, ""structure_side"": ""SELL"", ""structure_status"": ""🟢 BOS CONFIRMADO"", ""zone_high"": 1.13481, ""zone_low"": 1.13439}",False,🟡 DIREÇÃO CONFIRMADA — AGUARDAR EXECUÇÃO,,Gate ainda não liberou execução | Risco de evento elevado | ICT incompleto (40/100) | Fluxo institucional incompleto (58/100),True,M15,1.0,SOURCE_EQUALS_EXECUTION,,,,,,
3e500d2c25f1ddce52a1d4cd,3e500d2c25f1ddce52a1d4cd,GBP/USD,SELL,amd-po3,SOURCE_MODEL_EXPLICIT,BLOCKED_CONTEXT,,2026-09-29T13:26:46.863227+00:00,,,,,,,2.0,,,,,,,,,68.0,70.0,69.1,🟢 CONFIRMA,🟢 PULLBACK OK,🟡 AGUARDAR GATILHO,57.5,54.4,WAIT,22.0,55.33384497313979,ELEVADO,1.7574371666666666,1.7574371666666666,True,100.0,EXPANSÃO DOS DOIS LADOS,TENDÊNCIA ALTISTA,New York AM,False,"Candidato observado, mas não qualificado para simulação pelo contexto global.",2026-09-29T13:28:37.816106+00:00,2026-09-29T13:28:37.816106+00:00,ATLASQUANT_MODEL_PAPER_V1,2900485ba5241d03b94aedd0,3e500d2c25f1ddce52a1d4cd,AMD,M15,2026-09-29T13:26:46.863227+00:00,🟢 AMD / PO3 EM DISTRIBUIÇÃO,100.0,"{""acc_high"": 1.32398, ""acc_low"": 1.32223, ""manipulation_side"": ""BSL"", ""phase"": ""DISTRIBUIÇÃO"", ""score"": 100.0, ""status"": ""🟢 AMD / PO3 EM DISTRIBUIÇÃO"", ""target"": 1.32223}",False,⚪ EM OBSERVAÇÃO,,Gate ainda não liberou execução | Risco de evento elevado | ICT incompleto (58/100) | Fluxo institucional incompleto (54/100) | M15 ainda não confirmou gatilho,True,M15,1.0,SOURCE_EQUALS_EXECUTION,,,,,,
f3a8a68de54b4b174e788305,f3a8a68de54b4b174e788305,NZD/USD,SELL,amd-po3,SOURCE_MODEL_EXPLICIT,BLOCKED_CONTEXT,,2026-09-29T13:26:46.863227+00:00,,,,,,,2.0,,,,,,,,,84.0,91.0,87.1,🟢 CONFIRMA,🟢 PULLBACK OK,🟢 GATILHO,69.5,49.1,WAIT,52.0,60.59513074842094,ELEVADO,1.72354555,1.72354555,True,100.0,TENDÊNCIA BAIXISTA,EQUILÍBRIO / LIQUIDEZ,New York AM,False,"Candidato observado, mas não qualificado para simulação pelo contexto global.",2026-09-29T13:28:37.816106+00:00,2026-09-29T13:28:37.816106+00:00,ATLASQUANT_MODEL_PAPER_V1,105abf3baa96eafb7ebe588b,f3a8a68de54b4b174e788305,AMD,M15,2026-09-29T13:26:46.863227+00:00,🟢 AMD / PO3 EM DISTRIBUIÇÃO,100.0,"{""acc_high"": 0.56576, ""acc_low"": 0.56416, ""manipulation_side"": ""BSL"", ""phase"": ""DISTRIBUIÇÃO"", ""score"": 100.0, ""status"": ""🟢 AMD / PO3 EM DISTRIBUIÇÃO"", ""target"": 0.56416}",False,🟡 DIREÇÃO CONFIRMADA — AGUARDAR EXECUÇÃO,,Gate ainda não liberou execução | Risco de evento elevado | ICT incompleto (70/100) | Fluxo institucional incompleto (49/100),True,M15,1.0,SOURCE_EQUALS_EXECUTION,,,,,,
11123d4587de8c4340ec4a12,11123d4587de8c4340ec4a12,USD/CAD,BUY,crt,SOURCE_MODEL_EXPLICIT,BLOCKED_CONTEXT,,2026-09-29T14:23:31.974598+00:00,,,,,,,2.0,,,,,,,,,89.0,91.0,89.9,🟢 CONFIRMA,🟢 PULLBACK OK,🔴 SEM GATILHO,60.5,63.4,B,77.0,66.3047547734907,ELEVADO,1.70746295,1.70746295,True,100.0,TENDÊNCIA ALTISTA,TENDÊNCIA ALTISTA,London Close,False,"Candidato observado, mas não qualificado para simulação pelo contexto global.",2026-09-29T14:25:22.829927+00:00,2026-09-29T14:25:22.829927+00:00,ATLASQUANT_MODEL_PAPER_V1,80c7235ad8ccd2038d906e45,11123d4587de8c4340ec4a12,CRT,H1,2026-09-29T14:23:31.974598+00:00,🟢 CRT CONFIRMADO,100.0,"{""anchor_high"": 1.41962, ""anchor_low"": 1.41825, ""invalidation"": 1.41767, ""phase"": ""DISTRIBUIÇÃO"", ""raid_side"": ""SSL"", ""score"": 100.0, ""status"": ""🟢 CRT CONFIRMADO"", ""target"": 1.41962}",False,🟡 DIREÇÃO CONFIRMADA — AGUARDAR EXECUÇÃO,,Risco de evento elevado | ICT incompleto (60/100) | Fluxo institucional incompleto (63/100),True,H1,1.0,SOURCE_EQUALS_EXECUTION,,,,,,
ce801c7c189f371271431662,ce801c7c189f371271431662,USD/CHF,BUY,crt,SOURCE_MODEL_EXPLICIT,BLOCKED_CONTEXT,,2026-09-29T14:23:31.974598+00:00,,,,,,,2.0,,,,,,,,,89.0,91.0,89.9,🟢 CONFIRMA,🟢 PULLBACK OK,🔴 SEM GATILHO,55.2,65.0,B,67.0,63.30480089319054,ELEVADO,1.67382645,1.67382645,True,100.0,TENDÊNCIA ALTISTA,EXPANSÃO DOS DOIS LADOS,London Close,False,"Candidato observado, mas não qualificado para simulação pelo contexto global.",2026-09-29T14:25:22.829927+00:00,2026-09-29T14:25:22.829927+00:00,ATLASQUANT_MODEL_PAPER_V1,5e026fb3d4c577b63917254f,ce801c7c189f371271431662,CRT,H1,2026-09-29T14:23:31.974598+00:00,🟢 CRT CONFIRMADO,100.0,"{""anchor_high"": 0.83373, ""anchor_low"": 0.83315, ""invalidation"": 0.83278, ""phase"": ""DISTRIBUIÇÃO"", ""raid_side"": ""SSL"", ""score"": 100.0, ""status"": ""🟢 CRT CONFIRMADO"", ""target"": 0.83373}",False,🟡 DIREÇÃO CONFIRMADA — AGUARDAR EXECUÇÃO,,Risco de evento elevado | ICT incompleto (55/100) | Fluxo institucional incompleto (65/100),True,H1,1.0,SOURCE_EQUALS_EXECUTION,,,,,,
b6f58383bbc0fe16adbb18e0,b6f58383bbc0fe16adbb18e0,USD/JPY,BUY,crt,SOURCE_MODEL_EXPLICIT,BLOCKED_CONTEXT,,2026-09-29T14:23:31.974598+00:00,,,,,,,2.0,,,,,,,,,90.0,84.0,87.2,🔴 CONTRA,🟢 PULLBACK OK,🔴 SEM GATILHO,60.5,75.3,B,69.0,70.20371018944796,ELEVADO,0.77965175,0.77965175,True,100.0,TENDÊNCIA ALTISTA,TENDÊNCIA BAIXISTA,London Close,False,"Candidato observado, mas não qualificado para simulação pelo contexto global.",2026-09-29T14:25:22.829927+00:00,2026-09-29T14:25:22.829927+00:00,ATLASQUANT_MODEL_PAPER_V1,6e541d40551aa35b67cdbfc5,b6f58383bbc0fe16adbb18e0,CRT,H1,2026-09-29T14:23:31.974598+00:00,🟢 CRT CONFIRMADO,100.0,"{""anchor_high"": 157.32965, ""anchor_low"": 157.12853, ""invalidation"": 157.00778, ""phase"": ""DISTRIBUIÇÃO"", ""raid_side"": ""SSL"", ""score"": 100.0, ""status"": ""🟢 CRT CONFIRMADO"", ""target"": 157.32965}",False,🔴 BLOQUEADO,H4 está contra o viés,Risco de evento elevado | ICT incompleto (60/100),True,H1,1.0,SOURCE_EQUALS_EXECUTION,,,,,,
0ce520cd0fb9c37a99ce685e,0ce520cd0fb9c37a99ce685e,GBP/USD,SELL,bos-choch-ob,SOURCE_MODEL_EXPLICIT,BLOCKED_CONTEXT,,2026-09-29T15:24:56.145695+00:00,,,,,,,2.0,,,,,,,,,68.0,70.0,69.1,🟢 CONFIRMA,🟢 PULLBACK OK,🟢 GATILHO,39.5,62.0,WAIT,22.0,83.80660015349258,ELEVADO,1.79239105,1.79239105,True,100.0,EXPANSÃO DOS DOIS LADOS,TENDÊNCIA ALTISTA,London Close,False,"Candidato observado, mas não qualificado para simulação pelo contexto global.",2026-09-29T15:26:49.553091+00:00,2026-09-29T15:26:49.553091+00:00,ATLASQUANT_MODEL_PAPER_V1,69966b2338f5910d567bd29f,0ce520cd0fb9c37a99ce685e,BOS_CHOCH_OB,M15,2026-09-29T15:24:56.145695+00:00,BOS + 🟡 ORDER BLOCK ATIVO,68.0,"{""break_time"": ""2026-09-29T14:45:00+00:00"", ""invalidated"": false, ""mitigation_depth_pct"": 0.0, ""order_block_side"": ""SELL"", ""order_block_status"": ""🟡 ORDER BLOCK ATIVO"", ""origin_time"": ""2026-09-29T14:15:00+00:00"", ""structure_event"": ""BOS"", ""structure_level"": 1.32179, ""structure_side"": ""SELL"", ""structure_status"": ""🟢 BOS CONFIRMADO"", ""zone_high"": 1.32286, ""zone_low"": 1.32219}",False,⚪ EM OBSERVAÇÃO,,Gate ainda não liberou execução | Risco de evento elevado | ICT incompleto (40/100) | Fluxo institucional incompleto (62/100),True,M15,1.0,SOURCE_EQUALS_EXECUTION,,,,,,
cf8c9ca35e19a2d43e84151b,cf8c9ca35e19a2d43e84151b,USD/CHF,BUY,bos-choch-ob,SOURCE_MODEL_EXPLICIT,BLOCKED_CONTEXT,,2026-09-29T15:24:56.145695+00:00,,,,,,,2.0,,,,,,,,,89.0,91.0,89.9,🟢 CONFIRMA,🟢 PULLBACK OK,🟢 GATILHO,39.5,65.8,B,67.0,63.30480089319054,ELEVADO,1.6863566666666665,1.6863566666666665,True,100.0,TENDÊNCIA ALTISTA,EXPANSÃO DOS DOIS LADOS,London Close,False,"Candidato observado, mas não qualificado para simulação pelo contexto global.",2026-09-29T15:26:49.553091+00:00,2026-09-29T15:26:49.553091+00:00,ATLASQUANT_MODEL_PAPER_V1,550e326a2faecf99566dec10,cf8c9ca35e19a2d43e84151b,BOS_CHOCH_OB,M15,2026-09-29T15:24:56.145695+00:00,BOS + 🟡 ORDER BLOCK ATIVO,68.0,"{""break_time"": ""2026-09-29T15:00:00+00:00"", ""invalidated"": false, ""mitigation_depth_pct"": 0.0, ""order_block_side"": ""BUY"", ""order_block_status"": ""🟡 ORDER BLOCK ATIVO"", ""origin_time"": ""2026-09-29T14:00:00+00:00"", ""structure_event"": ""BOS"", ""structure_level"": 0.83442, ""structure_side"": ""BUY"", ""structure_status"": ""🟢 BOS CONFIRMADO"", ""zone_high"": 0.83412, ""zone_low"": 0.83362}",False,🟡 DIREÇÃO CONFIRMADA — AGUARDAR EXECUÇÃO,,Risco de evento elevado | ICT incompleto (40/100) | Fluxo institucional incompleto (66/100),True,M15,1.0,SOURCE_EQUALS_EXECUTION,,,,,,
c581951cf5c6237203df1b29,c581951cf5c6237203df1b29,USD/JPY,BUY,fvg,SOURCE_MODEL_EXPLICIT,BLOCKED_CONTEXT,,2026-09-29T16:25:30.104963+00:00,,,,,,,2.0,,,,,,,,,90.0,84.0,87.2,🔴 CONTRA,🟢 PULLBACK OK,🟡 AGUARDAR GATILHO,43.2,63.1,WAIT,55.0,70.20371018944796,ELEVADO,0.4888109166666667,0.4888109166666667,True,100.0,TENDÊNCIA ALTISTA,TENDÊNCIA BAIXISTA,,False,"Candidato observado, mas não qualificado para simulação pelo contexto global.",2026-09-29T16:27:02.992914+00:00,2026-09-29T16:27:02.992914+00:00,ATLASQUANT_MODEL_PAPER_V1,967fef91d58e090433801b71,c581951cf5c6237203df1b29,FVG,M15,2026-09-29T16:25:30.104963+00:00,🟢 FVG EM TESTE,90.0,"{""price"": 157.52646, ""score"": 90.0, ""status"": ""🟢 FVG EM TESTE"", ""zone_high"": 157.55213, ""zone_low"": 157.39838}",False,🔴 BLOQUEADO,H4 está contra o viés,Gate ainda não liberou execução | Risco de evento elevado | ICT incompleto (43/100) | Fluxo institucional incompleto (63/100) | M15 ainda não confirmou gatilho,True,M15,1.0,SOURCE_EQUALS_EXECUTION,,,,,,
b2c99c443190296dd5a8ba8d,b2c99c443190296dd5a8ba8d,USD/CAD,BUY,bos-choch-ob,SOURCE_MODEL_EXPLICIT,BLOCKED_CONTEXT,,2026-09-29T17:22:21.793329+00:00,,,,,,,2.0,,,,,,,,,89.0,91.0,89.9,🟢 CONFIRMA,🟢 PULLBACK OK,🟡 AGUARDAR GATILHO,39.5,57.1,B,70.0,66.3047547734907,ELEVADO,1.73457135,1.73457135,True,100.0,TENDÊNCIA ALTISTA,TENDÊNCIA ALTISTA,,False,"Candidato observado, mas não qualificado para simulação pelo contexto global.",2026-09-29T17:24:19.728307+00:00,2026-09-29T17:24:19.728307+00:00,ATLASQUANT_MODEL_PAPER_V1,6bc6bf592be7868f1c8b5bf1,b2c99c443190296dd5a8ba8d,BOS_CHOCH_OB,M15,2026-09-29T17:22:21.793329+00:00,BOS + 🟡 ORDER BLOCK PARCIALMENTE MITIGADO / ATIVO,70.0,"{""break_time"": ""2026-09-29T16:45:00+00:00"", ""invalidated"": false, ""mitigation_depth_pct"": 5.8, ""order_block_side"": ""BUY"", ""order_block_status"": ""🟡 ORDER BLOCK PARCIALMENTE MITIGADO / ATIVO"", ""origin_time"": ""2026-09-29T15:45:00+00:00"", ""structure_event"": ""BOS"", ""structure_level"": 1.41986, ""structure_side"": ""BUY"", ""structure_status"": ""🟢 BOS CONFIRMADO"", ""zone_high"": 1.41972, ""zone_low"": 1.41903}",False,🟡 DIREÇÃO CONFIRMADA — AGUARDAR EXECUÇÃO,,Risco de evento elevado | ICT incompleto (40/100) | Fluxo institucional incompleto (57/100) | M15 ainda não confirmou gatilho,True,M15,1.0,SOURCE_EQUALS_EXECUTION,,,,,,
2a8f8f58d0aad34f69e4c545,2a8f8f58d0aad34f69e4c545,USD/JPY,BUY,ote,SOURCE_MODEL_EXPLICIT,BLOCKED_CONTEXT,,2026-09-29T19:23:33.805577+00:00,,,,,,,2.0,,,,,,,,,90.0,84.0,87.2,🟡 PARCIAL,🔴 CONTRA,🔴 SEM GATILHO,49.0,63.4,B,69.0,70.20371018944796,ELEVADO,0.7684964333333333,0.7684964333333333,True,100.0,TENDÊNCIA ALTISTA,TENDÊNCIA BAIXISTA,New York PM,False,"Candidato observado, mas não qualificado para simulação pelo contexto global.",2026-09-29T19:25:24.111689+00:00,2026-09-29T19:25:24.111689+00:00,ATLASQUANT_MODEL_PAPER_V1,ed6f04e642de7f4c163b6ff6,2a8f8f58d0aad34f69e4c545,OTE,H1,2026-09-29T19:23:33.805577+00:00,🟢 DENTRO DO OTE,100.0,"{""price"": 157.22275, ""retracement_pct"": 69.95912519489455, ""score"": 100.0, ""status"": ""🟢 DENTRO DO OTE"", ""sweet_705"": 157.21889935000002, ""swing_high"": 157.72081, ""swing_low"": 157.00888, ""zone_high"": 157.2794134, ""zone_low"": 157.1583853}",False,🔴 BLOQUEADO,H1 está contra o viés,Risco de evento elevado | ICT incompleto (49/100) | Fluxo institucional incompleto (63/100) | H1 ainda não confirmou gatilho,True,H1,1.0,SOURCE_EQUALS_EXECUTION,,,,,,
826e5ea5dec42abf8468b4c7,826e5ea5dec42abf8468b4c7,NZD/USD,SELL,bos-choch-ob,SOURCE_MODEL_EXPLICIT,BLOCKED_CONTEXT,,2026-09-29T21:22:53.296504+00:00,,,,,,,2.0,,,,,,,,,84.0,91.0,87.1,🟢 CONFIRMA,🟢 PULLBACK OK,🔴 SEM GATILHO,34.2,75.0,WAIT,45.0,99.47700631199136,ELEVADO,1.6230502666666666,1.6230502666666666,True,100.0,TENDÊNCIA BAIXISTA,EQUILÍBRIO / LIQUIDEZ,,False,"Candidato observado, mas não qualificado para simulação pelo contexto global.",2026-09-29T21:24:38.131785+00:00,2026-09-29T21:24:38.131785+00:00,ATLASQUANT_MODEL_PAPER_V1,a0f43f9de81aafde492c38ec,826e5ea5dec42abf8468b4c7,BOS_CHOCH_OB,M15,2026-09-29T21:22:53.296504+00:00,CHOCH + 🟡 ORDER BLOCK ATIVO,68.0,"{""break_time"": ""2026-09-29T21:00:00+00:00"", ""invalidated"": false, ""mitigation_depth_pct"": 0.0, ""order_block_side"": ""SELL"", ""order_block_status"": ""🟡 ORDER BLOCK ATIVO"", ""origin_time"": ""2026-09-29T20:45:00+00:00"", ""structure_event"": ""CHOCH"", ""structure_level"": 0.56382, ""structure_side"": ""SELL"", ""structure_status"": ""🟢 CHOCH CONFIRMADO"", ""zone_high"": 0.56425, ""zone_low"": 0.56406}",False,🟡 DIREÇÃO CONFIRMADA — AGUARDAR EXECUÇÃO,,Gate ainda não liberou execução | Risco de evento elevado | ADR14 em 99%: evitar perseguir preço | ICT incompleto (34/100) | M15 ainda não confirmou gatilho,True,M15,1.0,SOURCE_EQUALS_EXECUTION,,,,,,
8e4ea1cd51d095b5f2be9cc7,8e4ea1cd51d095b5f2be9cc7,USD/CAD,BUY,crt,SOURCE_MODEL_EXPLICIT,BLOCKED_CONTEXT,,2026-09-29T21:22:53.296504+00:00,,,,,,,2.0,,,,,,,,,89.0,91.0,89.9,🟢 CONFIRMA,🟢 PULLBACK OK,🔴 SEM GATILHO,60.5,54.5,B,70.0,67.35305129164973,ELEVADO,1.5854764166666666,1.5854764166666666,True,100.0,TENDÊNCIA ALTISTA,TENDÊNCIA ALTISTA,,False,"Candidato observado, mas não qualificado para simulação pelo contexto global.",2026-09-29T21:24:38.131785+00:00,2026-09-29T21:24:38.131785+00:00,ATLASQUANT_MODEL_PAPER_V1,be165e46f23187b0a337f7f0,8e4ea1cd51d095b5f2be9cc7,CRT,H1,2026-09-29T21:22:53.296504+00:00,🟢 CRT CONFIRMADO,100.0,"{""anchor_high"": 1.41992, ""anchor_low"": 1.4177, ""invalidation"": 1.41763, ""phase"": ""DISTRIBUIÇÃO"", ""raid_side"": ""SSL"", ""score"": 100.0, ""status"": ""🟢 CRT CONFIRMADO"", ""target"": 1.41992}",False,🟡 DIREÇÃO CONFIRMADA — AGUARDAR EXECUÇÃO,,Risco de evento elevado | ICT incompleto (60/100) | Fluxo institucional incompleto (54/100),True,H1,1.0,SOURCE_EQUALS_EXECUTION,,,,,,
8eddbea9f3f35701464241aa,8eddbea9f3f35701464241aa,USD/JPY,BUY,ote,SOURCE_MODEL_EXPLICIT,BLOCKED_CONTEXT,,2026-09-29T21:22:53.296504+00:00,,,,,,,2.0,,,,,,,,,90.0,84.0,87.2,🟡 PARCIAL,🔴 CONTRA,🔴 SEM GATILHO,55.8,67.8,WAIT,63.0,70.20371018944796,ELEVADO,0.6832962499999999,0.6832962499999999,True,100.0,TENDÊNCIA ALTISTA,TENDÊNCIA BAIXISTA,,False,"Candidato observado, mas não qualificado para simulação pelo contexto global.",2026-09-29T21:24:38.131785+00:00,2026-09-29T21:24:38.131785+00:00,ATLASQUANT_MODEL_PAPER_V1,2a69e477f91dd7c4e803e3a9,8eddbea9f3f35701464241aa,OTE,H1,2026-09-29T21:22:53.296504+00:00,🟢 DENTRO DO OTE,100.0,"{""price"": 157.28428, ""retracement_pct"": 69.89064826526143, ""score"": 100.0, ""status"": ""🟢 DENTRO DO OTE"", ""sweet_705"": 157.28047404999998, ""swing_high"": 157.72081, ""swing_low"": 157.09622, ""zone_high"": 157.33356419999998, ""zone_low"": 157.22738389999998}",False,🔴 BLOQUEADO,H1 está contra o viés,Gate ainda não liberou execução | Risco de evento elevado | ICT incompleto (56/100) | Fluxo institucional incompleto (68/100) | H1 ainda não confirmou gatilho,True,H1,1.0,SOURCE_EQUALS_EXECUTION,,,,,,
f004f2077a3c69741340e393,f004f2077a3c69741340e393,NZD/USD,SELL,amd-po3,SOURCE_MODEL_EXPLICIT,BLOCKED_CONTEXT,,2026-09-29T23:20:44.193449+00:00,,,,,,,2.0,,,,,,,,,84.0,91.0,87.1,🟢 CONFIRMA,🟢 PULLBACK OK,🟡 AGUARDAR GATILHO,61.2,70.1,WAIT,45.0,99.47700631199136,ELEVADO,1.5285624166666667,1.5285624166666667,True,100.0,TENDÊNCIA BAIXISTA,EQUILÍBRIO / LIQUIDEZ,,False,"Candidato observado, mas não qualificado para simulação pelo contexto global.",2026-09-29T23:22:21.195411+00:00,2026-09-29T23:22:21.195411+00:00,ATLASQUANT_MODEL_PAPER_V1,337d6ecd5309788dc00b8634,f004f2077a3c69741340e393,AMD,M15,2026-09-29T23:20:44.193449+00:00,🟢 AMD / PO3 EM DISTRIBUIÇÃO,100.0,"{""acc_high"": 0.56464, ""acc_low"": 0.56372, ""manipulation_side"": ""BSL"", ""phase"": ""DISTRIBUIÇÃO"", ""score"": 100.0, ""status"": ""🟢 AMD / PO3 EM DISTRIBUIÇÃO"", ""target"": 0.56372}",False,🟡 DIREÇÃO CONFIRMADA — AGUARDAR EXECUÇÃO,,Gate ainda não liberou execução | Risco de evento elevado | ADR14 em 99%: evitar perseguir preço | ICT incompleto (61/100) | M15 ainda não confirmou gatilho,True,M15,1.0,SOURCE_EQUALS_EXECUTION,,,,,,
e9f7a4ebd81720786e6b2dac,e9f7a4ebd81720786e6b2dac,NZD/USD,SELL,fvg,SOURCE_MODEL_EXPLICIT,BLOCKED_CONTEXT,,2026-09-29T23:20:44.193449+00:00,,,,,,,2.0,,,,,,,,,84.0,91.0,87.1,🟢 CONFIRMA,🟢 PULLBACK OK,🟡 AGUARDAR GATILHO,61.2,70.1,WAIT,45.0,99.47700631199136,ELEVADO,1.5285624166666667,1.5285624166666667,True,100.0,TENDÊNCIA BAIXISTA,EQUILÍBRIO / LIQUIDEZ,,False,"Candidato observado, mas não qualificado para simulação pelo contexto global.",2026-09-29T23:22:21.195411+00:00,2026-09-29T23:22:21.195411+00:00,ATLASQUANT_MODEL_PAPER_V1,2afc66c9278cdfa9f04070ce,e9f7a4ebd81720786e6b2dac,FVG,M15,2026-09-29T23:20:44.193449+00:00,🟢 FVG EM TESTE,90.0,"{""price"": 0.56372, ""score"": 90.0, ""status"": ""🟢 FVG EM TESTE"", ""zone_high"": 0.56409, ""zone_low"": 0.56356}",False,🟡 DIREÇÃO CONFIRMADA — AGUARDAR EXECUÇÃO,,Gate ainda não liberou execução | Risco de evento elevado | ADR14 em 99%: evitar perseguir preço | ICT incompleto (61/100) | M15 ainda não confirmou gatilho,True,M15,1.0,SOURCE_EQUALS_EXECUTION,,,,,,
e0f6f22227504d69e9808da1,e0f6f22227504d69e9808da1,USD/CAD,BUY,crt,SOURCE_MODEL_EXPLICIT,BLOCKED_CONTEXT,,2026-09-29T23:20:44.193449+00:00,,,,,,,2.0,,,,,,,,,89.0,91.0,89.9,🟢 CONFIRMA,🟢 PULLBACK OK,🟡 AGUARDAR GATILHO,60.5,49.4,B,70.0,67.35305129164973,ELEVADO,1.5025892833333332,1.5025892833333332,True,100.0,TENDÊNCIA ALTISTA,TENDÊNCIA ALTISTA,,False,"Candidato observado, mas não qualificado para simulação pelo contexto global.",2026-09-29T23:22:21.195411+00:00,2026-09-29T23:22:21.195411+00:00,ATLASQUANT_MODEL_PAPER_V1,a79d06529b1d5f8e1766859e,e0f6f22227504d69e9808da1,CRT,H1,2026-09-29T23:20:44.193449+00:00,🟢 CRT CONFIRMADO,100.0,"{""anchor_high"": 1.41929, ""anchor_low"": 1.4184, ""invalidation"": 1.41837, ""phase"": ""DISTRIBUIÇÃO"", ""raid_side"": ""SSL"", ""score"": 100.0, ""status"": ""🟢 CRT CONFIRMADO"", ""target"": 1.41929}",False,🟡 DIREÇÃO CONFIRMADA — AGUARDAR EXECUÇÃO,,Risco de evento elevado | ICT incompleto (60/100) | Fluxo institucional incompleto (49/100),True,H1,1.0,SOURCE_EQUALS_EXECUTION,,,,,,
4fb029462ec69f74f34cd6e5,4fb029462ec69f74f34cd6e5,USD/CHF,BUY,fvg,SOURCE_MODEL_EXPLICIT,BLOCKED_CONTEXT,,2026-09-29T23:20:44.193449+00:00,,,,,,,2.0,,,,,,,,,89.0,91.0,89.9,🟢 CONFIRMA,🟢 PULLBACK OK,🟡 AGUARDAR GATILHO,43.2,70.6,WAIT,60.0,87.27205061406679,ELEVADO,1.4770966666666667,1.4770966666666667,True,100.0,TENDÊNCIA ALTISTA,EXPANSÃO DOS DOIS LADOS,,False,"Candidato observado, mas não qualificado para simulação pelo contexto global.",2026-09-29T23:22:21.195411+00:00,2026-09-29T23:22:21.195411+00:00,ATLASQUANT_MODEL_PAPER_V1,50bdf54abe83d2f9a57a7d85,4fb029462ec69f74f34cd6e5,FVG,M15,2026-09-29T23:20:44.193449+00:00,🟢 FVG EM TESTE,90.0,"{""price"": 0.83429, ""score"": 90.0, ""status"": ""🟢 FVG EM TESTE"", ""zone_high"": 0.83433, ""zone_low"": 0.8342}",False,🟡 DIREÇÃO CONFIRMADA — AGUARDAR EXECUÇÃO,,Gate ainda não liberou execução | Risco de evento elevado | ADR14 em 87%: espaço reduzido | ICT incompleto (43/100) | M15 ainda não confirmou gatilho,True,M15,1.0,SOURCE_EQUALS_EXECUTION,,,,,,
0d655d3e0e961f8f022fcef4,0d655d3e0e961f8f022fcef4,USD/JPY,BUY,bos-choch-ob,SOURCE_MODEL_EXPLICIT,BLOCKED_CONTEXT,,2026-09-30T00:31:52.287557+00:00,,,,,,,2.0,,,,,,,,,90.0,84.0,87.2,🔴 CONTRA,🔴 CONTRA,🔴 SEM GATILHO,60.5,61.1,WAIT,62.0,70.20371018944796,ALTO,1.6034815,1.6034815,True,100.0,TENDÊNCIA ALTISTA,TENDÊNCIA BAIXISTA,Asian Range,False,"Candidato observado, mas não qualificado para simulação pelo contexto global.",2026-09-30T00:34:31.895311+00:00,2026-09-30T00:34:31.895311+00:00,ATLASQUANT_MODEL_PAPER_V1,76fcb4388e2f1e081f55e59f,0d655d3e0e961f8f022fcef4,BOS_CHOCH_OB,M15,2026-09-30T00:31:52.287557+00:00,CHOCH + 🟢 ORDER BLOCK EM MITIGAÇÃO,92.0,"{""break_time"": ""2026-09-29T23:30:00+00:00"", ""invalidated"": false, ""mitigation_depth_pct"": 100.0, ""order_block_side"": ""BUY"", ""order_block_status"": ""🟢 ORDER BLOCK EM MITIGAÇÃO"", ""origin_time"": ""2026-09-29T23:15:00+00:00"", ""structure_event"": ""CHOCH"", ""structure_level"": 157.39652, ""structure_side"": ""BUY"", ""structure_status"": ""🟢 CHOCH CONFIRMADO"", ""zone_high"": 157.37744, ""zone_low"": 157.33983}",False,🔴 BLOQUEADO,H4 está contra o viés | H1 está contra o viés,Gate ainda não liberou execução | Risco de evento elevado | ICT incompleto (60/100) | Fluxo institucional incompleto (61/100) | M15 ainda não confirmou gatilho,True,M15,1.0,SOURCE_EQUALS_EXECUTION,,,,,,
5d23d4eac756321924adf554,5d23d4eac756321924adf554,USD/JPY,BUY,crt,SOURCE_MODEL_EXPLICIT,BLOCKED_CONTEXT,,2026-09-30T00:31:52.287557+00:00,,,,,,,2.0,,,,,,,,,90.0,84.0,87.2,🔴 CONTRA,🔴 CONTRA,🔴 SEM GATILHO,60.5,61.1,WAIT,62.0,70.20371018944796,ALTO,1.6034815,1.6034815,True,100.0,TENDÊNCIA ALTISTA,TENDÊNCIA BAIXISTA,Asian Range,False,"Candidato observado, mas não qualificado para simulação pelo contexto global.",2026-09-30T00:34:31.895311+00:00,2026-09-30T00:34:31.895311+00:00,ATLASQUANT_MODEL_PAPER_V1,9b740282550678f196507be8,5d23d4eac756321924adf554,CRT,H1,2026-09-30T00:31:52.287557+00:00,🟢 CRT CONFIRMADO,100.0,"{""anchor_high"": 157.36633, ""anchor_low"": 157.28449, ""invalidation"": 157.25144, ""phase"": ""DISTRIBUIÇÃO"", ""raid_side"": ""SSL"", ""score"": 100.0, ""status"": ""🟢 CRT CONFIRMADO"", ""target"": 157.36633}",False,🔴 BLOQUEADO,H4 está contra o viés | H1 está contra o viés,Gate ainda não liberou execução | Risco de evento elevado | ICT incompleto (60/100) | Fluxo institucional incompleto (61/100) | H1 ainda não confirmou gatilho,True,H1,1.0,SOURCE_EQUALS_EXECUTION,,,,,,
8d4707231aa583cb150e8947,8d4707231aa583cb150e8947,EUR/USD,SELL,amd-po3,SOURCE_MODEL_EXPLICIT,BLOCKED_CONTEXT,,2026-09-30T02:21:27.311565+00:00,,,,,,,2.0,,,,,,,,,91.0,70.0,82.5,🟢 CONFIRMA,🟢 PULLBACK OK,🟡 AGUARDAR GATILHO,57.5,75.5,WAIT,52.0,139.82706899594135,ALTO,1.521432116666667,1.521432116666667,True,100.0,TENDÊNCIA BAIXISTA,COMPRESSÃO,Asian Range,False,"Candidato observado, mas não qualificado para simulação pelo contexto global.",2026-09-30T02:23:01.610715+00:00,2026-09-30T02:23:01.610715+00:00,ATLASQUANT_MODEL_PAPER_V1,da29b6bd2dd34c6276731d7c,8d4707231aa583cb150e8947,AMD,M15,2026-09-30T02:21:27.311565+00:00,🟢 AMD / PO3 EM DISTRIBUIÇÃO,100.0,"{""acc_high"": 1.13425, ""acc_low"": 1.1337, ""manipulation_side"": ""BSL"", ""phase"": ""DISTRIBUIÇÃO"", ""score"": 100.0, ""status"": ""🟢 AMD / PO3 EM DISTRIBUIÇÃO"", ""target"": 1.1337}",False,🔴 BLOQUEADO,ADR14 muito esticado (140%),Gate ainda não liberou execução | Risco de evento elevado | ADR14 em 140%: evitar perseguir preço | ICT incompleto (58/100) | M15 ainda não confirmou gatilho,True,M15,1.0,SOURCE_EQUALS_EXECUTION,,,,,,
c3f0b92c26854770dafbb65a,c3f0b92c26854770dafbb65a,GBP/USD,SELL,amd-po3,SOURCE_MODEL_EXPLICIT,BLOCKED_CONTEXT,,2026-09-30T02:21:27.311565+00:00,,,,,,,2.0,,,,,,,,,68.0,70.0,69.1,🟢 CONFIRMA,🟡 ALINHADO,🔴 SEM GATILHO,58.2,47.2,WAIT,22.0,97.058071117933,ALTO,1.5426630833333337,1.5426630833333337,True,100.0,EXPANSÃO DOS DOIS LADOS,TENDÊNCIA ALTISTA,Asian Range,False,"Candidato observado, mas não qualificado para simulação pelo contexto global.",2026-09-30T02:23:01.610715+00:00,2026-09-30T02:23:01.610715+00:00,ATLASQUANT_MODEL_PAPER_V1,e4aa6fb8a8077eddaaf69d23,c3f0b92c26854770dafbb65a,AMD,M15,2026-09-30T02:21:27.311565+00:00,🟢 AMD / PO3 EM DISTRIBUIÇÃO,100.0,"{""acc_high"": 1.32306, ""acc_low"": 1.32254, ""manipulation_side"": ""BSL"", ""phase"": ""DISTRIBUIÇÃO"", ""score"": 100.0, ""status"": ""🟢 AMD / PO3 EM DISTRIBUIÇÃO"", ""target"": 1.32254}",False,⚪ EM OBSERVAÇÃO,,Gate ainda não liberou execução | Risco de evento elevado | ADR14 em 97%: evitar perseguir preço | ICT incompleto (58/100) | Fluxo institucional incompleto (47/100) | M15 ainda não confirmou gatilho,True,M15,1.0,SOURCE_EQUALS_EXECUTION,,,,,,
6d758af8722a293694df22dd,6d758af8722a293694df22dd,NZD/USD,SELL,amd-po3,SOURCE_MODEL_EXPLICIT,BLOCKED_CONTEXT,,2026-09-30T02:21:27.311565+00:00,,,,,,,2.0,,,,,,,,,84.0,91.0,87.1,🟢 CONFIRMA,🟢 PULLBACK OK,🔴 SEM GATILHO,50.8,64.8,WAIT,52.0,99.47700631199136,ALTO,1.4805067,1.4805067,True,100.0,TENDÊNCIA BAIXISTA,EQUILÍBRIO / LIQUIDEZ,Asian Range,False,"Candidato observado, mas não qualificado para simulação pelo contexto global.",2026-09-30T02:23:01.610715+00:00,2026-09-30T02:23:01.610715+00:00,ATLASQUANT_MODEL_PAPER_V1,96c4a468e85e77e161657b8c,6d758af8722a293694df22dd,AMD,M15,2026-09-30T02:21:27.311565+00:00,🟢 AMD / PO3 EM DISTRIBUIÇÃO,100.0,"{""acc_high"": 0.56434, ""acc_low"": 0.56335, ""manipulation_side"": ""BSL"", ""phase"": ""DISTRIBUIÇÃO"", ""score"": 100.0, ""status"": ""🟢 AMD / PO3 EM DISTRIBUIÇÃO"", ""target"": 0.56335}",False,🟡 DIREÇÃO CONFIRMADA — AGUARDAR EXECUÇÃO,,Gate ainda não liberou execução | Risco de evento elevado | ADR14 em 99%: evitar perseguir preço | ICT incompleto (51/100) | Fluxo institucional incompleto (65/100) | M15 ainda não confirmou gatilho,True,M15,1.0,SOURCE_EQUALS_EXECUTION,,,,,,
bf0019f12e89d24aa6f33b4b,bf0019f12e89d24aa6f33b4b,USD/CAD,BUY,amd-po3,SOURCE_MODEL_EXPLICIT,BLOCKED_CONTEXT,,2026-09-30T03:24:14.232956+00:00,,,,,,,2.0,,,,,,,,,89.0,91.0,89.9,🟢 CONFIRMA,🟢 PULLBACK OK,🔴 SEM GATILHO,62.8,58.9,B,69.0,67.35305129164973,ALTO,1.6359424166666665,1.6359424166666665,True,100.0,TENDÊNCIA ALTISTA,TENDÊNCIA ALTISTA,Asian Range,False,"Candidato observado, mas não qualificado para simulação pelo contexto global.",2026-09-30T03:26:01.387358+00:00,2026-09-30T03:26:01.387358+00:00,ATLASQUANT_MODEL_PAPER_V1,ddbf7d92bf39ff16495e2dc1,bf0019f12e89d24aa6f33b4b,AMD,M15,2026-09-30T03:24:14.232956+00:00,🟢 AMD / PO3 EM DISTRIBUIÇÃO,100.0,"{""acc_high"": 1.41953, ""acc_low"": 1.41906, ""manipulation_side"": ""SSL"", ""phase"": ""DISTRIBUIÇÃO"", ""score"": 100.0, ""status"": ""🟢 AMD / PO3 EM DISTRIBUIÇÃO"", ""target"": 1.41953}",False,🟡 DIREÇÃO CONFIRMADA — AGUARDAR EXECUÇÃO,,Risco de evento elevado | ICT incompleto (63/100) | Fluxo institucional incompleto (59/100) | M15 ainda não confirmou gatilho,True,M15,1.0,SOURCE_EQUALS_EXECUTION,,,,,,
72504d812b73868ba393046c,72504d812b73868ba393046c,GBP/USD,SELL,amd-po3,SOURCE_MODEL_EXPLICIT,BLOCKED_CONTEXT,,2026-09-30T04:24:11.697035+00:00,,,,,,,2.0,,,,,,,,,68.0,70.0,69.1,🟢 CONFIRMA,🟡 ALINHADO,🟢 GATILHO,77.0,61.5,WAIT,15.0,4.8993875765539645,ALTO,1.6334157333333332,1.6334157333333332,True,100.0,EXPANSÃO DOS DOIS LADOS,TENDÊNCIA ALTISTA,,False,"Candidato observado, mas não qualificado para simulação pelo contexto global.",2026-09-30T04:25:51.174193+00:00,2026-09-30T04:25:51.174193+00:00,ATLASQUANT_MODEL_PAPER_V1,06f50822f8fa2f814f6477fc,72504d812b73868ba393046c,AMD,M15,2026-09-30T04:24:11.697035+00:00,🟢 AMD / PO3 EM DISTRIBUIÇÃO,100.0,"{""acc_high"": 1.32326, ""acc_low"": 1.32247, ""manipulation_side"": ""BSL"", ""phase"": ""DISTRIBUIÇÃO"", ""score"": 100.0, ""status"": ""🟢 AMD / PO3 EM DISTRIBUIÇÃO"", ""target"": 1.32247}",False,⚪ EM OBSERVAÇÃO,,Gate ainda não liberou execução | Risco de evento elevado | Fluxo institucional incompleto (62/100),True,M15,1.0,SOURCE_EQUALS_EXECUTION,,,,,,
2d809c4bff5a808afaeff67f,2d809c4bff5a808afaeff67f,USD/CHF,BUY,amd-po3,SOURCE_MODEL_EXPLICIT,BLOCKED_CONTEXT,,2026-09-30T04:24:11.697035+00:00,,,,,,,2.0,,,,,,,,,89.0,91.0,89.9,🟢 CONFIRMA,🟢 PULLBACK OK,🟢 GATILHO,78.5,69.2,WAIT,60.0,5.322230267922902,ALTO,1.5187907333333333,1.5187907333333333,True,100.0,TENDÊNCIA ALTISTA,EXPANSÃO DOS DOIS LADOS,,False,"Candidato observado, mas não qualificado para simulação pelo contexto global.",2026-09-30T04:25:51.174193+00:00,2026-09-30T04:25:51.174193+00:00,ATLASQUANT_MODEL_PAPER_V1,fdfcb879c8dcaab06390256d,2d809c4bff5a808afaeff67f,AMD,M15,2026-09-30T04:24:11.697035+00:00,🟢 AMD / PO3 EM DISTRIBUIÇÃO,100.0,"{""acc_high"": 0.83467, ""acc_low"": 0.83351, ""manipulation_side"": ""SSL"", ""phase"": ""DISTRIBUIÇÃO"", ""score"": 100.0, ""status"": ""🟢 AMD / PO3 EM DISTRIBUIÇÃO"", ""target"": 0.83467}",False,🟡 DIREÇÃO CONFIRMADA — AGUARDAR EXECUÇÃO,,Gate ainda não liberou execução | Risco de evento elevado | Fluxo institucional incompleto (69/100),True,M15,1.0,SOURCE_EQUALS_EXECUTION,,,,,,
da0a1bd4a970b23e097526c1,da0a1bd4a970b23e097526c1,USD/CHF,BUY,crt,SOURCE_MODEL_EXPLICIT,BLOCKED_CONTEXT,,2026-09-30T04:24:11.697035+00:00,,,,,,,2.0,,,,,,,,,89.0,91.0,89.9,🟢 CONFIRMA,🟢 PULLBACK OK,🟢 GATILHO,78.5,69.2,WAIT,60.0,5.322230267922902,ALTO,1.5187907333333333,1.5187907333333333,True,100.0,TENDÊNCIA ALTISTA,EXPANSÃO DOS DOIS LADOS,,False,"Candidato observado, mas não qualificado para simulação pelo contexto global.",2026-09-30T04:25:51.174193+00:00,2026-09-30T04:25:51.174193+00:00,ATLASQUANT_MODEL_PAPER_V1,3b83931eb418d5dd33b5860f,da0a1bd4a970b23e097526c1,CRT,H1,2026-09-30T04:24:11.697035+00:00,🟢 CRT CONFIRMADO,100.0,"{""anchor_high"": 0.83467, ""anchor_low"": 0.83351, ""invalidation"": 0.83326, ""phase"": ""DISTRIBUIÇÃO"", ""raid_side"": ""SSL"", ""score"": 100.0, ""status"": ""🟢 CRT CONFIRMADO"", ""target"": 0.83467}",False,🟡 DIREÇÃO CONFIRMADA — AGUARDAR EXECUÇÃO,,Gate ainda não liberou execução | Risco de evento elevado | Fluxo institucional incompleto (69/100),True,H1,1.0,SOURCE_EQUALS_EXECUTION,,,,,,
fdc2fcf1203d3724bc9b9a18,fdc2fcf1203d3724bc9b9a18,USD/JPY,BUY,crt,SOURCE_MODEL_EXPLICIT,BLOCKED_CONTEXT,,2026-09-30T04:24:11.697035+00:00,,,,,,,2.0,,,,,,,,,90.0,84.0,87.2,🟡 PARCIAL,🔴 CONTRA,🔴 SEM GATILHO,69.5,73.1,WAIT,63.0,13.354717874751303,ALTO,0.5975938333333333,0.5975938333333333,True,100.0,TENDÊNCIA ALTISTA,TENDÊNCIA BAIXISTA,,False,"Candidato observado, mas não qualificado para simulação pelo contexto global.",2026-09-30T04:25:51.174193+00:00,2026-09-30T04:25:51.174193+00:00,ATLASQUANT_MODEL_PAPER_V1,4927cc072e0cbdc095ee2d4f,fdc2fcf1203d3724bc9b9a18,CRT,H1,2026-09-30T04:24:11.697035+00:00,🟢 CRT CONFIRMADO,100.0,"{""anchor_high"": 157.13946, ""anchor_low"": 156.63063, ""invalidation"": 156.38346, ""phase"": ""DISTRIBUIÇÃO"", ""raid_side"": ""SSL"", ""score"": 100.0, ""status"": ""🟢 CRT CONFIRMADO"", ""target"": 157.13946}",False,🔴 BLOQUEADO,H1 está contra o viés,Gate ainda não liberou execução | Risco de evento elevado | ICT incompleto (70/100) | H1 ainda não confirmou gatilho,True,H1,1.0,SOURCE_EQUALS_EXECUTION,,,,,,
6a3a72de9714c6e1f11ca0e7,6a3a72de9714c6e1f11ca0e7,NZD/USD,SELL,amd-po3,SOURCE_MODEL_EXPLICIT,BLOCKED_CONTEXT,,2026-09-30T05:23:09.649299+00:00,,,,,,,2.0,,,,,,,,,84.0,91.0,87.1,🟢 CONFIRMA,🟢 PULLBACK OK,🟡 AGUARDAR GATILHO,78.5,68.3,WAIT,45.0,21.775602936035064,ALTO,1.5261485833333337,1.5261485833333337,True,100.0,TENDÊNCIA BAIXISTA,EQUILÍBRIO / LIQUIDEZ,,False,"Candidato observado, mas não qualificado para simulação pelo contexto global.",2026-09-30T05:24:47.273492+00:00,2026-09-30T05:24:47.273492+00:00,ATLASQUANT_MODEL_PAPER_V1,53eb25c1646783d4ae877588,6a3a72de9714c6e1f11ca0e7,AMD,M15,2026-09-30T05:23:09.649299+00:00,🟢 AMD / PO3 EM DISTRIBUIÇÃO,100.0,"{""acc_high"": 0.56459, ""acc_low"": 0.5637, ""manipulation_side"": ""BSL"", ""phase"": ""DISTRIBUIÇÃO"", ""score"": 100.0, ""status"": ""🟢 AMD / PO3 EM DISTRIBUIÇÃO"", ""target"": 0.5637}",False,🟡 DIREÇÃO CONFIRMADA — AGUARDAR EXECUÇÃO,,Gate ainda não liberou execução | Risco de evento elevado | Fluxo institucional incompleto (68/100) | M15 ainda não confirmou gatilho,True,M15,1.0,SOURCE_EQUALS_EXECUTION,,,,,,
fb4ff80b7d7360f277d2aaeb,fb4ff80b7d7360f277d2aaeb,NZD/USD,SELL,bos-choch-ob,SOURCE_MODEL_EXPLICIT,BLOCKED_CONTEXT,,2026-09-30T05:23:09.649299+00:00,,,,,,,2.0,,,,,,,,,84.0,91.0,87.1,🟢 CONFIRMA,🟢 PULLBACK OK,🟡 AGUARDAR GATILHO,78.5,68.3,WAIT,45.0,21.775602936035064,ALTO,1.5261485833333337,1.5261485833333337,True,100.0,TENDÊNCIA BAIXISTA,EQUILÍBRIO / LIQUIDEZ,,False,"Candidato observado, mas não qualificado para simulação pelo contexto global.",2026-09-30T05:24:47.273492+00:00,2026-09-30T05:24:47.273492+00:00,ATLASQUANT_MODEL_PAPER_V1,3898c3caf0900a64620bf024,fb4ff80b7d7360f277d2aaeb,BOS_CHOCH_OB,M15,2026-09-30T05:23:09.649299+00:00,CHOCH + 🟡 ORDER BLOCK ATIVO,68.0,"{""break_time"": ""2026-09-30T04:30:00+00:00"", ""invalidated"": false, ""mitigation_depth_pct"": 0.0, ""order_block_side"": ""SELL"", ""order_block_status"": ""🟡 ORDER BLOCK ATIVO"", ""origin_time"": ""2026-09-30T03:30:00+00:00"", ""structure_event"": ""CHOCH"", ""structure_level"": 0.56379, ""structure_side"": ""SELL"", ""structure_status"": ""🟢 CHOCH CONFIRMADO"", ""zone_high"": 0.56497, ""zone_low"": 0.56464}",False,🟡 DIREÇÃO CONFIRMADA — AGUARDAR EXECUÇÃO,,Gate ainda não liberou execução | Risco de evento elevado | Fluxo institucional incompleto (68/100) | M15 ainda não confirmou gatilho,True,M15,1.0,SOURCE_EQUALS_EXECUTION,,,,,,
eabf0d266d838426d0a4c45d,eabf0d266d838426d0a4c45d,NZD/USD,SELL,crt,SOURCE_MODEL_EXPLICIT,BLOCKED_CONTEXT,,2026-09-30T05:23:09.649299+00:00,,,,,,,2.0,,,,,,,,,84.0,91.0,87.1,🟢 CONFIRMA,🟢 PULLBACK OK,🟡 AGUARDAR GATILHO,78.5,68.3,WAIT,45.0,21.775602936035064,ALTO,1.5261485833333337,1.5261485833333337,True,100.0,TENDÊNCIA BAIXISTA,EQUILÍBRIO / LIQUIDEZ,,False,"Candidato observado, mas não qualificado para simulação pelo contexto global.",2026-09-30T05:24:47.273492+00:00,2026-09-30T05:24:47.273492+00:00,ATLASQUANT_MODEL_PAPER_V1,53f01e9b4bf21d27c73de73d,eabf0d266d838426d0a4c45d,CRT,H1,2026-09-30T05:23:09.649299+00:00,🟢 CRT CONFIRMADO,100.0,"{""anchor_high"": 0.56452, ""anchor_low"": 0.56379, ""invalidation"": 0.56497, ""phase"": ""DISTRIBUIÇÃO"", ""raid_side"": ""BSL"", ""score"": 100.0, ""status"": ""🟢 CRT CONFIRMADO"", ""target"": 0.56379}",False,🟡 DIREÇÃO CONFIRMADA — AGUARDAR EXECUÇÃO,,Gate ainda não liberou execução | Risco de evento elevado | Fluxo institucional incompleto (68/100),True,H1,1.0,SOURCE_EQUALS_EXECUTION,,,,,,
2878b485d74fa28c974ed848,2878b485d74fa28c974ed848,USD/CAD,BUY,crt,SOURCE_MODEL_EXPLICIT,BLOCKED_CONTEXT,,2026-09-30T05:23:09.649299+00:00,,,,,,,2.0,,,,,,,,,89.0,91.0,89.9,🟢 CONFIRMA,🟢 PULLBACK OK,🟡 AGUARDAR GATILHO,60.5,66.3,B,69.0,8.367575644374769,ALTO,1.5011176666666666,1.5011176666666666,True,100.0,TENDÊNCIA ALTISTA,TENDÊNCIA ALTISTA,,False,"Candidato observado, mas não qualificado para simulação pelo contexto global.",2026-09-30T05:24:47.273492+00:00,2026-09-30T05:24:47.273492+00:00,ATLASQUANT_MODEL_PAPER_V1,a09a01b3366555d9fba03051,2878b485d74fa28c974ed848,CRT,H1,2026-09-30T05:23:09.649299+00:00,🟢 CRT CONFIRMADO,100.0,"{""anchor_high"": 1.41978, ""anchor_low"": 1.41934, ""invalidation"": 1.41916, ""phase"": ""DISTRIBUIÇÃO"", ""raid_side"": ""SSL"", ""score"": 100.0, ""status"": ""🟢 CRT CONFIRMADO"", ""target"": 1.41978}",False,🟡 DIREÇÃO CONFIRMADA — AGUARDAR EXECUÇÃO,,Risco de evento elevado | ICT incompleto (60/100) | Fluxo institucional incompleto (66/100),True,H1,1.0,SOURCE_EQUALS_EXECUTION,,,,,,
2b39e2778ea9578bff3c8b8f,2b39e2778ea9578bff3c8b8f,USD/JPY,BUY,fvg,SOURCE_MODEL_EXPLICIT,BLOCKED_CONTEXT,,2026-09-30T05:23:09.649299+00:00,,,,,,,2.0,,,,,,,,,90.0,84.0,87.2,🟡 PARCIAL,🔴 CONTRA,🟡 AGUARDAR GATILHO,57.0,57.9,WAIT,63.0,41.65048474019213,ALTO,0.56698175,0.56698175,True,100.0,TENDÊNCIA ALTISTA,TENDÊNCIA BAIXISTA,,False,"Candidato observado, mas não qualificado para simulação pelo contexto global.",2026-09-30T05:24:47.273492+00:00,2026-09-30T05:24:47.273492+00:00,ATLASQUANT_MODEL_PAPER_V1,a561dec7061b6411e554d90a,2b39e2778ea9578bff3c8b8f,FVG,M15,2026-09-30T05:23:09.649299+00:00,🟢 FVG EM TESTE,90.0,"{""price"": 157.06567, ""score"": 90.0, ""status"": ""🟢 FVG EM TESTE"", ""zone_high"": 157.09034, ""zone_low"": 156.98422}",False,🔴 BLOQUEADO,H1 está contra o viés,Gate ainda não liberou execução | Risco de evento elevado | ICT incompleto (57/100) | Fluxo institucional incompleto (58/100) | M15 ainda não confirmou gatilho,True,M15,1.0,SOURCE_EQUALS_EXECUTION,,,,,,
d8bd88689747620efe0f84f0,d8bd88689747620efe0f84f0,USD/JPY,BUY,ote,SOURCE_MODEL_EXPLICIT,BLOCKED_CONTEXT,,2026-09-30T05:23:09.649299+00:00,,,,,,,2.0,,,,,,,,,90.0,84.0,87.2,🟡 PARCIAL,🔴 CONTRA,🟡 AGUARDAR GATILHO,57.0,57.9,WAIT,63.0,41.65048474019213,ALTO,0.56698175,0.56698175,True,100.0,TENDÊNCIA ALTISTA,TENDÊNCIA BAIXISTA,,False,"Candidato observado, mas não qualificado para simulação pelo contexto global.",2026-09-30T05:24:47.273492+00:00,2026-09-30T05:24:47.273492+00:00,ATLASQUANT_MODEL_PAPER_V1,ccb88510dc6acfd113a0df51,d8bd88689747620efe0f84f0,OTE,H1,2026-09-30T05:23:09.649299+00:00,🟢 DENTRO DO OTE,90.0,"{""price"": 157.13538, ""retracement_pct"": 75.43461101592109, ""score"": 90.0, ""status"": ""🟢 DENTRO DO OTE"", ""sweet_705"": 157.16101185, ""swing_high"": 157.52721, ""swing_low"": 157.00778, ""zone_high"": 157.2051634, ""zone_low"": 157.11686029999998}",False,🔴 BLOQUEADO,H1 está contra o viés,Gate ainda não liberou execução | Risco de evento elevado | ICT incompleto (57/100) | Fluxo institucional incompleto (58/100) | H1 ainda não confirmou gatilho,True,H1,1.0,SOURCE_EQUALS_EXECUTION,,,,,,
713bf1e0d8c17d1261e25f13,713bf1e0d8c17d1261e25f13,USD/JPY,BUY,fvg,SOURCE_MODEL_EXPLICIT,BLOCKED_CONTEXT,,2026-09-30T07:24:58.206209+00:00,,,,,,,2.0,,,,,,,,,90.0,84.0,87.2,🔴 CONTRA,🔴 CONTRA,🔴 SEM GATILHO,43.2,49.6,B,69.0,49.23051531003884,ALTO,0.57943535,0.57943535,True,100.0,TENDÊNCIA ALTISTA,TENDÊNCIA BAIXISTA,London Killzone,False,"Candidato observado, mas não qualificado para simulação pelo contexto global.",2026-09-30T07:26:36.624015+00:00,2026-09-30T07:26:36.624015+00:00,ATLASQUANT_MODEL_PAPER_V1,8c84a73ea2ebe4d80d97680e,713bf1e0d8c17d1261e25f13,FVG,M15,2026-09-30T07:24:58.206209+00:00,🟢 FVG EM TESTE,90.0,"{""price"": 156.77016, ""score"": 90.0, ""status"": ""🟢 FVG EM TESTE"", ""zone_high"": 156.81532, ""zone_low"": 156.68136}",False,🔴 BLOQUEADO,H4 está contra o viés | H1 está contra o viés,Risco de evento elevado | ICT incompleto (43/100) | Fluxo institucional incompleto (50/100) | M15 ainda não confirmou gatilho,True,M15,1.0,SOURCE_EQUALS_EXECUTION,,,,,,
4310a9378e8f495159ec88b2,4310a9378e8f495159ec88b2,EUR/USD,SELL,fvg,SOURCE_MODEL_EXPLICIT,BLOCKED_CONTEXT,,2026-09-30T08:26:00.252633+00:00,,,,,,,2.0,,,,,,,,,91.0,70.0,82.5,🟢 CONFIRMA,🟡 ALINHADO,🔴 SEM GATILHO,59.8,59.1,WAIT,52.0,65.68302387268167,ALTO,1.8428025,1.8428025,True,100.0,TENDÊNCIA BAIXISTA,COMPRESSÃO,London Killzone,False,"Candidato observado, mas não qualificado para simulação pelo contexto global.",2026-09-30T08:27:55.120110+00:00,2026-09-30T08:27:55.120110+00:00,ATLASQUANT_MODEL_PAPER_V1,9387fcc4b8fabc048c7f13ce,4310a9378e8f495159ec88b2,FVG,M15,2026-09-30T08:26:00.252633+00:00,🟢 FVG EM TESTE,90.0,"{""price"": 1.13487, ""score"": 90.0, ""status"": ""🟢 FVG EM TESTE"", ""zone_high"": 1.13518, ""zone_low"": 1.13481}",False,⚪ EM OBSERVAÇÃO,,Gate ainda não liberou execução | Risco de evento elevado | ICT incompleto (60/100) | Fluxo institucional incompleto (59/100) | M15 ainda não confirmou gatilho,True,M15,1.0,SOURCE_EQUALS_EXECUTION,,,,,,
aa6f683049764bc0c6c0cc0f,aa6f683049764bc0c6c0cc0f,USD/CAD,BUY,fvg,SOURCE_MODEL_EXPLICIT,BLOCKED_CONTEXT,,2026-09-30T08:26:00.252633+00:00,,,,,,,2.0,,,,,,,,,89.0,91.0,89.9,🟢 CONFIRMA,🟡 ALINHADO,🔴 SEM GATILHO,59.8,67.1,B,69.0,65.63317146059036,ALTO,1.7576289833333334,1.7576289833333334,True,100.0,TENDÊNCIA ALTISTA,TENDÊNCIA ALTISTA,London Killzone,False,"Candidato observado, mas não qualificado para simulação pelo contexto global.",2026-09-30T08:27:55.120110+00:00,2026-09-30T08:27:55.120110+00:00,ATLASQUANT_MODEL_PAPER_V1,c62f420dc9709eca8030664e,aa6f683049764bc0c6c0cc0f,FVG,M15,2026-09-30T08:26:00.252633+00:00,🟢 FVG EM TESTE,90.0,"{""price"": 1.41845, ""score"": 90.0, ""status"": ""🟢 FVG EM TESTE"", ""zone_high"": 1.41855, ""zone_low"": 1.41827}",False,⚪ EM OBSERVAÇÃO,,Risco de evento elevado | ICT incompleto (60/100) | Fluxo institucional incompleto (67/100) | M15 ainda não confirmou gatilho,True,M15,1.0,SOURCE_EQUALS_EXECUTION,,,,,,
800dbed48174c13c24315a3e,800dbed48174c13c24315a3e,NZD/USD,SELL,amd-po3,SOURCE_MODEL_EXPLICIT,BLOCKED_CONTEXT,,2026-09-30T09:23:28.270134+00:00,,,,,,,2.0,,,,,,,,,84.0,91.0,87.1,🟢 CONFIRMA,🔴 CONTRA,🔴 SEM GATILHO,76.5,86.8,WAIT,53.0,59.699405802167085,ALTO,1.55207845,1.55207845,True,100.0,TENDÊNCIA BAIXISTA,EQUILÍBRIO / LIQUIDEZ,,False,"Candidato observado, mas não qualificado para simulação pelo contexto global.",2026-09-30T09:25:07.678534+00:00,2026-09-30T09:25:07.678534+00:00,ATLASQUANT_MODEL_PAPER_V1,f78c06ee8958987697f2008b,800dbed48174c13c24315a3e,AMD,M15,2026-09-30T09:23:28.270134+00:00,🟢 AMD / PO3 EM DISTRIBUIÇÃO,100.0,"{""acc_high"": 0.56612, ""acc_low"": 0.56395, ""manipulation_side"": ""BSL"", ""phase"": ""DISTRIBUIÇÃO"", ""score"": 100.0, ""status"": ""🟢 AMD / PO3 EM DISTRIBUIÇÃO"", ""target"": 0.56395}",False,🔴 BLOQUEADO,H1 está contra o viés,Gate ainda não liberou execução | Risco de evento elevado | M15 ainda não confirmou gatilho,True,M15,1.0,SOURCE_EQUALS_EXECUTION,,,,,,
3747be1557fc1d92626d1922,3747be1557fc1d92626d1922,NZD/USD,SELL,bos-choch-ob,SOURCE_MODEL_EXPLICIT,BLOCKED_CONTEXT,,2026-09-30T09:23:28.270134+00:00,,,,,,,2.0,,,,,,,,,84.0,91.0,87.1,🟢 CONFIRMA,🔴 CONTRA,🔴 SEM GATILHO,76.5,86.8,WAIT,53.0,59.699405802167085,ALTO,1.55207845,1.55207845,True,100.0,TENDÊNCIA BAIXISTA,EQUILÍBRIO / LIQUIDEZ,,False,"Candidato observado, mas não qualificado para simulação pelo contexto global.",2026-09-30T09:25:07.678534+00:00,2026-09-30T09:25:07.678534+00:00,ATLASQUANT_MODEL_PAPER_V1,4c46cddcaabf160b762a2d66,3747be1557fc1d92626d1922,BOS_CHOCH_OB,M15,2026-09-30T09:23:28.270134+00:00,BOS + 🟡 ORDER BLOCK ATIVO,68.0,"{""break_time"": ""2026-09-30T09:00:00+00:00"", ""invalidated"": false, ""mitigation_depth_pct"": 0.0, ""order_block_side"": ""SELL"", ""order_block_status"": ""🟡 ORDER BLOCK ATIVO"", ""origin_time"": ""2026-09-30T08:30:00+00:00"", ""structure_event"": ""BOS"", ""structure_level"": 0.56474, ""structure_side"": ""SELL"", ""structure_status"": ""🟢 BOS CONFIRMADO"", ""zone_high"": 0.56572, ""zone_low"": 0.56528}",False,🔴 BLOQUEADO,H1 está contra o viés,Gate ainda não liberou execução | Risco de evento elevado | M15 ainda não confirmou gatilho,True,M15,1.0,SOURCE_EQUALS_EXECUTION,,,,,,
9f29553202c8bb1e297814e2,9f29553202c8bb1e297814e2,NZD/USD,SELL,ote,SOURCE_MODEL_EXPLICIT,BLOCKED_CONTEXT,,2026-09-30T09:23:28.270134+00:00,,,,,,,2.0,,,,,,,,,84.0,91.0,87.1,🟢 CONFIRMA,🔴 CONTRA,🔴 SEM GATILHO,76.5,86.8,WAIT,53.0,59.699405802167085,ALTO,1.55207845,1.55207845,True,100.0,TENDÊNCIA BAIXISTA,EQUILÍBRIO / LIQUIDEZ,,False,"Candidato observado, mas não qualificado para simulação pelo contexto global.",2026-09-30T09:25:07.678534+00:00,2026-09-30T09:25:07.678534+00:00,ATLASQUANT_MODEL_PAPER_V1,9d179f127843b3ad6aa430f5,9f29553202c8bb1e297814e2,OTE,H1,2026-09-30T09:23:28.270134+00:00,🟢 DENTRO DO OTE,90.0,"{""price"": 0.56545, ""retracement_pct"": 65.4205607476646, ""score"": 90.0, ""status"": ""🟢 DENTRO DO OTE"", ""sweet_705"": 0.56561305, ""swing_high"": 0.56656, ""swing_low"": 0.56335, ""zone_high"": 0.5658858999999999, ""zone_low"": 0.5653402}",False,🔴 BLOQUEADO,H1 está contra o viés,Gate ainda não liberou execução | Risco de evento elevado | H1 ainda não confirmou gatilho,True,H1,1.0,SOURCE_EQUALS_EXECUTION,,,,,,
229fafabee979920ea470f9b,229fafabee979920ea470f9b,USD/JPY,BUY,amd-po3,SOURCE_MODEL_EXPLICIT,BLOCKED_CONTEXT,,2026-09-30T09:23:28.270134+00:00,,,,,,,2.0,,,,,,,,,90.0,84.0,87.2,🔴 CONTRA,🔴 CONTRA,🟢 GATILHO,71.8,62.3,WAIT,63.0,56.05003121568874,ALTO,0.5944502833333334,0.5944502833333334,True,100.0,TENDÊNCIA ALTISTA,TENDÊNCIA BAIXISTA,,False,"Candidato observado, mas não qualificado para simulação pelo contexto global.",2026-09-30T09:25:07.678534+00:00,2026-09-30T09:25:07.678534+00:00,ATLASQUANT_MODEL_PAPER_V1,c12178cd4125b2d4026bbabf,229fafabee979920ea470f9b,AMD,M15,2026-09-30T09:23:28.270134+00:00,🟢 AMD / PO3 EM DISTRIBUIÇÃO,100.0,"{""acc_high"": 157.08816, ""acc_low"": 156.73139, ""manipulation_side"": ""SSL"", ""phase"": ""DISTRIBUIÇÃO"", ""score"": 100.0, ""status"": ""🟢 AMD / PO3 EM DISTRIBUIÇÃO"", ""target"": 157.08816}",False,🔴 BLOQUEADO,H4 está contra o viés | H1 está contra o viés,Gate ainda não liberou execução | Risco de evento elevado | Fluxo institucional incompleto (62/100),True,M15,1.0,SOURCE_EQUALS_EXECUTION,,,,,,
0686cd17d979f5f57d7899fb,0686cd17d979f5f57d7899fb,USD/JPY,BUY,bos-choch-ob,SOURCE_MODEL_EXPLICIT,BLOCKED_CONTEXT,,2026-09-30T09:23:28.270134+00:00,,,,,,,2.0,,,,,,,,,90.0,84.0,87.2,🔴 CONTRA,🔴 CONTRA,🟢 GATILHO,71.8,62.3,WAIT,63.0,56.05003121568874,ALTO,0.5944502833333334,0.5944502833333334,True,100.0,TENDÊNCIA ALTISTA,TENDÊNCIA BAIXISTA,,False,"Candidato observado, mas não qualificado para simulação pelo contexto global.",2026-09-30T09:25:07.678534+00:00,2026-09-30T09:25:07.678534+00:00,ATLASQUANT_MODEL_PAPER_V1,ef7ebae71dc25f557883af73,0686cd17d979f5f57d7899fb,BOS_CHOCH_OB,M15,2026-09-30T09:23:28.270134+00:00,CHOCH + 🟡 ORDER BLOCK ATIVO,68.0,"{""break_time"": ""2026-09-30T09:00:00+00:00"", ""invalidated"": false, ""mitigation_depth_pct"": 0.0, ""order_block_side"": ""BUY"", ""order_block_status"": ""🟡 ORDER BLOCK ATIVO"", ""origin_time"": ""2026-09-30T08:30:00+00:00"", ""structure_event"": ""CHOCH"", ""structure_level"": 157.04578, ""structure_side"": ""BUY"", ""structure_status"": ""🟢 CHOCH CONFIRMADO"", ""zone_high"": 156.96645, ""zone_low"": 156.88557}",False,🔴 BLOQUEADO,H4 está contra o viés | H1 está contra o viés,Gate ainda não liberou execução | Risco de evento elevado | Fluxo institucional incompleto (62/100),True,M15,1.0,SOURCE_EQUALS_EXECUTION,,,,,,
f6804e5cde319f74542abc6b,f6804e5cde319f74542abc6b,USD/JPY,BUY,crt,SOURCE_MODEL_EXPLICIT,BLOCKED_CONTEXT,,2026-09-30T09:23:28.270134+00:00,,,,,,,2.0,,,,,,,,,90.0,84.0,87.2,🔴 CONTRA,🔴 CONTRA,🟢 GATILHO,71.8,62.3,WAIT,63.0,56.05003121568874,ALTO,0.5944502833333334,0.5944502833333334,True,100.0,TENDÊNCIA ALTISTA,TENDÊNCIA BAIXISTA,,False,"Candidato observado, mas não qualificado para simulação pelo contexto global.",2026-09-30T09:25:07.678534+00:00,2026-09-30T09:25:07.678534+00:00,ATLASQUANT_MODEL_PAPER_V1,c47d0a3390d0d36ccacebc38,f6804e5cde319f74542abc6b,CRT,H1,2026-09-30T09:23:28.270134+00:00,🟢 CRT CONFIRMADO,100.0,"{""anchor_high"": 157.04578, ""anchor_low"": 156.74186, ""invalidation"": 156.66351, ""phase"": ""DISTRIBUIÇÃO"", ""raid_side"": ""SSL"", ""score"": 100.0, ""status"": ""🟢 CRT CONFIRMADO"", ""target"": 157.04578}",False,🔴 BLOQUEADO,H4 está contra o viés | H1 está contra o viés,Gate ainda não liberou execução | Risco de evento elevado | Fluxo institucional incompleto (62/100) | H1 ainda não confirmou gatilho,True,H1,1.0,SOURCE_EQUALS_EXECUTION,,,,,,
392ae65931390cef65d5be7b,392ae65931390cef65d5be7b,USD/CAD,BUY,ote,SOURCE_MODEL_EXPLICIT,BLOCKED_CONTEXT,,2026-09-30T10:24:28.048989+00:00,,,,,,,2.0,,,,,,,,,89.0,91.0,89.9,🟢 CONFIRMA,🟡 ALINHADO,🔴 SEM GATILHO,49.0,61.8,B,69.0,65.63317146059036,ALTO,1.60162385,1.60162385,True,100.0,TENDÊNCIA ALTISTA,TENDÊNCIA ALTISTA,,False,"Candidato observado, mas não qualificado para simulação pelo contexto global.",2026-09-30T10:26:11.382139+00:00,2026-09-30T10:26:11.382139+00:00,ATLASQUANT_MODEL_PAPER_V1,2a11082157f562a1f9d38733,392ae65931390cef65d5be7b,OTE,H1,2026-09-30T10:24:28.048989+00:00,🟢 DENTRO DO OTE,100.0,"{""price"": 1.41825, ""retracement_pct"": 74.1666666666635, ""score"": 100.0, ""status"": ""🟢 DENTRO DO OTE"", ""sweet_705"": 1.4183379999999999, ""swing_high"": 1.42003, ""swing_low"": 1.41763, ""zone_high"": 1.418542, ""zone_low"": 1.418134}",False,⚪ EM OBSERVAÇÃO,,Risco de evento elevado | ICT incompleto (49/100) | Fluxo institucional incompleto (62/100) | H1 ainda não confirmou gatilho,True,H1,1.0,SOURCE_EQUALS_EXECUTION,,,,,,
adca468012d8ff75f80ed6e1,adca468012d8ff75f80ed6e1,USD/CHF,BUY,amd-po3,SOURCE_MODEL_EXPLICIT,BLOCKED_CONTEXT,,2026-09-30T10:24:28.048989+00:00,,,,,,,2.0,,,,,,,,,89.0,91.0,89.9,🟢 CONFIRMA,🟡 ALINHADO,🔴 SEM GATILHO,65.0,84.2,B,68.0,56.01013758146109,ALTO,1.5762925,1.5762925,True,100.0,TENDÊNCIA ALTISTA,EXPANSÃO DOS DOIS LADOS,,False,"Candidato observado, mas não qualificado para simulação pelo contexto global.",2026-09-30T10:26:11.382139+00:00,2026-09-30T10:26:11.382139+00:00,ATLASQUANT_MODEL_PAPER_V1,519b07484ff4a4271fd0822f,adca468012d8ff75f80ed6e1,AMD,M15,2026-09-30T10:24:28.048989+00:00,🟢 AMD / PO3 EM DISTRIBUIÇÃO,100.0,"{""acc_high"": 0.83401, ""acc_low"": 0.83276, ""manipulation_side"": ""SSL"", ""phase"": ""DISTRIBUIÇÃO"", ""score"": 100.0, ""status"": ""🟢 AMD / PO3 EM DISTRIBUIÇÃO"", ""target"": 0.83401}",False,⚪ EM OBSERVAÇÃO,,Risco de evento elevado | ICT incompleto (65/100) | M15 ainda não confirmou gatilho,True,M15,1.0,SOURCE_EQUALS_EXECUTION,,,,,,
b95e97b477ecfcf05636d247,b95e97b477ecfcf05636d247,USD/CHF,BUY,crt,SOURCE_MODEL_EXPLICIT,BLOCKED_CONTEXT,,2026-09-30T11:21:42.766196+00:00,,,,,,,2.0,,,,,,,,,89.0,91.0,89.9,🟢 CONFIRMA,🟢 PULLBACK OK,🟢 GATILHO,60.5,74.5,B,69.0,56.01013758146109,ALTO,1.4305981166666666,1.4305981166666666,True,100.0,TENDÊNCIA ALTISTA,EXPANSÃO DOS DOIS LADOS,New York AM,False,"Candidato observado, mas não qualificado para simulação pelo contexto global.",2026-09-30T11:23:17.613146+00:00,2026-09-30T11:23:17.613146+00:00,ATLASQUANT_MODEL_PAPER_V1,5959282352d51a6ec70e6681,b95e97b477ecfcf05636d247,CRT,H1,2026-09-30T11:21:42.766196+00:00,🟢 CRT CONFIRMADO,100.0,"{""anchor_high"": 0.83375, ""anchor_low"": 0.83269, ""invalidation"": 0.83257, ""phase"": ""DISTRIBUIÇÃO"", ""raid_side"": ""SSL"", ""score"": 100.0, ""status"": ""🟢 CRT CONFIRMADO"", ""target"": 0.83375}",False,🟡 DIREÇÃO CONFIRMADA — AGUARDAR EXECUÇÃO,,Risco de evento elevado | ICT incompleto (60/100),True,H1,1.0,SOURCE_EQUALS_EXECUTION,,,,,,
f04bd928b7650c7104d241ff,f04bd928b7650c7104d241ff,NZD/USD,SELL,bos-choch-ob,SOURCE_MODEL_EXPLICIT,BLOCKED_CONTEXT,,2026-09-30T12:33:17.781523+00:00,,,,,,,2.0,,,,,,,,,84.0,91.0,87.1,🟢 CONFIRMA,🟡 ALINHADO,🟡 AGUARDAR GATILHO,47.0,72.5,WAIT,60.0,59.699405802167085,ALTO,1.5136989333333333,1.5136989333333333,True,100.0,TENDÊNCIA BAIXISTA,EQUILÍBRIO / LIQUIDEZ,New York AM,False,"Candidato observado, mas não qualificado para simulação pelo contexto global.",2026-09-30T12:34:53.775734+00:00,2026-09-30T12:34:53.775734+00:00,ATLASQUANT_MODEL_PAPER_V1,e065b8b92a1033d2fc32bdb3,f04bd928b7650c7104d241ff,BOS_CHOCH_OB,M15,2026-09-30T12:33:17.781523+00:00,BOS + 🟡 ORDER BLOCK PARCIALMENTE MITIGADO / ATIVO,70.0,"{""break_time"": ""2026-09-30T11:45:00+00:00"", ""invalidated"": false, ""mitigation_depth_pct"": 7.7, ""order_block_side"": ""SELL"", ""order_block_status"": ""🟡 ORDER BLOCK PARCIALMENTE MITIGADO / ATIVO"", ""origin_time"": ""2026-09-30T11:30:00+00:00"", ""structure_event"": ""BOS"", ""structure_level"": 0.56453, ""structure_side"": ""SELL"", ""structure_status"": ""🟢 BOS CONFIRMADO"", ""zone_high"": 0.565, ""zone_low"": 0.56474}",False,⚪ EM OBSERVAÇÃO,,Gate ainda não liberou execução | Risco de evento elevado | ICT incompleto (47/100) | M15 ainda não confirmou gatilho,True,M15,1.0,SOURCE_EQUALS_EXECUTION,,,,,,
922259ba4cbafc13cf3da3ed,922259ba4cbafc13cf3da3ed,USD/CAD,BUY,amd-po3,SOURCE_MODEL_EXPLICIT,BLOCKED_CONTEXT,,2026-09-30T12:33:17.781523+00:00,,,,,,,2.0,,,,,,,,,89.0,91.0,89.9,🟢 CONFIRMA,🟡 ALINHADO,🔴 SEM GATILHO,71.2,79.2,B,69.0,65.63317146059036,ALTO,1.494186,1.494186,True,100.0,TENDÊNCIA ALTISTA,TENDÊNCIA ALTISTA,New York AM,False,"Candidato observado, mas não qualificado para simulação pelo contexto global.",2026-09-30T12:34:53.775734+00:00,2026-09-30T12:34:53.775734+00:00,ATLASQUANT_MODEL_PAPER_V1,3c3dd93720585456c442f8d0,922259ba4cbafc13cf3da3ed,AMD,M15,2026-09-30T12:33:17.781523+00:00,🟢 AMD / PO3 EM DISTRIBUIÇÃO,100.0,"{""acc_high"": 1.41878, ""acc_low"": 1.41774, ""manipulation_side"": ""SSL"", ""phase"": ""DISTRIBUIÇÃO"", ""score"": 100.0, ""status"": ""🟢 AMD / PO3 EM DISTRIBUIÇÃO"", ""target"": 1.41878}",False,🟠 SETUP EM FORMAÇÃO,,Risco de evento elevado | M15 ainda não confirmou gatilho,True,M15,1.0,SOURCE_EQUALS_EXECUTION,,,,,,
3e4dde0fe1a022af2d6d70f1,3e4dde0fe1a022af2d6d70f1,USD/JPY,BUY,crt,SOURCE_MODEL_EXPLICIT,BLOCKED_CONTEXT,,2026-09-30T12:33:17.781523+00:00,,,,,,,2.0,,,,,,,,,90.0,84.0,87.2,🔴 CONTRA,🔴 CONTRA,🔴 SEM GATILHO,67.5,55.6,B,69.0,56.05003121568874,ALTO,0.5390069666666667,0.5390069666666667,True,100.0,TENDÊNCIA ALTISTA,TENDÊNCIA BAIXISTA,New York AM,False,"Candidato observado, mas não qualificado para simulação pelo contexto global.",2026-09-30T12:34:53.775734+00:00,2026-09-30T12:34:53.775734+00:00,ATLASQUANT_MODEL_PAPER_V1,0225085a5a65dd190870b2ec,3e4dde0fe1a022af2d6d70f1,CRT,H1,2026-09-30T12:33:17.781523+00:00,🟢 CRT CONFIRMADO,100.0,"{""anchor_high"": 157.10218, ""anchor_low"": 156.93044, ""invalidation"": 156.89082, ""phase"": ""DISTRIBUIÇÃO"", ""raid_side"": ""SSL"", ""score"": 100.0, ""status"": ""🟢 CRT CONFIRMADO"", ""target"": 157.10218}",False,🔴 BLOQUEADO,H4 está contra o viés | H1 está contra o viés,Risco de evento elevado | ICT incompleto (68/100) | Fluxo institucional incompleto (56/100) | H1 ainda não confirmou gatilho,True,H1,1.0,SOURCE_EQUALS_EXECUTION,,,,,,
00e8a46ec5fa5240112cbb57,00e8a46ec5fa5240112cbb57,USD/JPY,BUY,ote,SOURCE_MODEL_EXPLICIT,BLOCKED_CONTEXT,,2026-09-30T12:33:17.781523+00:00,,,,,,,2.0,,,,,,,,,90.0,84.0,87.2,🔴 CONTRA,🔴 CONTRA,🔴 SEM GATILHO,67.5,55.6,B,69.0,56.05003121568874,ALTO,0.5390069666666667,0.5390069666666667,True,100.0,TENDÊNCIA ALTISTA,TENDÊNCIA BAIXISTA,New York AM,False,"Candidato observado, mas não qualificado para simulação pelo contexto global.",2026-09-30T12:34:53.775734+00:00,2026-09-30T12:34:53.775734+00:00,ATLASQUANT_MODEL_PAPER_V1,125b8a858810a38f94f3d750,00e8a46ec5fa5240112cbb57,OTE,H1,2026-09-30T12:33:17.781523+00:00,🟢 DENTRO DO OTE,90.0,"{""price"": 157.09636, ""retracement_pct"": 78.98009064806114, ""score"": 90.0, ""status"": ""🟢 DENTRO DO OTE"", ""sweet_705"": 157.13209595, ""swing_high"": 157.42919, ""swing_low"": 157.00778, ""zone_high"": 157.1679158, ""zone_low"": 157.0962761}",False,🔴 BLOQUEADO,H4 está contra o viés | H1 está contra o viés,Risco de evento elevado | ICT incompleto (68/100) | Fluxo institucional incompleto (56/100) | H1 ainda não confirmou gatilho,True,H1,1.0,SOURCE_EQUALS_EXECUTION,,,,,,
2c6be50af90af3f5fe391fe5,2c6be50af90af3f5fe391fe5,NZD/USD,SELL,ote,SOURCE_MODEL_EXPLICIT,BLOCKED_CONTEXT,,2026-09-30T13:25:35.180100+00:00,,,,,,,2.0,,,,,,,,,84.0,91.0,87.1,🟢 CONFIRMA,🔴 CONTRA,🟡 AGUARDAR GATILHO,55.8,75.1,WAIT,60.0,67.03949667948191,ALTO,1.7697339833333332,1.6335294833333334,True,100.0,TENDÊNCIA BAIXISTA,EQUILÍBRIO / LIQUIDEZ,New York AM,False,"Candidato observado, mas não qualificado para simulação pelo contexto global.",2026-09-30T13:27:21.364139+00:00,2026-09-30T13:27:21.364139+00:00,ATLASQUANT_MODEL_PAPER_V1,7266281af9450799b15c5b59,2c6be50af90af3f5fe391fe5,OTE,H1,2026-09-30T13:25:35.180100+00:00,🟢 DENTRO DO OTE,100.0,"{""price"": 0.56531, ""retracement_pct"": 67.3640167364016, ""score"": 100.0, ""status"": ""🟢 DENTRO DO OTE"", ""sweet_705"": 0.56538495, ""swing_high"": 0.56609, ""swing_low"": 0.5637, ""zone_high"": 0.5655880999999999, ""zone_low"": 0.5651818}",False,🔴 BLOQUEADO,H1 está contra o viés,Gate ainda não liberou execução | Risco de evento elevado | ICT incompleto (56/100) | H1 ainda não confirmou gatilho,True,H1,1.0,SOURCE_EQUALS_EXECUTION,,,,,,
bba910170c78d202c4846c60,bba910170c78d202c4846c60,USD/CHF,BUY,amd-po3,SOURCE_MODEL_EXPLICIT,BLOCKED_CONTEXT,,2026-09-30T13:25:35.180100+00:00,,,,,,,2.0,,,,,,,,,89.0,91.0,89.9,🟢 CONFIRMA,🟢 PULLBACK OK,🔴 SEM GATILHO,50.8,71.5,B,69.0,74.00434467777065,ALTO,1.56194265,1.56194265,True,100.0,TENDÊNCIA ALTISTA,EXPANSÃO DOS DOIS LADOS,New York AM,False,"Candidato observado, mas não qualificado para simulação pelo contexto global.",2026-09-30T13:27:21.364139+00:00,2026-09-30T13:27:21.364139+00:00,ATLASQUANT_MODEL_PAPER_V1,ad1a47421a43e28f2352abd5,bba910170c78d202c4846c60,AMD,M15,2026-09-30T13:25:35.180100+00:00,🟢 AMD / PO3 EM DISTRIBUIÇÃO,100.0,"{""acc_high"": 0.8344, ""acc_low"": 0.83317, ""manipulation_side"": ""SSL"", ""phase"": ""DISTRIBUIÇÃO"", ""score"": 100.0, ""status"": ""🟢 AMD / PO3 EM DISTRIBUIÇÃO"", ""target"": 0.8344}",False,🟡 DIREÇÃO CONFIRMADA — AGUARDAR EXECUÇÃO,,Risco de evento elevado | ICT incompleto (51/100) | M15 ainda não confirmou gatilho,True,M15,1.0,SOURCE_EQUALS_EXECUTION,,,,,,
9c0ef96c87a06c8d70dbd1c4,9c0ef96c87a06c8d70dbd1c4,GBP/USD,SELL,amd-po3,SOURCE_MODEL_EXPLICIT,BLOCKED_CONTEXT,,2026-09-30T14:26:37.059916+00:00,,,,,,,2.0,,,,,,,,,68.0,70.0,69.1,🔴 CONTRA,🔴 CONTRA,🔴 SEM GATILHO,50.8,71.1,WAIT,22.0,149.78127734033131,ALTO,1.7578451666666666,1.7578451666666666,True,100.0,EXPANSÃO DOS DOIS LADOS,TENDÊNCIA ALTISTA,London Close,False,"Candidato observado, mas não qualificado para simulação pelo contexto global.",2026-09-30T14:28:24.317147+00:00,2026-09-30T14:28:24.317147+00:00,ATLASQUANT_MODEL_PAPER_V1,1cdfc8ecdc80f96580aa7252,9c0ef96c87a06c8d70dbd1c4,AMD,M15,2026-09-30T14:26:37.059916+00:00,🟢 AMD / PO3 EM DISTRIBUIÇÃO,100.0,"{""acc_high"": 1.33012, ""acc_low"": 1.3283, ""manipulation_side"": ""BSL"", ""phase"": ""DISTRIBUIÇÃO"", ""score"": 100.0, ""status"": ""🟢 AMD / PO3 EM DISTRIBUIÇÃO"", ""target"": 1.3283}",False,🔴 BLOQUEADO,H4 está contra o viés | H1 está contra o viés | ADR14 muito esticado (150%),Gate ainda não liberou execução | Risco de evento elevado | ADR14 em 150%: evitar perseguir preço | ICT incompleto (51/100) | M15 ainda não confirmou gatilho,True,M15,1.0,SOURCE_EQUALS_EXECUTION,,,,,,
116aa3d7e4bd7a6b6085f459,116aa3d7e4bd7a6b6085f459,NZD/USD,SELL,amd-po3,SOURCE_MODEL_EXPLICIT,BLOCKED_CONTEXT,,2026-09-30T14:26:37.059916+00:00,,,,,,,2.0,,,,,,,,,84.0,91.0,87.1,🟢 CONFIRMA,🔴 CONTRA,🟡 AGUARDAR GATILHO,67.0,63.3,WAIT,60.0,67.03949667948191,ALTO,1.66698045,1.66698045,True,100.0,TENDÊNCIA BAIXISTA,EQUILÍBRIO / LIQUIDEZ,London Close,False,"Candidato observado, mas não qualificado para simulação pelo contexto global.",2026-09-30T14:28:24.317147+00:00,2026-09-30T14:28:24.317147+00:00,ATLASQUANT_MODEL_PAPER_V1,be3be494ed44a1d06dc0d576,116aa3d7e4bd7a6b6085f459,AMD,M15,2026-09-30T14:26:37.059916+00:00,🟢 AMD / PO3 EM DISTRIBUIÇÃO,100.0,"{""acc_high"": 0.56551, ""acc_low"": 0.56432, ""manipulation_side"": ""BSL"", ""phase"": ""DISTRIBUIÇÃO"", ""score"": 100.0, ""status"": ""🟢 AMD / PO3 EM DISTRIBUIÇÃO"", ""target"": 0.56432}",False,🔴 BLOQUEADO,H1 está contra o viés,Gate ainda não liberou execução | Risco de evento elevado | ICT incompleto (67/100) | Fluxo institucional incompleto (63/100) | M15 ainda não confirmou gatilho,True,M15,1.0,SOURCE_EQUALS_EXECUTION,,,,,,
ce4aa2f622015fd0e0e9bf2c,ce4aa2f622015fd0e0e9bf2c,USD/CAD,BUY,amd-po3,SOURCE_MODEL_EXPLICIT,BLOCKED_CONTEXT,,2026-09-30T14:26:37.059916+00:00,,,,,,,2.0,,,,,,,,,89.0,91.0,89.9,🟢 CONFIRMA,🟡 ALINHADO,🔴 SEM GATILHO,73.8,69.7,B,69.0,118.71497945461276,ALTO,1.6387605666666665,1.6387605666666665,True,100.0,TENDÊNCIA ALTISTA,TENDÊNCIA ALTISTA,London Close,False,"Candidato observado, mas não qualificado para simulação pelo contexto global.",2026-09-30T14:28:24.317147+00:00,2026-09-30T14:28:24.317147+00:00,ATLASQUANT_MODEL_PAPER_V1,608ac912633785a2b9252060,ce4aa2f622015fd0e0e9bf2c,AMD,M15,2026-09-30T14:26:37.059916+00:00,🟢 AMD / PO3 EM DISTRIBUIÇÃO,100.0,"{""acc_high"": 1.41869, ""acc_low"": 1.41762, ""manipulation_side"": ""SSL"", ""phase"": ""DISTRIBUIÇÃO"", ""score"": 100.0, ""status"": ""🟢 AMD / PO3 EM DISTRIBUIÇÃO"", ""target"": 1.41869}",False,🔴 BLOQUEADO,ADR14 muito esticado (119%),Risco de evento elevado | ADR14 em 119%: evitar perseguir preço | Fluxo institucional incompleto (70/100) | M15 ainda não confirmou gatilho,True,M15,1.0,SOURCE_EQUALS_EXECUTION,,,,,,
0f364f8d0a00a694d484a867,0f364f8d0a00a694d484a867,USD/CHF,BUY,amd-po3,SOURCE_MODEL_EXPLICIT,BLOCKED_CONTEXT,,2026-09-30T14:26:37.059916+00:00,,,,,,,2.0,,,,,,,,,89.0,91.0,89.9,🟢 CONFIRMA,🟢 PULLBACK OK,🟡 AGUARDAR GATILHO,42.0,71.5,B,69.0,74.00434467777065,ALTO,1.605076816666667,1.605076816666667,True,100.0,TENDÊNCIA ALTISTA,EXPANSÃO DOS DOIS LADOS,London Close,False,"Candidato observado, mas não qualificado para simulação pelo contexto global.",2026-09-30T14:28:24.317147+00:00,2026-09-30T14:28:24.317147+00:00,ATLASQUANT_MODEL_PAPER_V1,42f6dcec6eecc63413de4017,0f364f8d0a00a694d484a867,AMD,M15,2026-09-30T14:26:37.059916+00:00,🟢 AMD / PO3 EM DISTRIBUIÇÃO,100.0,"{""acc_high"": 0.83486, ""acc_low"": 0.83331, ""manipulation_side"": ""SSL"", ""phase"": ""DISTRIBUIÇÃO"", ""score"": 100.0, ""status"": ""🟢 AMD / PO3 EM DISTRIBUIÇÃO"", ""target"": 0.83486}",False,🟡 DIREÇÃO CONFIRMADA — AGUARDAR EXECUÇÃO,,Risco de evento elevado | ICT incompleto (42/100) | M15 ainda não confirmou gatilho,True,M15,1.0,SOURCE_EQUALS_EXECUTION,,,,,,
8b2b147c6112e495fc12ff4b,8b2b147c6112e495fc12ff4b,USD/CHF,BUY,bos-choch-ob,SOURCE_MODEL_EXPLICIT,BLOCKED_CONTEXT,,2026-09-30T15:26:46.783120+00:00,,,,,,,2.0,,,,,,,,,89.0,91.0,89.9,🟢 CONFIRMA,🟢 PULLBACK OK,🟡 AGUARDAR GATILHO,32.8,60.4,B,69.0,87.69007965242632,ALTO,1.5770939833333335,1.5770939833333335,True,100.0,TENDÊNCIA ALTISTA,EXPANSÃO DOS DOIS LADOS,London Close,False,"Candidato observado, mas não qualificado para simulação pelo contexto global.",2026-09-30T15:28:33.239126+00:00,2026-09-30T15:28:33.239126+00:00,ATLASQUANT_MODEL_PAPER_V1,90c20f14717bfa5e7c1f7405,8b2b147c6112e495fc12ff4b,BOS_CHOCH_OB,M15,2026-09-30T15:26:46.783120+00:00,BOS + 🟡 ORDER BLOCK ATIVO,68.0,"{""break_time"": ""2026-09-30T14:15:00+00:00"", ""invalidated"": false, ""mitigation_depth_pct"": 0.0, ""order_block_side"": ""BUY"", ""order_block_status"": ""🟡 ORDER BLOCK ATIVO"", ""origin_time"": ""2026-09-30T13:15:00+00:00"", ""structure_event"": ""BOS"", ""structure_level"": 0.83486, ""structure_side"": ""BUY"", ""structure_status"": ""🟢 BOS CONFIRMADO"", ""zone_high"": 0.8339, ""zone_low"": 0.83332}",False,🟡 DIREÇÃO CONFIRMADA — AGUARDAR EXECUÇÃO,,Risco de evento elevado | ADR14 em 88%: espaço reduzido | ICT incompleto (33/100) | Fluxo institucional incompleto (60/100) | M15 ainda não confirmou gatilho,True,M15,1.0,SOURCE_EQUALS_EXECUTION,,,,,,
fa36b070e9d80066814c3279,fa36b070e9d80066814c3279,EUR/USD,SELL,bos-choch-ob,SOURCE_MODEL_EXPLICIT,BLOCKED_CONTEXT,,2026-09-30T16:26:21.758338+00:00,,,,,,,2.0,,,,,,,,,91.0,70.0,82.5,🟢 CONFIRMA,🔴 CONTRA,🟢 GATILHO,39.5,70.9,WAIT,53.0,117.90450928381914,ALTO,1.5503707,1.5503707,True,100.0,TENDÊNCIA BAIXISTA,COMPRESSÃO,,False,"Candidato observado, mas não qualificado para simulação pelo contexto global.",2026-09-30T16:27:57.741125+00:00,2026-09-30T16:27:57.741125+00:00,ATLASQUANT_MODEL_PAPER_V1,5429ab3d9f686414bfd4dcfb,fa36b070e9d80066814c3279,BOS_CHOCH_OB,M15,2026-09-30T16:26:21.758338+00:00,BOS + 🟡 ORDER BLOCK ATIVO,68.0,"{""break_time"": ""2026-09-30T15:45:00+00:00"", ""invalidated"": false, ""mitigation_depth_pct"": 0.0, ""order_block_side"": ""SELL"", ""order_block_status"": ""🟡 ORDER BLOCK ATIVO"", ""origin_time"": ""2026-09-30T15:15:00+00:00"", ""structure_event"": ""BOS"", ""structure_level"": 1.13473, ""structure_side"": ""SELL"", ""structure_status"": ""🟢 BOS CONFIRMADO"", ""zone_high"": 1.13581, ""zone_low"": 1.13525}",False,🔴 BLOQUEADO,H1 está contra o viés | ADR14 muito esticado (118%),Gate ainda não liberou execução | Risco de evento elevado | ADR14 em 118%: evitar perseguir preço | ICT incompleto (40/100),True,M15,1.0,SOURCE_EQUALS_EXECUTION,,,,,,
e6b0a8a606f614227dffb82b,e6b0a8a606f614227dffb82b,NZD/USD,SELL,bos-choch-ob,SOURCE_MODEL_EXPLICIT,BLOCKED_CONTEXT,,2026-09-30T16:26:21.758338+00:00,,,,,,,2.0,,,,,,,,,84.0,91.0,87.1,🟢 CONFIRMA,🟢 PULLBACK OK,🟢 GATILHO,39.5,68.2,WAIT,53.0,76.58161481999227,ALTO,1.5033288166666667,1.5033288166666667,True,100.0,TENDÊNCIA BAIXISTA,EQUILÍBRIO / LIQUIDEZ,,False,"Candidato observado, mas não qualificado para simulação pelo contexto global.",2026-09-30T16:27:57.741125+00:00,2026-09-30T16:27:57.741125+00:00,ATLASQUANT_MODEL_PAPER_V1,24d41bc169510fc9dbd6995f,e6b0a8a606f614227dffb82b,BOS_CHOCH_OB,M15,2026-09-30T16:26:21.758338+00:00,BOS + 🟡 ORDER BLOCK ATIVO,68.0,"{""break_time"": ""2026-09-30T16:00:00+00:00"", ""invalidated"": false, ""mitigation_depth_pct"": 0.0, ""order_block_side"": ""SELL"", ""order_block_status"": ""🟡 ORDER BLOCK ATIVO"", ""origin_time"": ""2026-09-30T14:45:00+00:00"", ""structure_event"": ""BOS"", ""structure_level"": 0.56368, ""structure_side"": ""SELL"", ""structure_status"": ""🟢 BOS CONFIRMADO"", ""zone_high"": 0.56495, ""zone_low"": 0.56422}",False,🟡 DIREÇÃO CONFIRMADA — AGUARDAR EXECUÇÃO,,Gate ainda não liberou execução | Risco de evento elevado | ICT incompleto (40/100) | Fluxo institucional incompleto (68/100),True,M15,1.0,SOURCE_EQUALS_EXECUTION,,,,,,
f98553a4ba524791d17ce9a0,f98553a4ba524791d17ce9a0,EUR/USD,SELL,fvg,SOURCE_MODEL_EXPLICIT,BLOCKED_CONTEXT,,2026-09-30T17:23:26.037448+00:00,,,,,,,2.0,,,,,,,,,91.0,70.0,82.5,🟢 CONFIRMA,🟢 PULLBACK OK,🟡 AGUARDAR GATILHO,43.2,56.2,WAIT,53.0,117.90450928381914,ALTO,1.8096373166666664,1.8096373166666664,True,100.0,TENDÊNCIA BAIXISTA,COMPRESSÃO,,False,"Candidato observado, mas não qualificado para simulação pelo contexto global.",2026-09-30T17:25:18.831863+00:00,2026-09-30T17:25:18.831863+00:00,ATLASQUANT_MODEL_PAPER_V1,fabc10ab0337961758681bbb,f98553a4ba524791d17ce9a0,FVG,M15,2026-09-30T17:23:26.037448+00:00,🟢 FVG EM TESTE,90.0,"{""price"": 1.13398, ""score"": 90.0, ""status"": ""🟢 FVG EM TESTE"", ""zone_high"": 1.13429, ""zone_low"": 1.13385}",False,🔴 BLOQUEADO,ADR14 muito esticado (118%),Gate ainda não liberou execução | Risco de evento elevado | ADR14 em 118%: evitar perseguir preço | ICT incompleto (43/100) | Fluxo institucional incompleto (56/100) | M15 ainda não confirmou gatilho,True,M15,1.0,SOURCE_EQUALS_EXECUTION,,,,,,
5c8bd51bc9eaa7b7de38437d,5c8bd51bc9eaa7b7de38437d,GBP/USD,SELL,fvg,SOURCE_MODEL_EXPLICIT,BLOCKED_CONTEXT,,2026-09-30T17:23:26.037448+00:00,,,,,,,2.0,,,,,,,,,68.0,70.0,69.1,🔴 CONTRA,🔴 CONTRA,🟡 AGUARDAR GATILHO,34.5,52.9,WAIT,23.0,149.78127734033131,ALTO,1.84400815,1.84400815,True,100.0,EXPANSÃO DOS DOIS LADOS,TENDÊNCIA ALTISTA,,False,"Candidato observado, mas não qualificado para simulação pelo contexto global.",2026-09-30T17:25:18.831863+00:00,2026-09-30T17:25:18.831863+00:00,ATLASQUANT_MODEL_PAPER_V1,037dc29d9ff3c1af662eea31,5c8bd51bc9eaa7b7de38437d,FVG,M15,2026-09-30T17:23:26.037448+00:00,🟢 FVG EM TESTE,90.0,"{""price"": 1.32678, ""score"": 90.0, ""status"": ""🟢 FVG EM TESTE"", ""zone_high"": 1.32706, ""zone_low"": 1.32665}",False,🔴 BLOQUEADO,H4 está contra o viés | H1 está contra o viés | ADR14 muito esticado (150%),Gate ainda não liberou execução | Risco de evento elevado | ADR14 em 150%: evitar perseguir preço | ICT incompleto (34/100) | Fluxo institucional incompleto (53/100) | M15 ainda não confirmou gatilho,True,M15,1.0,SOURCE_EQUALS_EXECUTION,,,,,,
341e9b96dbddb68604dfeeac,341e9b96dbddb68604dfeeac,USD/JPY,BUY,bos-choch-ob,SOURCE_MODEL_EXPLICIT,BLOCKED_CONTEXT,,2026-09-30T18:25:32.922029+00:00,,,,,,,2.0,,,,,,,,,90.0,84.0,87.2,🔴 CONTRA,🔴 CONTRA,🟢 GATILHO,39.5,59.0,B,69.0,72.87880418792396,ALTO,0.7165373833333334,0.7165373833333334,True,100.0,TENDÊNCIA ALTISTA,TENDÊNCIA BAIXISTA,New York PM,False,"Candidato observado, mas não qualificado para simulação pelo contexto global.",2026-09-30T18:27:19.767957+00:00,2026-09-30T18:27:19.767957+00:00,ATLASQUANT_MODEL_PAPER_V1,d8ee7126e99ab59935535de0,341e9b96dbddb68604dfeeac,BOS_CHOCH_OB,M15,2026-09-30T18:25:32.922029+00:00,BOS + 🟡 ORDER BLOCK ATIVO,68.0,"{""break_time"": ""2026-09-30T18:00:00+00:00"", ""invalidated"": false, ""mitigation_depth_pct"": 0.0, ""order_block_side"": ""BUY"", ""order_block_status"": ""🟡 ORDER BLOCK ATIVO"", ""origin_time"": ""2026-09-30T17:30:00+00:00"", ""structure_event"": ""BOS"", ""structure_level"": 157.37946, ""structure_side"": ""BUY"", ""structure_status"": ""🟢 BOS CONFIRMADO"", ""zone_high"": 157.30452, ""zone_low"": 157.26174}",False,🔴 BLOQUEADO,H4 está contra o viés | H1 está contra o viés,Risco de evento elevado | ICT incompleto (40/100) | Fluxo institucional incompleto (59/100),True,M15,1.0,SOURCE_EQUALS_EXECUTION,,,,,,
bf3137c6710eb879fc3ff147,bf3137c6710eb879fc3ff147,USD/CHF,BUY,bos-choch-ob,SOURCE_MODEL_EXPLICIT,BLOCKED_CONTEXT,,2026-09-30T19:23:19.127071+00:00,,,,,,,2.0,,,,,,,,,89.0,91.0,89.9,🟢 CONFIRMA,🟢 PULLBACK OK,🟢 GATILHO,34.2,64.5,B,67.0,96.30702389572846,ALTO,1.6600564333333334,1.6600564333333334,True,100.0,TENDÊNCIA ALTISTA,EXPANSÃO DOS DOIS LADOS,New York PM,False,"Candidato observado, mas não qualificado para simulação pelo contexto global.",2026-09-30T19:25:13.508732+00:00,2026-09-30T19:25:13.508732+00:00,ATLASQUANT_MODEL_PAPER_V1,9f03fac73b314c32b4538391,bf3137c6710eb879fc3ff147,BOS_CHOCH_OB,M15,2026-09-30T19:23:19.127071+00:00,BOS + 🟡 ORDER BLOCK ATIVO,68.0,"{""break_time"": ""2026-09-30T19:00:00+00:00"", ""invalidated"": false, ""mitigation_depth_pct"": 0.0, ""order_block_side"": ""BUY"", ""order_block_status"": ""🟡 ORDER BLOCK ATIVO"", ""origin_time"": ""2026-09-30T18:45:00+00:00"", ""structure_event"": ""BOS"", ""structure_level"": 0.83552, ""structure_side"": ""BUY"", ""structure_status"": ""🟢 BOS CONFIRMADO"", ""zone_high"": 0.83558, ""zone_low"": 0.8354}",False,🟡 DIREÇÃO CONFIRMADA — AGUARDAR EXECUÇÃO,,Risco de evento elevado | ADR14 em 96%: evitar perseguir preço | ICT incompleto (34/100) | Fluxo institucional incompleto (64/100),True,M15,1.0,SOURCE_EQUALS_EXECUTION,,,,,,
37d1064d911b4ecfc8cc6b6e,37d1064d911b4ecfc8cc6b6e,USD/JPY,BUY,crt,SOURCE_MODEL_EXPLICIT,BLOCKED_CONTEXT,,2026-09-30T19:23:19.127071+00:00,,,,,,,2.0,,,,,,,,,90.0,84.0,87.2,🔴 CONTRA,🔴 CONTRA,🟡 AGUARDAR GATILHO,53.8,51.7,WAIT,62.0,73.75887135547924,ALTO,0.8308856666666667,0.8308856666666667,True,100.0,TENDÊNCIA ALTISTA,TENDÊNCIA BAIXISTA,New York PM,False,"Candidato observado, mas não qualificado para simulação pelo contexto global.",2026-09-30T19:25:13.508732+00:00,2026-09-30T19:25:13.508732+00:00,ATLASQUANT_MODEL_PAPER_V1,f04fd7ae05ecbd62acdeafe8,37d1064d911b4ecfc8cc6b6e,CRT,H1,2026-09-30T19:23:19.127071+00:00,🟢 CRT CONFIRMADO,100.0,"{""anchor_high"": 157.37946, ""anchor_low"": 157.25642, ""invalidation"": 157.2392, ""phase"": ""DISTRIBUIÇÃO"", ""raid_side"": ""SSL"", ""score"": 100.0, ""status"": ""🟢 CRT CONFIRMADO"", ""target"": 157.37946}",False,🔴 BLOQUEADO,H4 está contra o viés | H1 está contra o viés,Gate ainda não liberou execução | Risco de evento elevado | ICT incompleto (54/100) | Fluxo institucional incompleto (52/100) | H1 ainda não confirmou gatilho,True,H1,1.0,SOURCE_EQUALS_EXECUTION,,,,,,
65dd06b83727af45b64a6942,65dd06b83727af45b64a6942,USD/JPY,BUY,bos-choch-ob,SOURCE_MODEL_EXPLICIT,BLOCKED_CONTEXT,,2026-09-30T20:23:49.688430+00:00,,,,,,,2.0,,,,,,,,,90.0,84.0,87.2,🔴 CONTRA,🔴 CONTRA,🟢 GATILHO,32.8,66.0,WAIT,55.0,81.10984334746838,ALTO,0.7513790666666667,0.7513790666666667,True,100.0,TENDÊNCIA ALTISTA,TENDÊNCIA BAIXISTA,,False,"Candidato observado, mas não qualificado para simulação pelo contexto global.",2026-09-30T20:25:38.751104+00:00,2026-09-30T20:25:38.751104+00:00,ATLASQUANT_MODEL_PAPER_V1,63096b0dc617e12436a5b5a0,65dd06b83727af45b64a6942,BOS_CHOCH_OB,M15,2026-09-30T20:23:49.688430+00:00,BOS + 🟡 ORDER BLOCK ATIVO,68.0,"{""break_time"": ""2026-09-30T19:45:00+00:00"", ""invalidated"": false, ""mitigation_depth_pct"": 0.0, ""order_block_side"": ""BUY"", ""order_block_status"": ""🟡 ORDER BLOCK ATIVO"", ""origin_time"": ""2026-09-30T19:15:00+00:00"", ""structure_event"": ""BOS"", ""structure_level"": 157.39769, ""structure_side"": ""BUY"", ""structure_status"": ""🟢 BOS CONFIRMADO"", ""zone_high"": 157.36826, ""zone_low"": 157.33039}",False,🔴 BLOQUEADO,H4 está contra o viés | H1 está contra o viés,Gate ainda não liberou execução | Risco de evento elevado | ICT incompleto (33/100) | Fluxo institucional incompleto (66/100),True,M15,1.0,SOURCE_EQUALS_EXECUTION,,,,,,
36b45400cf6c32800c0c2ce9,36b45400cf6c32800c0c2ce9,USD/CAD,BUY,amd-po3,SOURCE_MODEL_EXPLICIT,BLOCKED_CONTEXT,,2026-09-30T22:22:49.012963+00:00,,,,,,,2.0,,,,,,,,,89.0,91.0,89.9,🟢 CONFIRMA,🟢 PULLBACK OK,🟡 AGUARDAR GATILHO,57.5,56.4,B,69.0,215.9880463205116,ALTO,1.5622755833333335,1.5622755833333335,True,100.0,TENDÊNCIA ALTISTA,TENDÊNCIA ALTISTA,,False,"Candidato observado, mas não qualificado para simulação pelo contexto global.",2026-09-30T22:24:30.008814+00:00,2026-09-30T22:24:30.008814+00:00,ATLASQUANT_MODEL_PAPER_V1,a4391ebb6d976e207000aef1,36b45400cf6c32800c0c2ce9,AMD,M15,2026-09-30T22:22:49.012963+00:00,🟢 AMD / PO3 EM DISTRIBUIÇÃO,100.0,"{""acc_high"": 1.42375, ""acc_low"": 1.42245, ""manipulation_side"": ""SSL"", ""phase"": ""DISTRIBUIÇÃO"", ""score"": 100.0, ""status"": ""🟢 AMD / PO3 EM DISTRIBUIÇÃO"", ""target"": 1.42375}",False,🔴 BLOQUEADO,ADR14 muito esticado (216%),Risco de evento elevado | ADR14 em 216%: evitar perseguir preço | ICT incompleto (58/100) | Fluxo institucional incompleto (56/100) | M15 ainda não confirmou gatilho,True,M15,1.0,SOURCE_EQUALS_EXECUTION,,,,,,
c35fd8b0db1b997e6eb4493b,c35fd8b0db1b997e6eb4493b,GBP/USD,SELL,amd-po3,SOURCE_MODEL_EXPLICIT,BLOCKED_CONTEXT,,2026-09-30T23:20:32.455433+00:00,,,,,,,2.0,,,,,,,,,68.0,70.0,69.1,🔴 CONTRA,🔴 CONTRA,🟢 GATILHO,69.5,65.7,WAIT,23.0,149.78127734033131,ALTO,1.7845554666666668,1.7845554666666668,True,100.0,EXPANSÃO DOS DOIS LADOS,TENDÊNCIA ALTISTA,,False,"Candidato observado, mas não qualificado para simulação pelo contexto global.",2026-09-30T23:22:21.763774+00:00,2026-09-30T23:22:21.763774+00:00,ATLASQUANT_MODEL_PAPER_V1,6bb787f6d7aef36f7c1390c1,c35fd8b0db1b997e6eb4493b,AMD,M15,2026-09-30T23:20:32.455433+00:00,🟢 AMD / PO3 EM DISTRIBUIÇÃO,100.0,"{""acc_high"": 1.32698, ""acc_low"": 1.32563, ""manipulation_side"": ""BSL"", ""phase"": ""DISTRIBUIÇÃO"", ""score"": 100.0, ""status"": ""🟢 AMD / PO3 EM DISTRIBUIÇÃO"", ""target"": 1.32563}",False,🔴 BLOQUEADO,H4 está contra o viés | H1 está contra o viés | ADR14 muito esticado (150%),Gate ainda não liberou execução | Risco de evento elevado | ADR14 em 150%: evitar perseguir preço | ICT incompleto (70/100) | Fluxo institucional incompleto (66/100),True,M15,1.0,SOURCE_EQUALS_EXECUTION,,,,,,
bf8cd92d878d247c0f29a84d,bf8cd92d878d247c0f29a84d,USD/CAD,BUY,amd-po3,SOURCE_MODEL_EXPLICIT,BLOCKED_CONTEXT,,2026-09-30T23:20:32.455433+00:00,,,,,,,2.0,,,,,,,,,89.0,91.0,89.9,🟢 CONFIRMA,🟡 ESTICADO,🟡 AGUARDAR GATILHO,71.8,56.4,B,69.0,215.9880463205116,ALTO,1.6597978333333332,1.6597978333333332,True,100.0,TENDÊNCIA ALTISTA,TENDÊNCIA ALTISTA,,False,"Candidato observado, mas não qualificado para simulação pelo contexto global.",2026-09-30T23:22:21.763774+00:00,2026-09-30T23:22:21.763774+00:00,ATLASQUANT_MODEL_PAPER_V1,d2e31e619f1ac3e99feee805,bf8cd92d878d247c0f29a84d,AMD,M15,2026-09-30T23:20:32.455433+00:00,🟢 AMD / PO3 EM DISTRIBUIÇÃO,100.0,"{""acc_high"": 1.42375, ""acc_low"": 1.4223, ""manipulation_side"": ""SSL"", ""phase"": ""DISTRIBUIÇÃO"", ""score"": 100.0, ""status"": ""🟢 AMD / PO3 EM DISTRIBUIÇÃO"", ""target"": 1.42375}",False,🔴 BLOQUEADO,ADR14 muito esticado (216%),Risco de evento elevado | ADR14 em 216%: evitar perseguir preço | Fluxo institucional incompleto (56/100) | M15 ainda não confirmou gatilho,True,M15,1.0,SOURCE_EQUALS_EXECUTION,,,,,,
2fc819ba455283e7e0206064,2fc819ba455283e7e0206064,USD/CAD,BUY,crt,SOURCE_MODEL_EXPLICIT,BLOCKED_CONTEXT,,2026-09-30T23:20:32.455433+00:00,,,,,,,2.0,,,,,,,,,89.0,91.0,89.9,🟢 CONFIRMA,🟡 ESTICADO,🟡 AGUARDAR GATILHO,71.8,56.4,B,69.0,215.9880463205116,ALTO,1.6597978333333332,1.6597978333333332,True,100.0,TENDÊNCIA ALTISTA,TENDÊNCIA ALTISTA,,False,"Candidato observado, mas não qualificado para simulação pelo contexto global.",2026-09-30T23:22:21.763774+00:00,2026-09-30T23:22:21.763774+00:00,ATLASQUANT_MODEL_PAPER_V1,4c59705936df450f1678c46c,2fc819ba455283e7e0206064,CRT,H1,2026-09-30T23:20:32.455433+00:00,🟢 CRT CONFIRMADO,100.0,"{""anchor_high"": 1.42365, ""anchor_low"": 1.42298, ""invalidation"": 1.42212, ""phase"": ""DISTRIBUIÇÃO"", ""raid_side"": ""SSL"", ""score"": 100.0, ""status"": ""🟢 CRT CONFIRMADO"", ""target"": 1.42365}",False,🔴 BLOQUEADO,ADR14 muito esticado (216%),Risco de evento elevado | ADR14 em 216%: evitar perseguir preço | Fluxo institucional incompleto (56/100) | H1 ainda não confirmou gatilho,True,H1,1.0,SOURCE_EQUALS_EXECUTION,,,,,,
033e3cb6cc443d1739539228,033e3cb6cc443d1739539228,EUR/USD,SELL,amd-po3,SOURCE_MODEL_EXPLICIT,BLOCKED_CONTEXT,,2026-10-01T02:22:34.397213+00:00,,,,,,,2.0,,,,,,,,,91.0,70.0,82.5,🟢 CONFIRMA,🟡 ALINHADO,🟢 GATILHO,57.5,75.8,WAIT,52.0,133.45490716180203,ALTO,1.5553128,1.5553128,True,100.0,TENDÊNCIA BAIXISTA,COMPRESSÃO,Asian Range,False,"Candidato observado, mas não qualificado para simulação pelo contexto global.",2026-10-01T02:24:10.615831+00:00,2026-10-01T02:24:10.615831+00:00,ATLASQUANT_MODEL_PAPER_V1,74877af940a8b448e6e52acd,033e3cb6cc443d1739539228,AMD,M15,2026-10-01T02:22:34.397213+00:00,🟢 AMD / PO3 EM DISTRIBUIÇÃO,100.0,"{""acc_high"": 1.13329, ""acc_low"": 1.13257, ""manipulation_side"": ""BSL"", ""phase"": ""DISTRIBUIÇÃO"", ""score"": 100.0, ""status"": ""🟢 AMD / PO3 EM DISTRIBUIÇÃO"", ""target"": 1.13257}",False,🔴 BLOQUEADO,ADR14 muito esticado (133%),Gate ainda não liberou execução | Risco de evento elevado | ADR14 em 133%: evitar perseguir preço | ICT incompleto (58/100),True,M15,1.0,SOURCE_EQUALS_EXECUTION,,,,,,
57dd9d45396819d1e6b9f104,57dd9d45396819d1e6b9f104,EUR/USD,SELL,bos-choch-ob,SOURCE_MODEL_EXPLICIT,BLOCKED_CONTEXT,,2026-10-01T02:22:34.397213+00:00,,,,,,,2.0,,,,,,,,,91.0,70.0,82.5,🟢 CONFIRMA,🟡 ALINHADO,🟢 GATILHO,57.5,75.8,WAIT,52.0,133.45490716180203,ALTO,1.5553128,1.5553128,True,100.0,TENDÊNCIA BAIXISTA,COMPRESSÃO,Asian Range,False,"Candidato observado, mas não qualificado para simulação pelo contexto global.",2026-10-01T02:24:10.615831+00:00,2026-10-01T02:24:10.615831+00:00,ATLASQUANT_MODEL_PAPER_V1,d629245806ab30cdd9e16aa0,57dd9d45396819d1e6b9f104,BOS_CHOCH_OB,M15,2026-10-01T02:22:34.397213+00:00,CHOCH + 🟡 ORDER BLOCK ATIVO,68.0,"{""break_time"": ""2026-10-01T02:00:00+00:00"", ""invalidated"": false, ""mitigation_depth_pct"": 0.0, ""order_block_side"": ""SELL"", ""order_block_status"": ""🟡 ORDER BLOCK ATIVO"", ""origin_time"": ""2026-10-01T01:15:00+00:00"", ""structure_event"": ""CHOCH"", ""structure_level"": 1.13257, ""structure_side"": ""SELL"", ""structure_status"": ""🟢 CHOCH CONFIRMADO"", ""zone_high"": 1.1337, ""zone_low"": 1.13341}",False,🔴 BLOQUEADO,ADR14 muito esticado (133%),Gate ainda não liberou execução | Risco de evento elevado | ADR14 em 133%: evitar perseguir preço | ICT incompleto (58/100),True,M15,1.0,SOURCE_EQUALS_EXECUTION,,,,,,
5e3019643b3eff6c26d9353b,5e3019643b3eff6c26d9353b,GBP/USD,SELL,amd-po3,SOURCE_MODEL_EXPLICIT,BLOCKED_CONTEXT,,2026-10-01T02:22:34.397213+00:00,,,,,,,2.0,,,,,,,,,68.0,70.0,69.1,🔴 CONTRA,🔴 CONTRA,🟢 GATILHO,57.5,75.8,WAIT,30.0,149.78127734033131,ALTO,1.57996915,1.57996915,True,100.0,EXPANSÃO DOS DOIS LADOS,TENDÊNCIA ALTISTA,Asian Range,False,"Candidato observado, mas não qualificado para simulação pelo contexto global.",2026-10-01T02:24:10.615831+00:00,2026-10-01T02:24:10.615831+00:00,ATLASQUANT_MODEL_PAPER_V1,00f2bfce67e2dba8dfb1542b,5e3019643b3eff6c26d9353b,AMD,M15,2026-10-01T02:22:34.397213+00:00,🟢 AMD / PO3 EM DISTRIBUIÇÃO,100.0,"{""acc_high"": 1.32673, ""acc_low"": 1.32615, ""manipulation_side"": ""BSL"", ""phase"": ""DISTRIBUIÇÃO"", ""score"": 100.0, ""status"": ""🟢 AMD / PO3 EM DISTRIBUIÇÃO"", ""target"": 1.32615}",False,🔴 BLOQUEADO,H4 está contra o viés | H1 está contra o viés | ADR14 muito esticado (150%),Gate ainda não liberou execução | Risco de evento elevado | ADR14 em 150%: evitar perseguir preço | ICT incompleto (58/100),True,M15,1.0,SOURCE_EQUALS_EXECUTION,,,,,,
599389d36fe0d17ad4c87588,599389d36fe0d17ad4c87588,NZD/USD,SELL,amd-po3,SOURCE_MODEL_EXPLICIT,BLOCKED_CONTEXT,,2026-10-01T02:22:34.397213+00:00,,,,,,,2.0,,,,,,,,,84.0,91.0,87.1,🟢 CONFIRMA,🟢 PULLBACK OK,🟢 GATILHO,57.5,72.2,WAIT,52.0,111.08004194337629,ALTO,1.5099902666666667,1.5099902666666667,True,100.0,TENDÊNCIA BAIXISTA,EQUILÍBRIO / LIQUIDEZ,Asian Range,False,"Candidato observado, mas não qualificado para simulação pelo contexto global.",2026-10-01T02:24:10.615831+00:00,2026-10-01T02:24:10.615831+00:00,ATLASQUANT_MODEL_PAPER_V1,ab1ce682dedd0a17d6f79a17,599389d36fe0d17ad4c87588,AMD,M15,2026-10-01T02:22:34.397213+00:00,🟢 AMD / PO3 EM DISTRIBUIÇÃO,100.0,"{""acc_high"": 0.56355, ""acc_low"": 0.56315, ""manipulation_side"": ""BSL"", ""phase"": ""DISTRIBUIÇÃO"", ""score"": 100.0, ""status"": ""🟢 AMD / PO3 EM DISTRIBUIÇÃO"", ""target"": 0.56315}",False,🟡 DIREÇÃO CONFIRMADA — AGUARDAR EXECUÇÃO,,Gate ainda não liberou execução | Risco de evento elevado | ADR14 em 111%: evitar perseguir preço | ICT incompleto (58/100),True,M15,1.0,SOURCE_EQUALS_EXECUTION,,,,,,
0a9d574ef9bf94bf5ace01bb,0a9d574ef9bf94bf5ace01bb,USD/CHF,BUY,amd-po3,SOURCE_MODEL_EXPLICIT,BLOCKED_CONTEXT,,2026-10-01T02:22:34.397213+00:00,,,,,,,2.0,,,,,,,,,89.0,91.0,89.9,🟢 CONFIRMA,🟢 PULLBACK OK,🟢 GATILHO,57.5,72.2,B,67.0,116.07530774800952,ALTO,1.4589907999999998,1.4589907999999998,True,100.0,TENDÊNCIA ALTISTA,EXPANSÃO DOS DOIS LADOS,Asian Range,False,"Candidato observado, mas não qualificado para simulação pelo contexto global.",2026-10-01T02:24:10.615831+00:00,2026-10-01T02:24:10.615831+00:00,ATLASQUANT_MODEL_PAPER_V1,ae30d1cd666ac485803fdb3d,0a9d574ef9bf94bf5ace01bb,AMD,M15,2026-10-01T02:22:34.397213+00:00,🟢 AMD / PO3 EM DISTRIBUIÇÃO,100.0,"{""acc_high"": 0.83582, ""acc_low"": 0.83535, ""manipulation_side"": ""SSL"", ""phase"": ""DISTRIBUIÇÃO"", ""score"": 100.0, ""status"": ""🟢 AMD / PO3 EM DISTRIBUIÇÃO"", ""target"": 0.83582}",False,🔴 BLOQUEADO,ADR14 muito esticado (116%),Risco de evento elevado | ADR14 em 116%: evitar perseguir preço | ICT incompleto (58/100),True,M15,1.0,SOURCE_EQUALS_EXECUTION,,,,,,
0284e612902aa41635f39c85,0284e612902aa41635f39c85,EUR/USD,SELL,amd-po3,SOURCE_MODEL_EXPLICIT,BLOCKED_CONTEXT,,2026-10-01T03:23:54.368456+00:00,,,,,,,2.0,,,,,,,,,91.0,70.0,82.5,🟢 CONFIRMA,🟢 PULLBACK OK,🟡 AGUARDAR GATILHO,78.5,58.6,WAIT,52.0,133.45490716180203,ALTO,1.5119952,1.5119952,True,100.0,TENDÊNCIA BAIXISTA,COMPRESSÃO,Asian Range,False,"Candidato observado, mas não qualificado para simulação pelo contexto global.",2026-10-01T03:25:27.925973+00:00,2026-10-01T03:25:27.925973+00:00,ATLASQUANT_MODEL_PAPER_V1,3cdb3ea872b4d3fa559733f8,0284e612902aa41635f39c85,AMD,M15,2026-10-01T03:23:54.368456+00:00,🟢 AMD / PO3 EM DISTRIBUIÇÃO,100.0,"{""acc_high"": 1.13358, ""acc_low"": 1.13257, ""manipulation_side"": ""BSL"", ""phase"": ""DISTRIBUIÇÃO"", ""score"": 100.0, ""status"": ""🟢 AMD / PO3 EM DISTRIBUIÇÃO"", ""target"": 1.13257}",False,🔴 BLOQUEADO,ADR14 muito esticado (133%),Gate ainda não liberou execução | Risco de evento elevado | ADR14 em 133%: evitar perseguir preço | Fluxo institucional incompleto (59/100) | M15 ainda não confirmou gatilho,True,M15,1.0,SOURCE_EQUALS_EXECUTION,,,,,,
ac125b70f1498b669d2c64f9,ac125b70f1498b669d2c64f9,EUR/USD,SELL,crt,SOURCE_MODEL_EXPLICIT,BLOCKED_CONTEXT,,2026-10-01T03:23:54.368456+00:00,,,,,,,2.0,,,,,,,,,91.0,70.0,82.5,🟢 CONFIRMA,🟢 PULLBACK OK,🟡 AGUARDAR GATILHO,78.5,58.6,WAIT,52.0,133.45490716180203,ALTO,1.5119952,1.5119952,True,100.0,TENDÊNCIA BAIXISTA,COMPRESSÃO,Asian Range,False,"Candidato observado, mas não qualificado para simulação pelo contexto global.",2026-10-01T03:25:27.925973+00:00,2026-10-01T03:25:27.925973+00:00,ATLASQUANT_MODEL_PAPER_V1,783e8e19a51b7dd5702352d9,ac125b70f1498b669d2c64f9,CRT,H1,2026-10-01T03:23:54.368456+00:00,🟢 CRT CONFIRMADO,100.0,"{""anchor_high"": 1.13358, ""anchor_low"": 1.13263, ""invalidation"": 1.1337, ""phase"": ""DISTRIBUIÇÃO"", ""raid_side"": ""BSL"", ""score"": 100.0, ""status"": ""🟢 CRT CONFIRMADO"", ""target"": 1.13263}",False,🔴 BLOQUEADO,ADR14 muito esticado (133%),Gate ainda não liberou execução | Risco de evento elevado | ADR14 em 133%: evitar perseguir preço | Fluxo institucional incompleto (59/100),True,H1,1.0,SOURCE_EQUALS_EXECUTION,,,,,,
bdcefb557e22a784eed0951d,bdcefb557e22a784eed0951d,GBP/USD,SELL,crt,SOURCE_MODEL_EXPLICIT,BLOCKED_CONTEXT,,2026-10-01T03:23:54.368456+00:00,,,,,,,2.0,,,,,,,,,68.0,70.0,69.1,🔴 CONTRA,🔴 CONTRA,🟡 AGUARDAR GATILHO,60.5,73.1,WAIT,30.0,149.78127734033131,ALTO,1.5375322333333334,1.5375322333333334,True,100.0,EXPANSÃO DOS DOIS LADOS,TENDÊNCIA ALTISTA,Asian Range,False,"Candidato observado, mas não qualificado para simulação pelo contexto global.",2026-10-01T03:25:27.925973+00:00,2026-10-01T03:25:27.925973+00:00,ATLASQUANT_MODEL_PAPER_V1,cf35d154abd1af076950b524,bdcefb557e22a784eed0951d,CRT,H1,2026-10-01T03:23:54.368456+00:00,🟢 CRT CONFIRMADO,100.0,"{""anchor_high"": 1.32714, ""anchor_low"": 1.32619, ""invalidation"": 1.32726, ""phase"": ""DISTRIBUIÇÃO"", ""raid_side"": ""BSL"", ""score"": 100.0, ""status"": ""🟢 CRT CONFIRMADO"", ""target"": 1.32619}",False,🔴 BLOQUEADO,H4 está contra o viés | H1 está contra o viés | ADR14 muito esticado (150%),Gate ainda não liberou execução | Risco de evento elevado | ADR14 em 150%: evitar perseguir preço | ICT incompleto (60/100) | H1 ainda não confirmou gatilho,True,H1,1.0,SOURCE_EQUALS_EXECUTION,,,,,,
57696aafdb0aa92783d109bd,57696aafdb0aa92783d109bd,NZD/USD,SELL,crt,SOURCE_MODEL_EXPLICIT,BLOCKED_CONTEXT,,2026-10-01T03:23:54.368456+00:00,,,,,,,2.0,,,,,,,,,84.0,91.0,87.1,🟢 CONFIRMA,🟢 PULLBACK OK,🟡 AGUARDAR GATILHO,64.2,60.1,WAIT,52.0,111.08004194337629,ALTO,1.460802733333333,1.460802733333333,True,100.0,TENDÊNCIA BAIXISTA,EQUILÍBRIO / LIQUIDEZ,Asian Range,False,"Candidato observado, mas não qualificado para simulação pelo contexto global.",2026-10-01T03:25:27.925973+00:00,2026-10-01T03:25:27.925973+00:00,ATLASQUANT_MODEL_PAPER_V1,c165c2e6ae5f32088395cc22,57696aafdb0aa92783d109bd,CRT,H1,2026-10-01T03:23:54.368456+00:00,🟢 CRT CONFIRMADO,100.0,"{""anchor_high"": 0.56372, ""anchor_low"": 0.56323, ""invalidation"": 0.56377, ""phase"": ""DISTRIBUIÇÃO"", ""raid_side"": ""BSL"", ""score"": 100.0, ""status"": ""🟢 CRT CONFIRMADO"", ""target"": 0.56323}",False,🟡 DIREÇÃO CONFIRMADA — AGUARDAR EXECUÇÃO,,Gate ainda não liberou execução | Risco de evento elevado | ADR14 em 111%: evitar perseguir preço | ICT incompleto (64/100) | Fluxo institucional incompleto (60/100),True,H1,1.0,SOURCE_EQUALS_EXECUTION,,,,,,
4971030b5eb8c53f673632e9,4971030b5eb8c53f673632e9,NZD/USD,SELL,fvg,SOURCE_MODEL_EXPLICIT,BLOCKED_CONTEXT,,2026-10-01T03:23:54.368456+00:00,,,,,,,2.0,,,,,,,,,84.0,91.0,87.1,🟢 CONFIRMA,🟢 PULLBACK OK,🟡 AGUARDAR GATILHO,64.2,60.1,WAIT,52.0,111.08004194337629,ALTO,1.460802733333333,1.460802733333333,True,100.0,TENDÊNCIA BAIXISTA,EQUILÍBRIO / LIQUIDEZ,Asian Range,False,"Candidato observado, mas não qualificado para simulação pelo contexto global.",2026-10-01T03:25:27.925973+00:00,2026-10-01T03:25:27.925973+00:00,ATLASQUANT_MODEL_PAPER_V1,71bc4448442a25c3efe11049,4971030b5eb8c53f673632e9,FVG,M15,2026-10-01T03:23:54.368456+00:00,🟢 FVG EM TESTE,90.0,"{""price"": 0.56252, ""score"": 90.0, ""status"": ""🟢 FVG EM TESTE"", ""zone_high"": 0.56294, ""zone_low"": 0.56249}",False,🟡 DIREÇÃO CONFIRMADA — AGUARDAR EXECUÇÃO,,Gate ainda não liberou execução | Risco de evento elevado | ADR14 em 111%: evitar perseguir preço | ICT incompleto (64/100) | Fluxo institucional incompleto (60/100) | M15 ainda não confirmou gatilho,True,M15,1.0,SOURCE_EQUALS_EXECUTION,,,,,,
fa6da76074a7625cafc83916,fa6da76074a7625cafc83916,GBP/USD,SELL,bos-choch-ob,SOURCE_MODEL_EXPLICIT,BLOCKED_CONTEXT,,2026-10-01T05:23:10.204776+00:00,,,,,,,2.0,,,,,,,,,68.0,70.0,69.1,,,🟢 GATILHO,21.8,64.6,WAIT,15.0,25.814044723419464,ALTO,1.77972955,1.77972955,False,0.0,EXPANSÃO DOS DOIS LADOS,TENDÊNCIA ALTISTA,,False,"Candidato observado, mas não qualificado para simulação pelo contexto global.",2026-10-01T05:24:58.588312+00:00,2026-10-01T05:24:58.588312+00:00,ATLASQUANT_MODEL_PAPER_V1,8e84a01c54e5942677829124,fa6da76074a7625cafc83916,BOS_CHOCH_OB,M15,2026-10-01T05:23:10.204776+00:00,BOS + 🟡 ORDER BLOCK ATIVO,68.0,"{""break_time"": ""2026-10-01T05:00:00+00:00"", ""invalidated"": false, ""mitigation_depth_pct"": 0.0, ""order_block_side"": ""SELL"", ""order_block_status"": ""🟡 ORDER BLOCK ATIVO"", ""origin_time"": ""2026-10-01T04:30:00+00:00"", ""structure_event"": ""BOS"", ""structure_level"": 1.32505, ""structure_side"": ""SELL"", ""structure_status"": ""🟢 BOS CONFIRMADO"", ""zone_high"": 1.32533, ""zone_low"": 1.32493}",False,🔴 BLOQUEADO,Dados técnicos insuficientes (0/100),Gate ainda não liberou execução | Risco de evento elevado | ICT incompleto (22/100) | Fluxo institucional incompleto (65/100),True,M15,1.0,SOURCE_EQUALS_EXECUTION,,,,,,
67ead071ee86ea0281d89fd5,67ead071ee86ea0281d89fd5,EUR/USD,SELL,fvg,SOURCE_MODEL_EXPLICIT,BLOCKED_CONTEXT,,2026-10-01T06:29:58.735754+00:00,,,,,,,2.0,,,,,,,,,91.0,70.0,82.5,🟢 CONFIRMA,🟢 PULLBACK OK,🔴 SEM GATILHO,43.2,53.9,WAIT,52.0,36.71805777068767,ALTO,1.6986663666666668,1.6986663666666668,True,100.0,TENDÊNCIA BAIXISTA,COMPRESSÃO,London Killzone,False,"Candidato observado, mas não qualificado para simulação pelo contexto global.",2026-10-01T06:31:44.222201+00:00,2026-10-01T06:31:44.222201+00:00,ATLASQUANT_MODEL_PAPER_V1,b8398d2a343891689eb9c81c,67ead071ee86ea0281d89fd5,FVG,M15,2026-10-01T06:29:58.735754+00:00,🟢 FVG EM TESTE,90.0,"{""price"": 1.13252, ""score"": 90.0, ""status"": ""🟢 FVG EM TESTE"", ""zone_high"": 1.13259, ""zone_low"": 1.13232}",False,🟡 DIREÇÃO CONFIRMADA — AGUARDAR EXECUÇÃO,,Gate ainda não liberou execução | Risco de evento elevado | ICT incompleto (43/100) | Fluxo institucional incompleto (54/100) | M15 ainda não confirmou gatilho,True,M15,1.0,SOURCE_EQUALS_EXECUTION,,,,,,
266b58737e658625b031a1d0,266b58737e658625b031a1d0,GBP/USD,SELL,crt,SOURCE_MODEL_EXPLICIT,BLOCKED_CONTEXT,,2026-10-01T06:29:58.735754+00:00,,,,,,,2.0,,,,,,,,,68.0,70.0,69.1,,🔴 CONTRA,🔴 SEM GATILHO,60.5,62.6,WAIT,22.0,32.03870799006014,ALTO,1.7274410666666666,1.7274410666666666,False,0.0,EXPANSÃO DOS DOIS LADOS,TENDÊNCIA ALTISTA,London Killzone,False,"Candidato observado, mas não qualificado para simulação pelo contexto global.",2026-10-01T06:31:44.222201+00:00,2026-10-01T06:31:44.222201+00:00,ATLASQUANT_MODEL_PAPER_V1,0618ca0888a6c20618bbcff1,266b58737e658625b031a1d0,CRT,H1,2026-10-01T06:29:58.735754+00:00,🟢 CRT CONFIRMADO,100.0,"{""anchor_high"": 1.3259, ""anchor_low"": 1.32505, ""invalidation"": 1.32609, ""phase"": ""DISTRIBUIÇÃO"", ""raid_side"": ""BSL"", ""score"": 100.0, ""status"": ""🟢 CRT CONFIRMADO"", ""target"": 1.32505}",False,🔴 BLOQUEADO,Dados técnicos insuficientes (0/100) | H1 está contra o viés,Gate ainda não liberou execução | Risco de evento elevado | ICT incompleto (60/100) | Fluxo institucional incompleto (63/100) | H1 ainda não confirmou gatilho,True,H1,1.0,SOURCE_EQUALS_EXECUTION,,,,,,
603046e986a783956629498e,603046e986a783956629498e,NZD/USD,SELL,crt,SOURCE_MODEL_EXPLICIT,BLOCKED_CONTEXT,,2026-10-01T06:29:58.735754+00:00,,,,,,,2.0,,,,,,,,,84.0,91.0,87.1,🟢 CONFIRMA,🟢 PULLBACK OK,🔴 SEM GATILHO,64.2,49.2,WAIT,52.0,25.540718450254627,ALTO,1.6129408833333334,1.6129408833333334,True,100.0,TENDÊNCIA BAIXISTA,EQUILÍBRIO / LIQUIDEZ,London Killzone,False,"Candidato observado, mas não qualificado para simulação pelo contexto global.",2026-10-01T06:31:44.222201+00:00,2026-10-01T06:31:44.222201+00:00,ATLASQUANT_MODEL_PAPER_V1,ee25c94dfdd7a59a5a7a47fd,603046e986a783956629498e,CRT,H1,2026-10-01T06:29:58.735754+00:00,🟢 CRT CONFIRMADO,100.0,"{""anchor_high"": 0.56269, ""anchor_low"": 0.56213, ""invalidation"": 0.56286, ""phase"": ""DISTRIBUIÇÃO"", ""raid_side"": ""BSL"", ""score"": 100.0, ""status"": ""🟢 CRT CONFIRMADO"", ""target"": 0.56213}",False,🟡 DIREÇÃO CONFIRMADA — AGUARDAR EXECUÇÃO,,Gate ainda não liberou execução | Risco de evento elevado | ICT incompleto (64/100) | Fluxo institucional incompleto (49/100),True,H1,1.0,SOURCE_EQUALS_EXECUTION,,,,,,
60cff818ea050f3553cf149f,60cff818ea050f3553cf149f,NZD/USD,SELL,fvg,SOURCE_MODEL_EXPLICIT,BLOCKED_CONTEXT,,2026-10-01T06:29:58.735754+00:00,,,,,,,2.0,,,,,,,,,84.0,91.0,87.1,🟢 CONFIRMA,🟢 PULLBACK OK,🔴 SEM GATILHO,64.2,49.2,WAIT,52.0,25.540718450254627,ALTO,1.6129408833333334,1.6129408833333334,True,100.0,TENDÊNCIA BAIXISTA,EQUILÍBRIO / LIQUIDEZ,London Killzone,False,"Candidato observado, mas não qualificado para simulação pelo contexto global.",2026-10-01T06:31:44.222201+00:00,2026-10-01T06:31:44.222201+00:00,ATLASQUANT_MODEL_PAPER_V1,a825fd231832168df76e13a9,60cff818ea050f3553cf149f,FVG,M15,2026-10-01T06:29:58.735754+00:00,🟢 FVG EM TESTE,90.0,"{""price"": 0.56237, ""score"": 90.0, ""status"": ""🟢 FVG EM TESTE"", ""zone_high"": 0.56254, ""zone_low"": 0.56226}",False,🟡 DIREÇÃO CONFIRMADA — AGUARDAR EXECUÇÃO,,Gate ainda não liberou execução | Risco de evento elevado | ICT incompleto (64/100) | Fluxo institucional incompleto (49/100) | M15 ainda não confirmou gatilho,True,M15,1.0,SOURCE_EQUALS_EXECUTION,,,,,,
970e4f79e41de5f5d3f93887,970e4f79e41de5f5d3f93887,USD/CAD,BUY,crt,SOURCE_MODEL_EXPLICIT,BLOCKED_CONTEXT,,2026-10-01T06:29:58.735754+00:00,,,,,,,2.0,,,,,,,,,89.0,91.0,89.9,🟢 CONFIRMA,🟡 ESTICADO,🔴 SEM GATILHO,53.8,51.7,B,69.0,30.25899012483808,ALTO,1.5829916166666669,1.5829916166666669,True,100.0,TENDÊNCIA ALTISTA,TENDÊNCIA ALTISTA,London Killzone,False,"Candidato observado, mas não qualificado para simulação pelo contexto global.",2026-10-01T06:31:44.222201+00:00,2026-10-01T06:31:44.222201+00:00,ATLASQUANT_MODEL_PAPER_V1,52ac66ce8c1e80c5727e7645,970e4f79e41de5f5d3f93887,CRT,H1,2026-10-01T06:29:58.735754+00:00,🟢 CRT CONFIRMADO,100.0,"{""anchor_high"": 1.42468, ""anchor_low"": 1.424, ""invalidation"": 1.42373, ""phase"": ""DISTRIBUIÇÃO"", ""raid_side"": ""SSL"", ""score"": 100.0, ""status"": ""🟢 CRT CONFIRMADO"", ""target"": 1.42468}",False,⚪ EM OBSERVAÇÃO,,Risco de evento elevado | ICT incompleto (54/100) | Fluxo institucional incompleto (52/100) | H1 ainda não confirmou gatilho,True,H1,1.0,SOURCE_EQUALS_EXECUTION,,,,,,
8d909bd0bd404869cfbb12cc,8d909bd0bd404869cfbb12cc,USD/CHF,BUY,crt,SOURCE_MODEL_EXPLICIT,BLOCKED_CONTEXT,,2026-10-01T06:29:58.735754+00:00,,,,,,,2.0,,,,,,,,,89.0,91.0,89.9,🟢 CONFIRMA,🟢 PULLBACK OK,🔴 SEM GATILHO,64.2,53.6,B,67.0,29.3380336858602,ALTO,1.5524251666666666,1.5524251666666666,True,100.0,TENDÊNCIA ALTISTA,EXPANSÃO DOS DOIS LADOS,London Killzone,False,"Candidato observado, mas não qualificado para simulação pelo contexto global.",2026-10-01T06:31:44.222201+00:00,2026-10-01T06:31:44.222201+00:00,ATLASQUANT_MODEL_PAPER_V1,1cd3fc89686c0666d6a78538,8d909bd0bd404869cfbb12cc,CRT,H1,2026-10-01T06:29:58.735754+00:00,🟢 CRT CONFIRMADO,100.0,"{""anchor_high"": 0.8367, ""anchor_low"": 0.83572, ""invalidation"": 0.83571, ""phase"": ""DISTRIBUIÇÃO"", ""raid_side"": ""SSL"", ""score"": 100.0, ""status"": ""🟢 CRT CONFIRMADO"", ""target"": 0.8367}",False,🟡 DIREÇÃO CONFIRMADA — AGUARDAR EXECUÇÃO,,Risco de evento elevado | ICT incompleto (64/100) | Fluxo institucional incompleto (54/100),True,H1,1.0,SOURCE_EQUALS_EXECUTION,,,,,,
c9c2063e5a2edf8a19b17761,c9c2063e5a2edf8a19b17761,USD/CHF,BUY,fvg,SOURCE_MODEL_EXPLICIT,BLOCKED_CONTEXT,,2026-10-01T06:29:58.735754+00:00,,,,,,,2.0,,,,,,,,,89.0,91.0,89.9,🟢 CONFIRMA,🟢 PULLBACK OK,🔴 SEM GATILHO,64.2,53.6,B,67.0,29.3380336858602,ALTO,1.5524251666666666,1.5524251666666666,True,100.0,TENDÊNCIA ALTISTA,EXPANSÃO DOS DOIS LADOS,London Killzone,False,"Candidato observado, mas não qualificado para simulação pelo contexto global.",2026-10-01T06:31:44.222201+00:00,2026-10-01T06:31:44.222201+00:00,ATLASQUANT_MODEL_PAPER_V1,3666eff5d0c73cbbf0344877,c9c2063e5a2edf8a19b17761,FVG,M15,2026-10-01T06:29:58.735754+00:00,🟢 FVG EM TESTE,90.0,"{""price"": 0.83638, ""score"": 90.0, ""status"": ""🟢 FVG EM TESTE"", ""zone_high"": 0.83638, ""zone_low"": 0.83614}",False,🟡 DIREÇÃO CONFIRMADA — AGUARDAR EXECUÇÃO,,Risco de evento elevado | ICT incompleto (64/100) | Fluxo institucional incompleto (54/100) | M15 ainda não confirmou gatilho,True,M15,1.0,SOURCE_EQUALS_EXECUTION,,,,,,
0dd95a388bcb8018806d9213,0dd95a388bcb8018806d9213,USD/JPY,BUY,fvg,SOURCE_MODEL_EXPLICIT,BLOCKED_CONTEXT,,2026-10-01T06:29:58.735754+00:00,,,,,,,2.0,,,,,,,,,90.0,84.0,87.2,🔴 CONTRA,🟡 ESTICADO,🔴 SEM GATILHO,43.2,60.8,WAIT,37.0,31.72223675918357,ALTO,0.6930102833333333,0.6930102833333333,True,100.0,COMPRESSÃO,TENDÊNCIA BAIXISTA,London Killzone,False,"Candidato observado, mas não qualificado para simulação pelo contexto global.",2026-10-01T06:31:44.222201+00:00,2026-10-01T06:31:44.222201+00:00,ATLASQUANT_MODEL_PAPER_V1,20d870369251052650c71413,0dd95a388bcb8018806d9213,FVG,M15,2026-10-01T06:29:58.735754+00:00,🟢 FVG EM TESTE,90.0,"{""price"": 158.19721, ""score"": 90.0, ""status"": ""🟢 FVG EM TESTE"", ""zone_high"": 158.23221, ""zone_low"": 158.17684}",False,🔴 BLOQUEADO,H4 está contra o viés,Gate ainda não liberou execução | Risco de evento elevado | ICT incompleto (43/100) | Fluxo institucional incompleto (61/100) | M15 ainda não confirmou gatilho,True,M15,1.0,SOURCE_EQUALS_EXECUTION,,,,,,
8e8e249c12a70a7ed7f8047f,8e8e249c12a70a7ed7f8047f,EUR/USD,SELL,bos-choch-ob,SOURCE_MODEL_EXPLICIT,BLOCKED_CONTEXT,,2026-10-01T07:25:23.506870+00:00,,,,,,,2.0,,,,,,,,,91.0,70.0,82.5,🟢 CONFIRMA,🟢 PULLBACK OK,🟡 AGUARDAR GATILHO,39.5,57.0,WAIT,52.0,61.03136629452764,ALTO,1.761760633333333,1.761760633333333,True,100.0,TENDÊNCIA BAIXISTA,COMPRESSÃO,London Killzone,False,"Candidato observado, mas não qualificado para simulação pelo contexto global.",2026-10-01T07:27:12.652349+00:00,2026-10-01T07:27:12.652349+00:00,ATLASQUANT_MODEL_PAPER_V1,d2fd4425aad0009cdb389f76,8e8e249c12a70a7ed7f8047f,BOS_CHOCH_OB,M15,2026-10-01T07:25:23.506870+00:00,BOS + 🟡 ORDER BLOCK PARCIALMENTE MITIGADO / ATIVO,70.0,"{""break_time"": ""2026-10-01T06:30:00+00:00"", ""invalidated"": false, ""mitigation_depth_pct"": 36.2, ""order_block_side"": ""SELL"", ""order_block_status"": ""🟡 ORDER BLOCK PARCIALMENTE MITIGADO / ATIVO"", ""origin_time"": ""2026-10-01T06:00:00+00:00"", ""structure_event"": ""BOS"", ""structure_level"": 1.13159, ""structure_side"": ""SELL"", ""structure_status"": ""🟢 BOS CONFIRMADO"", ""zone_high"": 1.13256, ""zone_low"": 1.13162}",False,🟡 DIREÇÃO CONFIRMADA — AGUARDAR EXECUÇÃO,,Gate ainda não liberou execução | Risco de evento elevado | ICT incompleto (40/100) | Fluxo institucional incompleto (57/100) | M15 ainda não confirmou gatilho,True,M15,1.0,SOURCE_EQUALS_EXECUTION,,,,,,
ec82c0c69646f98b8a617cae,ec82c0c69646f98b8a617cae,EUR/USD,SELL,bos-choch-ob,SOURCE_MODEL_EXPLICIT,BLOCKED_CONTEXT,,2026-10-01T08:26:24.945420+00:00,,,,,,,2.0,,,,,,,,,91.0,70.0,82.5,🟢 CONFIRMA,🟢 PULLBACK OK,🟢 GATILHO,39.5,64.7,WAIT,52.0,95.26847421584466,ALTO,1.7403859,1.7403859,True,100.0,TENDÊNCIA BAIXISTA,COMPRESSÃO,London Killzone,False,"Candidato observado, mas não qualificado para simulação pelo contexto global.",2026-10-01T08:28:13.120490+00:00,2026-10-01T08:28:13.120490+00:00,ATLASQUANT_MODEL_PAPER_V1,e294864ef6602c44d0afb126,ec82c0c69646f98b8a617cae,BOS_CHOCH_OB,M15,2026-10-01T08:26:24.945420+00:00,BOS + 🟡 ORDER BLOCK PARCIALMENTE MITIGADO / ATIVO,70.0,"{""break_time"": ""2026-10-01T07:30:00+00:00"", ""invalidated"": false, ""mitigation_depth_pct"": 29.4, ""order_block_side"": ""SELL"", ""order_block_status"": ""🟡 ORDER BLOCK PARCIALMENTE MITIGADO / ATIVO"", ""origin_time"": ""2026-10-01T06:45:00+00:00"", ""structure_event"": ""BOS"", ""structure_level"": 1.13061, ""structure_side"": ""SELL"", ""structure_status"": ""🟢 BOS CONFIRMADO"", ""zone_high"": 1.13195, ""zone_low"": 1.13086}",False,🟡 DIREÇÃO CONFIRMADA — AGUARDAR EXECUÇÃO,,Gate ainda não liberou execução | Risco de evento elevado | ADR14 em 95%: evitar perseguir preço | ICT incompleto (40/100) | Fluxo institucional incompleto (65/100),True,M15,1.0,SOURCE_EQUALS_EXECUTION,,,,,,
49816b43cc04d9bb12741609,49816b43cc04d9bb12741609,GBP/USD,SELL,amd-po3,SOURCE_MODEL_EXPLICIT,BLOCKED_CONTEXT,,2026-10-01T08:26:24.945420+00:00,,,,,,,2.0,,,,,,,,,68.0,70.0,69.1,🟡 PARCIAL,🔴 CONTRA,🟡 AGUARDAR GATILHO,57.5,55.6,WAIT,22.0,74.14672420557321,ALTO,1.7728191166666667,1.7728191166666667,True,100.0,EXPANSÃO DOS DOIS LADOS,TENDÊNCIA ALTISTA,London Killzone,False,"Candidato observado, mas não qualificado para simulação pelo contexto global.",2026-10-01T08:28:13.120490+00:00,2026-10-01T08:28:13.120490+00:00,ATLASQUANT_MODEL_PAPER_V1,e21967a6eeb7f9b62902f6e5,49816b43cc04d9bb12741609,AMD,M15,2026-10-01T08:26:24.945420+00:00,🟢 AMD / PO3 EM DISTRIBUIÇÃO,100.0,"{""acc_high"": 1.32579, ""acc_low"": 1.32434, ""manipulation_side"": ""BSL"", ""phase"": ""DISTRIBUIÇÃO"", ""score"": 100.0, ""status"": ""🟢 AMD / PO3 EM DISTRIBUIÇÃO"", ""target"": 1.32434}",False,🔴 BLOQUEADO,H1 está contra o viés,Gate ainda não liberou execução | Risco de evento elevado | ICT incompleto (58/100) | Fluxo institucional incompleto (56/100) | M15 ainda não confirmou gatilho,True,M15,1.0,SOURCE_EQUALS_EXECUTION,,,,,,
8b752f5244ce5e2dd5a2164d,8b752f5244ce5e2dd5a2164d,NZD/USD,SELL,bos-choch-ob,SOURCE_MODEL_EXPLICIT,BLOCKED_CONTEXT,,2026-10-01T08:26:24.945420+00:00,,,,,,,2.0,,,,,,,,,84.0,91.0,87.1,🟢 CONFIRMA,🟢 PULLBACK OK,🟡 AGUARDAR GATILHO,60.5,52.6,WAIT,52.0,57.92740267067849,ALTO,1.6671807333333333,1.6671807333333333,True,100.0,TENDÊNCIA BAIXISTA,EQUILÍBRIO / LIQUIDEZ,London Killzone,False,"Candidato observado, mas não qualificado para simulação pelo contexto global.",2026-10-01T08:28:13.120490+00:00,2026-10-01T08:28:13.120490+00:00,ATLASQUANT_MODEL_PAPER_V1,13980e1af6977d2caecc0f2d,8b752f5244ce5e2dd5a2164d,BOS_CHOCH_OB,M15,2026-10-01T08:26:24.945420+00:00,BOS + 🟡 ORDER BLOCK PARCIALMENTE MITIGADO / ATIVO,70.0,"{""break_time"": ""2026-10-01T07:15:00+00:00"", ""invalidated"": false, ""mitigation_depth_pct"": 26.5, ""order_block_side"": ""SELL"", ""order_block_status"": ""🟡 ORDER BLOCK PARCIALMENTE MITIGADO / ATIVO"", ""origin_time"": ""2026-10-01T06:45:00+00:00"", ""structure_event"": ""BOS"", ""structure_level"": 0.56113, ""structure_side"": ""SELL"", ""structure_status"": ""🟢 BOS CONFIRMADO"", ""zone_high"": 0.56209, ""zone_low"": 0.5616}",False,🟡 DIREÇÃO CONFIRMADA — AGUARDAR EXECUÇÃO,,Gate ainda não liberou execução | Risco de evento elevado | ICT incompleto (60/100) | Fluxo institucional incompleto (53/100) | M15 ainda não confirmou gatilho,True,M15,1.0,SOURCE_EQUALS_EXECUTION,,,,,,
8002371ee9e7c9317a57c03e,8002371ee9e7c9317a57c03e,NZD/USD,SELL,crt,SOURCE_MODEL_EXPLICIT,BLOCKED_CONTEXT,,2026-10-01T08:26:24.945420+00:00,,,,,,,2.0,,,,,,,,,84.0,91.0,87.1,🟢 CONFIRMA,🟢 PULLBACK OK,🟡 AGUARDAR GATILHO,60.5,52.6,WAIT,52.0,57.92740267067849,ALTO,1.6671807333333333,1.6671807333333333,True,100.0,TENDÊNCIA BAIXISTA,EQUILÍBRIO / LIQUIDEZ,London Killzone,False,"Candidato observado, mas não qualificado para simulação pelo contexto global.",2026-10-01T08:28:13.120490+00:00,2026-10-01T08:28:13.120490+00:00,ATLASQUANT_MODEL_PAPER_V1,48b7f54810a36590cf1cc298,8002371ee9e7c9317a57c03e,CRT,H1,2026-10-01T08:26:24.945420+00:00,🟢 CRT CONFIRMADO,100.0,"{""anchor_high"": 0.56229, ""anchor_low"": 0.56189, ""invalidation"": 0.56252, ""phase"": ""DISTRIBUIÇÃO"", ""raid_side"": ""BSL"", ""score"": 100.0, ""status"": ""🟢 CRT CONFIRMADO"", ""target"": 0.56189}",False,🟡 DIREÇÃO CONFIRMADA — AGUARDAR EXECUÇÃO,,Gate ainda não liberou execução | Risco de evento elevado | ICT incompleto (60/100) | Fluxo institucional incompleto (53/100),True,H1,1.0,SOURCE_EQUALS_EXECUTION,,,,,,
5d55f4c2eb32e385d5676c17,5d55f4c2eb32e385d5676c17,USD/CAD,BUY,amd-po3,SOURCE_MODEL_EXPLICIT,BLOCKED_CONTEXT,,2026-10-01T08:26:24.945420+00:00,,,,,,,2.0,,,,,,,,,89.0,91.0,89.9,🟢 CONFIRMA,🟡 ESTICADO,🟢 GATILHO,50.8,55.9,B,69.0,51.38811253959421,ALTO,1.6380566833333332,1.6380566833333332,True,100.0,TENDÊNCIA ALTISTA,TENDÊNCIA ALTISTA,London Killzone,False,"Candidato observado, mas não qualificado para simulação pelo contexto global.",2026-10-01T08:28:13.120490+00:00,2026-10-01T08:28:13.120490+00:00,ATLASQUANT_MODEL_PAPER_V1,4dd71410b4694cb3dccd2388,5d55f4c2eb32e385d5676c17,AMD,M15,2026-10-01T08:26:24.945420+00:00,🟢 AMD / PO3 EM DISTRIBUIÇÃO,100.0,"{""acc_high"": 1.42489, ""acc_low"": 1.42413, ""manipulation_side"": ""SSL"", ""phase"": ""DISTRIBUIÇÃO"", ""score"": 100.0, ""status"": ""🟢 AMD / PO3 EM DISTRIBUIÇÃO"", ""target"": 1.42489}",False,⚪ EM OBSERVAÇÃO,,Risco de evento elevado | ICT incompleto (51/100) | Fluxo institucional incompleto (56/100),True,M15,1.0,SOURCE_EQUALS_EXECUTION,,,,,,
3a996efdae11367fa401b3cf,3a996efdae11367fa401b3cf,USD/CHF,BUY,ote,SOURCE_MODEL_EXPLICIT,BLOCKED_CONTEXT,,2026-10-01T08:26:24.945420+00:00,,,,,,,2.0,,,,,,,,,89.0,91.0,89.9,🟢 CONFIRMA,🔴 CONTRA,🔴 SEM GATILHO,58.5,77.5,B,69.0,133.2549941245587,ALTO,1.6069083833333333,1.6069083833333333,True,100.0,TENDÊNCIA ALTISTA,EXPANSÃO DOS DOIS LADOS,London Killzone,False,"Candidato observado, mas não qualificado para simulação pelo contexto global.",2026-10-01T08:28:13.120490+00:00,2026-10-01T08:28:13.120490+00:00,ATLASQUANT_MODEL_PAPER_V1,92014e249094a5f097e5a9e6,3a996efdae11367fa401b3cf,OTE,H1,2026-10-01T08:26:24.945420+00:00,🟢 DENTRO DO OTE,90.0,"{""price"": 0.83426, ""retracement_pct"": 63.86292834890973, ""score"": 90.0, ""status"": ""🟢 DENTRO DO OTE"", ""sweet_705"": 0.8338339, ""swing_high"": 0.83836, ""swing_low"": 0.83194, ""zone_high"": 0.8343796, ""zone_low"": 0.8332882}",False,🔴 BLOQUEADO,H1 está contra o viés | ADR14 muito esticado (133%),Risco de evento elevado | ADR14 em 133%: evitar perseguir preço | ICT incompleto (58/100) | H1 ainda não confirmou gatilho,True,H1,1.0,SOURCE_EQUALS_EXECUTION,,,,,,
88a7facbe97e3474666c5b70,88a7facbe97e3474666c5b70,USD/JPY,BUY,amd-po3,SOURCE_MODEL_EXPLICIT,BLOCKED_CONTEXT,,2026-10-01T08:26:24.945420+00:00,,,,,,,2.0,,,,,,,,,90.0,84.0,87.2,🟡 PARCIAL,🟡 ESTICADO,🟡 AGUARDAR GATILHO,57.5,54.7,WAIT,37.0,38.38121316876618,ALTO,0.7377160666666666,0.7377160666666666,True,100.0,COMPRESSÃO,TENDÊNCIA BAIXISTA,London Killzone,False,"Candidato observado, mas não qualificado para simulação pelo contexto global.",2026-10-01T08:28:13.120490+00:00,2026-10-01T08:28:13.120490+00:00,ATLASQUANT_MODEL_PAPER_V1,29791eb41c4c0a65829161b9,88a7facbe97e3474666c5b70,AMD,M15,2026-10-01T08:26:24.945420+00:00,🟢 AMD / PO3 EM DISTRIBUIÇÃO,100.0,"{""acc_high"": 158.40221, ""acc_low"": 158.188, ""manipulation_side"": ""SSL"", ""phase"": ""DISTRIBUIÇÃO"", ""score"": 100.0, ""status"": ""🟢 AMD / PO3 EM DISTRIBUIÇÃO"", ""target"": 158.40221}",False,⚪ EM OBSERVAÇÃO,,Gate ainda não liberou execução | Risco de evento elevado | ICT incompleto (58/100) | Fluxo institucional incompleto (55/100) | M15 ainda não confirmou gatilho,True,M15,1.0,SOURCE_EQUALS_EXECUTION,,,,,,
a0f90808c6e2c1b537e77380,a0f90808c6e2c1b537e77380,USD/CAD,BUY,amd-po3,SOURCE_MODEL_EXPLICIT,BLOCKED_CONTEXT,,2026-10-01T09:24:56.645017+00:00,,,,,,,2.0,,,,,,,,,89.0,91.0,89.9,🟢 CONFIRMA,🟡 ESTICADO,🟡 AGUARDAR GATILHO,71.8,61.3,B,69.0,51.38811253959421,ALTO,1.5420950666666668,1.5420950666666668,True,100.0,TENDÊNCIA ALTISTA,TENDÊNCIA ALTISTA,,False,"Candidato observado, mas não qualificado para simulação pelo contexto global.",2026-10-01T09:26:37.382807+00:00,2026-10-01T09:26:37.382807+00:00,ATLASQUANT_MODEL_PAPER_V1,e542aab6ca6e4ace62d53f34,a0f90808c6e2c1b537e77380,AMD,M15,2026-10-01T09:24:56.645017+00:00,🟢 AMD / PO3 EM DISTRIBUIÇÃO,100.0,"{""acc_high"": 1.42512, ""acc_low"": 1.42331, ""manipulation_side"": ""SSL"", ""phase"": ""DISTRIBUIÇÃO"", ""score"": 100.0, ""status"": ""🟢 AMD / PO3 EM DISTRIBUIÇÃO"", ""target"": 1.42512}",False,⚪ EM OBSERVAÇÃO,,Risco de evento elevado | Fluxo institucional incompleto (61/100) | M15 ainda não confirmou gatilho,True,M15,1.0,SOURCE_EQUALS_EXECUTION,,,,,,
6ef647814598836a1dd3c7cc,6ef647814598836a1dd3c7cc,USD/CAD,BUY,crt,SOURCE_MODEL_EXPLICIT,BLOCKED_CONTEXT,,2026-10-01T09:24:56.645017+00:00,,,,,,,2.0,,,,,,,,,89.0,91.0,89.9,🟢 CONFIRMA,🟡 ESTICADO,🟡 AGUARDAR GATILHO,71.8,61.3,B,69.0,51.38811253959421,ALTO,1.5420950666666668,1.5420950666666668,True,100.0,TENDÊNCIA ALTISTA,TENDÊNCIA ALTISTA,,False,"Candidato observado, mas não qualificado para simulação pelo contexto global.",2026-10-01T09:26:37.382807+00:00,2026-10-01T09:26:37.382807+00:00,ATLASQUANT_MODEL_PAPER_V1,cc7cd9d203d18c36f698c248,6ef647814598836a1dd3c7cc,CRT,H1,2026-10-01T09:24:56.645017+00:00,🟢 CRT CONFIRMADO,100.0,"{""anchor_high"": 1.42512, ""anchor_low"": 1.42378, ""invalidation"": 1.42315, ""phase"": ""DISTRIBUIÇÃO"", ""raid_side"": ""SSL"", ""score"": 100.0, ""status"": ""🟢 CRT CONFIRMADO"", ""target"": 1.42512}",False,🟠 SETUP EM FORMAÇÃO,,Risco de evento elevado | Fluxo institucional incompleto (61/100) | H1 ainda não confirmou gatilho,True,H1,1.0,SOURCE_EQUALS_EXECUTION,,,,,,
5a70d2fd9dd2d14b97aef0a8,5a70d2fd9dd2d14b97aef0a8,EUR/USD,SELL,bos-choch-ob,SOURCE_MODEL_EXPLICIT,BLOCKED_CONTEXT,,2026-10-01T10:24:43.911225+00:00,,,,,,,2.0,,,,,,,,,91.0,70.0,82.5,🟢 CONFIRMA,🟢 PULLBACK OK,🟡 AGUARDAR GATILHO,39.5,64.4,WAIT,45.0,158.53269537480423,ALTO,1.76140895,1.76140895,True,100.0,TENDÊNCIA BAIXISTA,COMPRESSÃO,,False,"Candidato observado, mas não qualificado para simulação pelo contexto global.",2026-10-01T10:26:33.610404+00:00,2026-10-01T10:26:33.610404+00:00,ATLASQUANT_MODEL_PAPER_V1,6d183fc061ddceb9d02c169b,5a70d2fd9dd2d14b97aef0a8,BOS_CHOCH_OB,M15,2026-10-01T10:24:43.911225+00:00,BOS + 🟡 ORDER BLOCK ATIVO,68.0,"{""break_time"": ""2026-10-01T09:45:00+00:00"", ""invalidated"": false, ""mitigation_depth_pct"": 0.0, ""order_block_side"": ""SELL"", ""order_block_status"": ""🟡 ORDER BLOCK ATIVO"", ""origin_time"": ""2026-10-01T09:00:00+00:00"", ""structure_event"": ""BOS"", ""structure_level"": 1.12877, ""structure_side"": ""SELL"", ""structure_status"": ""🟢 BOS CONFIRMADO"", ""zone_high"": 1.1298, ""zone_low"": 1.12885}",False,🔴 BLOQUEADO,ADR14 muito esticado (159%),Gate ainda não liberou execução | Risco de evento elevado | ADR14 em 159%: evitar perseguir preço | ICT incompleto (40/100) | Fluxo institucional incompleto (64/100) | M15 ainda não confirmou gatilho,True,M15,1.0,SOURCE_EQUALS_EXECUTION,,,,,,
2a797ec64c662c47038986d2,2a797ec64c662c47038986d2,GBP/USD,SELL,bos-choch-ob,SOURCE_MODEL_EXPLICIT,BLOCKED_CONTEXT,,2026-10-01T10:24:43.911225+00:00,,,,,,,2.0,,,,,,,,,68.0,70.0,69.1,🟡 PARCIAL,🟢 PULLBACK OK,🟡 AGUARDAR GATILHO,39.5,65.6,WAIT,15.0,136.39335687197993,ALTO,1.79664455,1.79664455,True,100.0,EXPANSÃO DOS DOIS LADOS,TENDÊNCIA ALTISTA,,False,"Candidato observado, mas não qualificado para simulação pelo contexto global.",2026-10-01T10:26:33.610404+00:00,2026-10-01T10:26:33.610404+00:00,ATLASQUANT_MODEL_PAPER_V1,fa9deaeed17773f472c36da0,2a797ec64c662c47038986d2,BOS_CHOCH_OB,M15,2026-10-01T10:24:43.911225+00:00,BOS + 🟡 ORDER BLOCK ATIVO,68.0,"{""break_time"": ""2026-10-01T09:45:00+00:00"", ""invalidated"": false, ""mitigation_depth_pct"": 0.0, ""order_block_side"": ""SELL"", ""order_block_status"": ""🟡 ORDER BLOCK ATIVO"", ""origin_time"": ""2026-10-01T09:15:00+00:00"", ""structure_event"": ""BOS"", ""structure_level"": 1.32095, ""structure_side"": ""SELL"", ""structure_status"": ""🟢 BOS CONFIRMADO"", ""zone_high"": 1.32259, ""zone_low"": 1.32184}",False,🔴 BLOQUEADO,ADR14 muito esticado (136%),Gate ainda não liberou execução | Risco de evento elevado | ADR14 em 136%: evitar perseguir preço | ICT incompleto (40/100) | Fluxo institucional incompleto (66/100) | M15 ainda não confirmou gatilho,True,M15,1.0,SOURCE_EQUALS_EXECUTION,,,,,,
5e8df7f15017116780cb3cbb,5e8df7f15017116780cb3cbb,NZD/USD,SELL,bos-choch-ob,SOURCE_MODEL_EXPLICIT,BLOCKED_CONTEXT,,2026-10-01T10:24:43.911225+00:00,,,,,,,2.0,,,,,,,,,84.0,91.0,87.1,🟢 CONFIRMA,🟡 ESTICADO,🟡 AGUARDAR GATILHO,39.5,59.4,WAIT,45.0,75.8322362234342,ALTO,1.70425825,1.70425825,True,100.0,TENDÊNCIA BAIXISTA,EQUILÍBRIO / LIQUIDEZ,,False,"Candidato observado, mas não qualificado para simulação pelo contexto global.",2026-10-01T10:26:33.610404+00:00,2026-10-01T10:26:33.610404+00:00,ATLASQUANT_MODEL_PAPER_V1,56bd619f919c518f6bf822c5,5e8df7f15017116780cb3cbb,BOS_CHOCH_OB,M15,2026-10-01T10:24:43.911225+00:00,BOS + 🟡 ORDER BLOCK ATIVO,68.0,"{""break_time"": ""2026-10-01T09:45:00+00:00"", ""invalidated"": false, ""mitigation_depth_pct"": 0.0, ""order_block_side"": ""SELL"", ""order_block_status"": ""🟡 ORDER BLOCK ATIVO"", ""origin_time"": ""2026-10-01T09:15:00+00:00"", ""structure_event"": ""BOS"", ""structure_level"": 0.56063, ""structure_side"": ""SELL"", ""structure_status"": ""🟢 BOS CONFIRMADO"", ""zone_high"": 0.56114, ""zone_low"": 0.56085}",False,⚪ EM OBSERVAÇÃO,,Gate ainda não liberou execução | Risco de evento elevado | ICT incompleto (40/100) | Fluxo institucional incompleto (59/100) | M15 ainda não confirmou gatilho,True,M15,1.0,SOURCE_EQUALS_EXECUTION,,,,,,
b34d41ba0c8432f53ad98b54,b34d41ba0c8432f53ad98b54,USD/CAD,BUY,bos-choch-ob,SOURCE_MODEL_EXPLICIT,BLOCKED_CONTEXT,,2026-10-01T10:24:43.911225+00:00,,,,,,,2.0,,,,,,,,,89.0,91.0,89.9,🟢 CONFIRMA,🟡 ESTICADO,🟡 AGUARDAR GATILHO,39.5,64.3,B,69.0,70.16955468604603,ALTO,1.6712836,1.6712836,True,100.0,TENDÊNCIA ALTISTA,TENDÊNCIA ALTISTA,,False,"Candidato observado, mas não qualificado para simulação pelo contexto global.",2026-10-01T10:26:33.610404+00:00,2026-10-01T10:26:33.610404+00:00,ATLASQUANT_MODEL_PAPER_V1,0d504224a1dfebc1c3e8f15a,b34d41ba0c8432f53ad98b54,BOS_CHOCH_OB,M15,2026-10-01T10:24:43.911225+00:00,CHOCH + 🟡 ORDER BLOCK ATIVO,68.0,"{""break_time"": ""2026-10-01T09:45:00+00:00"", ""invalidated"": false, ""mitigation_depth_pct"": 0.0, ""order_block_side"": ""BUY"", ""order_block_status"": ""🟡 ORDER BLOCK ATIVO"", ""origin_time"": ""2026-10-01T09:00:00+00:00"", ""structure_event"": ""CHOCH"", ""structure_level"": 1.42497, ""structure_side"": ""BUY"", ""structure_status"": ""🟢 CHOCH CONFIRMADO"", ""zone_high"": 1.42486, ""zone_low"": 1.42428}",False,⚪ EM OBSERVAÇÃO,,Risco de evento elevado | ICT incompleto (40/100) | Fluxo institucional incompleto (64/100) | M15 ainda não confirmou gatilho,True,M15,1.0,SOURCE_EQUALS_EXECUTION,,,,,,
b638245702cb24e88e2c4f7a,b638245702cb24e88e2c4f7a,USD/CHF,BUY,crt,SOURCE_MODEL_EXPLICIT,BLOCKED_CONTEXT,,2026-10-01T10:24:43.911225+00:00,,,,,,,2.0,,,,,,,,,89.0,91.0,89.9,🟢 CONFIRMA,🟢 PULLBACK OK,🟡 AGUARDAR GATILHO,60.5,73.3,WAIT,60.0,133.2549941245587,ALTO,1.6371746833333334,1.6371746833333334,True,100.0,TENDÊNCIA ALTISTA,EXPANSÃO DOS DOIS LADOS,,False,"Candidato observado, mas não qualificado para simulação pelo contexto global.",2026-10-01T10:26:33.610404+00:00,2026-10-01T10:26:33.610404+00:00,ATLASQUANT_MODEL_PAPER_V1,79aeab1f676425b6adbef29d,b638245702cb24e88e2c4f7a,CRT,H1,2026-10-01T10:24:43.911225+00:00,🟢 CRT CONFIRMADO,100.0,"{""anchor_high"": 0.83744, ""anchor_low"": 0.83357, ""invalidation"": 0.8335, ""phase"": ""DISTRIBUIÇÃO"", ""raid_side"": ""SSL"", ""score"": 100.0, ""status"": ""🟢 CRT CONFIRMADO"", ""target"": 0.83744}",False,🔴 BLOQUEADO,ADR14 muito esticado (133%),Gate ainda não liberou execução | Risco de evento elevado | ADR14 em 133%: evitar perseguir preço | ICT incompleto (60/100),True,H1,1.0,SOURCE_EQUALS_EXECUTION,,,,,,
6fa76aaf0c55a0b0666c0083,6fa76aaf0c55a0b0666c0083,USD/CAD,BUY,amd-po3,SOURCE_MODEL_EXPLICIT,BLOCKED_CONTEXT,,2026-10-01T15:24:40.775235+00:00,,,,,,,2.0,,,,,,,,,89.0,91.0,89.9,🟢 CONFIRMA,🟢 PULLBACK OK,🔴 SEM GATILHO,57.5,56.2,B,69.0,70.16955468604603,ALTO,1.59627905,1.59627905,True,100.0,TENDÊNCIA ALTISTA,TENDÊNCIA ALTISTA,London Close,False,"Candidato observado, mas não qualificado para simulação pelo contexto global.",2026-10-01T15:26:25.822934+00:00,2026-10-01T15:26:25.822934+00:00,ATLASQUANT_MODEL_PAPER_V1,f4d1cc8c5479045cfb9491cf,6fa76aaf0c55a0b0666c0083,AMD,M15,2026-10-01T15:24:40.775235+00:00,🟢 AMD / PO3 EM DISTRIBUIÇÃO,100.0,"{""acc_high"": 1.42543, ""acc_low"": 1.42379, ""manipulation_side"": ""SSL"", ""phase"": ""DISTRIBUIÇÃO"", ""score"": 100.0, ""status"": ""🟢 AMD / PO3 EM DISTRIBUIÇÃO"", ""target"": 1.42543}",False,🟡 DIREÇÃO CONFIRMADA — AGUARDAR EXECUÇÃO,,Risco de evento elevado | ICT incompleto (58/100) | Fluxo institucional incompleto (56/100) | M15 ainda não confirmou gatilho,True,M15,1.0,SOURCE_EQUALS_EXECUTION,,,,,,
b57bca298fcb471afb2d2a0c,b57bca298fcb471afb2d2a0c,NZD/USD,SELL,crt,SOURCE_MODEL_EXPLICIT,BLOCKED_CONTEXT,,2026-10-01T16:23:41.282503+00:00,,,,,,,2.0,,,,,,,,,84.0,91.0,87.1,🟢 CONFIRMA,🟢 PULLBACK OK,🟡 AGUARDAR GATILHO,60.5,54.2,WAIT,45.0,89.26086138800096,ALTO,1.638152066666667,1.638152066666667,True,100.0,TENDÊNCIA BAIXISTA,EQUILÍBRIO / LIQUIDEZ,,False,"Candidato observado, mas não qualificado para simulação pelo contexto global.",2026-10-01T16:25:26.076403+00:00,2026-10-01T16:25:26.076403+00:00,ATLASQUANT_MODEL_PAPER_V1,33e814ada9e07dbafe7242fd,b57bca298fcb471afb2d2a0c,CRT,H1,2026-10-01T16:23:41.282503+00:00,🟢 CRT CONFIRMADO,100.0,"{""anchor_high"": 0.56181, ""anchor_low"": 0.56083, ""invalidation"": 0.56189, ""phase"": ""DISTRIBUIÇÃO"", ""raid_side"": ""BSL"", ""score"": 100.0, ""status"": ""🟢 CRT CONFIRMADO"", ""target"": 0.56083}",False,🟡 DIREÇÃO CONFIRMADA — AGUARDAR EXECUÇÃO,,Gate ainda não liberou execução | Risco de evento elevado | ADR14 em 89%: espaço reduzido | ICT incompleto (60/100) | Fluxo institucional incompleto (54/100),True,H1,1.0,SOURCE_EQUALS_EXECUTION,,,,,,
1aaa981e13b24e24b761af85,1aaa981e13b24e24b761af85,USD/CHF,BUY,bos-choch-ob,SOURCE_MODEL_EXPLICIT,BLOCKED_CONTEXT,,2026-10-01T17:23:28.695289+00:00,,,,,,,2.0,,,,,,,,,89.0,91.0,89.9,🟡 PARCIAL,🔴 CONTRA,🔴 SEM GATILHO,39.5,64.4,B,68.0,242.38151194672824,ALTO,1.5495018833333334,1.5495018833333334,True,100.0,TENDÊNCIA ALTISTA,EXPANSÃO DOS DOIS LADOS,,False,"Candidato observado, mas não qualificado para simulação pelo contexto global.",2026-10-01T17:25:13.487147+00:00,2026-10-01T17:25:13.487147+00:00,ATLASQUANT_MODEL_PAPER_V1,ccac4e08ce7b6a1cf1e5afbd,1aaa981e13b24e24b761af85,BOS_CHOCH_OB,M15,2026-10-01T17:23:28.695289+00:00,CHOCH + 🟡 ORDER BLOCK PARCIALMENTE MITIGADO / ATIVO,70.0,"{""break_time"": ""2026-10-01T16:30:00+00:00"", ""invalidated"": false, ""mitigation_depth_pct"": 0.8, ""order_block_side"": ""BUY"", ""order_block_status"": ""🟡 ORDER BLOCK PARCIALMENTE MITIGADO / ATIVO"", ""origin_time"": ""2026-10-01T16:00:00+00:00"", ""structure_event"": ""CHOCH"", ""structure_level"": 0.83196, ""structure_side"": ""BUY"", ""structure_status"": ""🟢 CHOCH CONFIRMADO"", ""zone_high"": 0.83154, ""zone_low"": 0.83034}",False,🔴 BLOQUEADO,H1 está contra o viés | ADR14 muito esticado (242%),Risco de evento elevado | ADR14 em 242%: evitar perseguir preço | ICT incompleto (40/100) | Fluxo institucional incompleto (64/100) | M15 ainda não confirmou gatilho,True,M15,1.0,SOURCE_EQUALS_EXECUTION,,,,,,
22e5af83aeb66312468d6baf,22e5af83aeb66312468d6baf,USD/JPY,BUY,fvg,SOURCE_MODEL_EXPLICIT,BLOCKED_CONTEXT,,2026-10-01T17:23:28.695289+00:00,,,,,,,2.0,,,,,,,,,90.0,84.0,87.2,🟢 CONFIRMA,🟡 ALINHADO,🔴 SEM GATILHO,43.2,48.2,WAIT,48.0,113.48844065909962,ALTO,0.6715558500000001,0.6715558500000001,True,100.0,COMPRESSÃO,TENDÊNCIA BAIXISTA,,False,"Candidato observado, mas não qualificado para simulação pelo contexto global.",2026-10-01T17:25:13.487147+00:00,2026-10-01T17:25:13.487147+00:00,ATLASQUANT_MODEL_PAPER_V1,c97a1be3ab4a6295be73c572,22e5af83aeb66312468d6baf,FVG,M15,2026-10-01T17:23:28.695289+00:00,🟢 FVG EM TESTE,90.0,"{""price"": 157.74236, ""score"": 90.0, ""status"": ""🟢 FVG EM TESTE"", ""zone_high"": 157.76649, ""zone_low"": 157.67483}",False,⚪ EM OBSERVAÇÃO,,Gate ainda não liberou execução | Risco de evento elevado | ADR14 em 113%: evitar perseguir preço | ICT incompleto (43/100) | Fluxo institucional incompleto (48/100) | M15 ainda não confirmou gatilho,True,M15,1.0,SOURCE_EQUALS_EXECUTION,,,,,,
a797e7887a2152e04362c107,a797e7887a2152e04362c107,USD/CHF,BUY,bos-choch-ob,SOURCE_MODEL_EXPLICIT,BLOCKED_CONTEXT,,2026-10-01T18:28:06.150916+00:00,,,,,,,2.0,,,,,,,,,89.0,91.0,89.9,🟡 PARCIAL,🔴 CONTRA,🔴 SEM GATILHO,39.5,76.5,B,69.0,242.38151194672824,ALTO,1.5333437666666667,1.5333437666666667,True,100.0,TENDÊNCIA ALTISTA,EXPANSÃO DOS DOIS LADOS,New York PM,False,"Candidato observado, mas não qualificado para simulação pelo contexto global.",2026-10-01T18:29:50.208547+00:00,2026-10-01T18:29:50.208547+00:00,ATLASQUANT_MODEL_PAPER_V1,890d21e930d99356ed53e45a,a797e7887a2152e04362c107,BOS_CHOCH_OB,M15,2026-10-01T18:28:06.150916+00:00,BOS + 🟢 ORDER BLOCK EM MITIGAÇÃO,92.0,"{""break_time"": ""2026-10-01T17:45:00+00:00"", ""invalidated"": false, ""mitigation_depth_pct"": 15.8, ""order_block_side"": ""BUY"", ""order_block_status"": ""🟢 ORDER BLOCK EM MITIGAÇÃO"", ""origin_time"": ""2026-10-01T17:15:00+00:00"", ""structure_event"": ""BOS"", ""structure_level"": 0.83249, ""structure_side"": ""BUY"", ""structure_status"": ""🟢 BOS CONFIRMADO"", ""zone_high"": 0.83246, ""zone_low"": 0.83132}",False,🔴 BLOQUEADO,H1 está contra o viés | ADR14 muito esticado (242%),Risco de evento elevado | ADR14 em 242%: evitar perseguir preço | ICT incompleto (40/100) | M15 ainda não confirmou gatilho,True,M15,1.0,SOURCE_EQUALS_EXECUTION,,,,,,
86920aa490a9c0c3dbef4bda,86920aa490a9c0c3dbef4bda,USD/JPY,BUY,fvg,SOURCE_MODEL_EXPLICIT,BLOCKED_CONTEXT,,2026-10-01T19:22:57.777266+00:00,,,,,,,2.0,,,,,,,,,90.0,84.0,87.2,🟢 CONFIRMA,🟢 PULLBACK OK,🟡 AGUARDAR GATILHO,43.2,53.8,WAIT,37.0,113.48844065909962,ALTO,0.5213206333333333,0.5213206333333333,True,100.0,COMPRESSÃO,TENDÊNCIA BAIXISTA,New York PM,False,"Candidato observado, mas não qualificado para simulação pelo contexto global.",2026-10-01T19:23:36.602487+00:00,2026-10-01T19:23:36.602487+00:00,ATLASQUANT_MODEL_PAPER_V1,f3b798d5b089e1bbed69f55a,86920aa490a9c0c3dbef4bda,FVG,M15,2026-10-01T19:22:57.777266+00:00,🟢 FVG EM TESTE,90.0,"{""price"": 158.0495, ""score"": 90.0, ""status"": ""🟢 FVG EM TESTE"", ""zone_high"": 158.13613, ""zone_low"": 158.02084}",False,🟡 DIREÇÃO CONFIRMADA — AGUARDAR EXECUÇÃO,,Gate ainda não liberou execução | Risco de evento elevado | ADR14 em 113%: evitar perseguir preço | ICT incompleto (43/100) | Fluxo institucional incompleto (54/100) | M15 ainda não confirmou gatilho,True,M15,1.0,SOURCE_EQUALS_EXECUTION,,,,,,
add5b38b8050dd05b42cbe6a,add5b38b8050dd05b42cbe6a,USD/CAD,BUY,ote,SOURCE_MODEL_EXPLICIT,BLOCKED_CONTEXT,,2026-10-01T20:23:38.370973+00:00,,,,,,,2.0,,,,,,,,,89.0,91.0,89.9,🟢 CONFIRMA,🟡 ALINHADO,🔴 SEM GATILHO,55.5,54.2,B,69.0,108.51499906838444,ALTO,1.5729444166666666,1.5729444166666666,True,100.0,TENDÊNCIA ALTISTA,TENDÊNCIA ALTISTA,,False,"Candidato observado, mas não qualificado para simulação pelo contexto global.",2026-10-01T20:25:24.202976+00:00,2026-10-01T20:25:24.202976+00:00,ATLASQUANT_MODEL_PAPER_V1,d7cec2e3512af12b42f921fe,add5b38b8050dd05b42cbe6a,OTE,H1,2026-10-01T20:23:38.370973+00:00,🟢 DENTRO DO OTE,90.0,"{""price"": 1.42241, ""retracement_pct"": 75.52581261950418, ""score"": 90.0, ""status"": ""🟢 DENTRO DO OTE"", ""sweet_705"": 1.42267285, ""swing_high"": 1.42636, ""swing_low"": 1.42113, ""zone_high"": 1.4231174, ""zone_low"": 1.4222283}",False,⚪ EM OBSERVAÇÃO,,Risco de evento elevado | ADR14 em 109%: evitar perseguir preço | ICT incompleto (56/100) | Fluxo institucional incompleto (54/100) | H1 ainda não confirmou gatilho,True,H1,1.0,SOURCE_EQUALS_EXECUTION,,,,,,
f734013199e89019207cac71,f734013199e89019207cac71,NZD/USD,SELL,amd-po3,SOURCE_MODEL_EXPLICIT,BLOCKED_CONTEXT,,2026-10-01T21:22:21.304647+00:00,,,,,,,2.0,,,,,,,,,84.0,91.0,87.1,🟢 CONFIRMA,🟢 PULLBACK OK,🟢 GATILHO,50.8,60.5,WAIT,45.0,92.94715064886311,ALTO,1.7681086666666666,1.7681086666666666,True,100.0,TENDÊNCIA BAIXISTA,EQUILÍBRIO / LIQUIDEZ,,False,"Candidato observado, mas não qualificado para simulação pelo contexto global.",2026-10-01T21:24:15.010219+00:00,2026-10-01T21:24:15.010219+00:00,ATLASQUANT_MODEL_PAPER_V1,e5838f5d85276d170c7cb344,f734013199e89019207cac71,AMD,M15,2026-10-01T21:22:21.304647+00:00,🟢 AMD / PO3 EM DISTRIBUIÇÃO,100.0,"{""acc_high"": 0.56126, ""acc_low"": 0.55933, ""manipulation_side"": ""BSL"", ""phase"": ""DISTRIBUIÇÃO"", ""score"": 100.0, ""status"": ""🟢 AMD / PO3 EM DISTRIBUIÇÃO"", ""target"": 0.55933}",False,🟡 DIREÇÃO CONFIRMADA — AGUARDAR EXECUÇÃO,,Gate ainda não liberou execução | Risco de evento elevado | ADR14 em 93%: espaço reduzido | ICT incompleto (51/100) | Fluxo institucional incompleto (60/100),True,M15,1.0,SOURCE_EQUALS_EXECUTION,,,,,,
805999302cff25b8d4c8e27d,805999302cff25b8d4c8e27d,NZD/USD,SELL,amd-po3,SOURCE_MODEL_EXPLICIT,BLOCKED_CONTEXT,,2026-10-01T22:21:11.872943+00:00,,,,,,,2.0,,,,,,,,,84.0,91.0,87.1,🟢 CONFIRMA,🟢 PULLBACK OK,🔴 SEM GATILHO,62.8,58.2,WAIT,45.0,92.94715064886311,ALTO,1.6690300666666666,1.6690300666666666,True,100.0,TENDÊNCIA BAIXISTA,EQUILÍBRIO / LIQUIDEZ,,False,"Candidato observado, mas não qualificado para simulação pelo contexto global.",2026-10-01T22:22:59.146275+00:00,2026-10-01T22:22:59.146275+00:00,ATLASQUANT_MODEL_PAPER_V1,2cb2380234d524195107a3aa,805999302cff25b8d4c8e27d,AMD,M15,2026-10-01T22:21:11.872943+00:00,🟢 AMD / PO3 EM DISTRIBUIÇÃO,100.0,"{""acc_high"": 0.56088, ""acc_low"": 0.55956, ""manipulation_side"": ""BSL"", ""phase"": ""DISTRIBUIÇÃO"", ""score"": 100.0, ""status"": ""🟢 AMD / PO3 EM DISTRIBUIÇÃO"", ""target"": 0.55956}",False,🟡 DIREÇÃO CONFIRMADA — AGUARDAR EXECUÇÃO,,Gate ainda não liberou execução | Risco de evento elevado | ADR14 em 93%: espaço reduzido | ICT incompleto (63/100) | Fluxo institucional incompleto (58/100) | M15 ainda não confirmou gatilho,True,M15,1.0,SOURCE_EQUALS_EXECUTION,,,,,,
6b10fea59055d6f6e3866e7d,6b10fea59055d6f6e3866e7d,GBP/USD,SELL,fvg,SOURCE_MODEL_EXPLICIT,BLOCKED_CONTEXT,,2026-10-01T23:19:22.788950+00:00,,,,,,,2.0,,,,,,,,,78.0,70.0,75.2,🟢 CONFIRMA,🟡 ALINHADO,🔴 SEM GATILHO,55.2,49.1,WAIT,30.0,158.17967830521823,ALTO,1.7967560166666667,1.7967560166666667,True,100.0,EXPANSÃO DOS DOIS LADOS,TENDÊNCIA ALTISTA,,False,"Candidato observado, mas não qualificado para simulação pelo contexto global.",2026-10-01T23:21:12.268358+00:00,2026-10-01T23:21:12.268358+00:00,ATLASQUANT_MODEL_PAPER_V1,d34b8010cfa4b2040fa1f788,6b10fea59055d6f6e3866e7d,FVG,M15,2026-10-01T23:19:22.788950+00:00,🟢 FVG EM TESTE,90.0,"{""price"": 1.31976, ""score"": 90.0, ""status"": ""🟢 FVG EM TESTE"", ""zone_high"": 1.31985, ""zone_low"": 1.31971}",False,🔴 BLOQUEADO,ADR14 muito esticado (158%),Gate ainda não liberou execução | Risco de evento elevado | ADR14 em 158%: evitar perseguir preço | ICT incompleto (55/100) | Fluxo institucional incompleto (49/100) | M15 ainda não confirmou gatilho,True,M15,1.0,SOURCE_EQUALS_EXECUTION,,,,,,
0154abcb405e12fb1cb4e34e,0154abcb405e12fb1cb4e34e,USD/CAD,BUY,fvg,SOURCE_MODEL_EXPLICIT,BLOCKED_CONTEXT,,2026-10-01T23:19:22.788950+00:00,,,,,,,2.0,,,,,,,,,89.0,91.0,89.9,🟢 CONFIRMA,🟡 ALINHADO,🔴 SEM GATILHO,52.2,62.3,B,69.0,119.73169368362385,ALTO,1.6854348,1.6854348,True,100.0,TENDÊNCIA ALTISTA,TENDÊNCIA ALTISTA,,False,"Candidato observado, mas não qualificado para simulação pelo contexto global.",2026-10-01T23:21:12.268358+00:00,2026-10-01T23:21:12.268358+00:00,ATLASQUANT_MODEL_PAPER_V1,49d1b45508e7ff124ad1dc7e,0154abcb405e12fb1cb4e34e,FVG,M15,2026-10-01T23:19:22.788950+00:00,🟢 FVG EM TESTE,90.0,"{""price"": 1.42225, ""score"": 90.0, ""status"": ""🟢 FVG EM TESTE"", ""zone_high"": 1.42233, ""zone_low"": 1.42211}",False,🔴 BLOQUEADO,ADR14 muito esticado (120%),Risco de evento elevado | ADR14 em 120%: evitar perseguir preço | ICT incompleto (52/100) | Fluxo institucional incompleto (62/100) | M15 ainda não confirmou gatilho,True,M15,1.0,SOURCE_EQUALS_EXECUTION,,,,,,
37d1ab3b625c2843b3dd0511,37d1ab3b625c2843b3dd0511,EUR/USD,SELL,amd-po3,SOURCE_MODEL_EXPLICIT,BLOCKED_CONTEXT,,2026-10-02T00:31:03.874083+00:00,,,,,,,2.0,,,,,,,,,91.0,70.0,82.5,🟢 CONFIRMA,🟡 ALINHADO,🟢 GATILHO,69.5,58.0,WAIT,52.0,284.8130427077791,ALTO,2.7024960833333336,2.7024960833333336,True,100.0,TENDÊNCIA BAIXISTA,COMPRESSÃO,Asian Range,False,"Candidato observado, mas não qualificado para simulação pelo contexto global.",2026-10-02T00:33:49.089700+00:00,2026-10-02T00:33:49.089700+00:00,ATLASQUANT_MODEL_PAPER_V1,61b02ec271406039d78c52b1,37d1ab3b625c2843b3dd0511,AMD,M15,2026-10-02T00:31:03.874083+00:00,🟢 AMD / PO3 EM DISTRIBUIÇÃO,100.0,"{""acc_high"": 1.12475, ""acc_low"": 1.12379, ""manipulation_side"": ""BSL"", ""phase"": ""DISTRIBUIÇÃO"", ""score"": 100.0, ""status"": ""🟢 AMD / PO3 EM DISTRIBUIÇÃO"", ""target"": 1.12379}",False,🔴 BLOQUEADO,ADR14 muito esticado (285%),Gate ainda não liberou execução | Risco de evento elevado | ADR14 em 285%: evitar perseguir preço | ICT incompleto (70/100) | Fluxo institucional incompleto (58/100),True,M15,1.0,SOURCE_EQUALS_EXECUTION,,,,,,
43919072e2eba62cd2e8af8d,43919072e2eba62cd2e8af8d,USD/CAD,BUY,bos-choch-ob,SOURCE_MODEL_EXPLICIT,BLOCKED_CONTEXT,,2026-10-02T01:22:30.190089+00:00,,,,,,,2.0,,,,,,,,,89.0,91.0,89.9,🟢 CONFIRMA,🔴 CONTRA,🔴 SEM GATILHO,39.5,71.2,B,69.0,119.73169368362385,ALTO,1.4771463833333334,1.4771463833333334,True,100.0,TENDÊNCIA ALTISTA,TENDÊNCIA ALTISTA,Asian Range,False,"Candidato observado, mas não qualificado para simulação pelo contexto global.",2026-10-02T01:24:06.788131+00:00,2026-10-02T01:24:06.788131+00:00,ATLASQUANT_MODEL_PAPER_V1,9be659e6c6b1c04e1f7cdd32,43919072e2eba62cd2e8af8d,BOS_CHOCH_OB,M15,2026-10-02T01:22:30.190089+00:00,BOS + 🟡 ORDER BLOCK ATIVO,68.0,"{""break_time"": ""2026-10-02T00:30:00+00:00"", ""invalidated"": false, ""mitigation_depth_pct"": 0.0, ""order_block_side"": ""BUY"", ""order_block_status"": ""🟡 ORDER BLOCK ATIVO"", ""origin_time"": ""2026-10-02T00:15:00+00:00"", ""structure_event"": ""BOS"", ""structure_level"": 1.42277, ""structure_side"": ""BUY"", ""structure_status"": ""🟢 BOS CONFIRMADO"", ""zone_high"": 1.42247, ""zone_low"": 1.42223}",False,🔴 BLOQUEADO,H1 está contra o viés | ADR14 muito esticado (120%),Risco de evento elevado | ADR14 em 120%: evitar perseguir preço | ICT incompleto (40/100) | M15 ainda não confirmou gatilho,True,M15,1.0,SOURCE_EQUALS_EXECUTION,,,,,,
470b6b880d702f14b99d1ce1,470b6b880d702f14b99d1ce1,USD/CHF,BUY,amd-po3,SOURCE_MODEL_EXPLICIT,BLOCKED_CONTEXT,,2026-10-02T01:22:30.190089+00:00,,,,,,,2.0,,,,,,,,,89.0,91.0,89.9,🔴 CONTRA,🔴 CONTRA,🟢 GATILHO,48.8,73.5,B,67.0,242.38151194672824,ALTO,1.45197515,1.45197515,True,100.0,TENDÊNCIA ALTISTA,EXPANSÃO DOS DOIS LADOS,Asian Range,False,"Candidato observado, mas não qualificado para simulação pelo contexto global.",2026-10-02T01:24:06.788131+00:00,2026-10-02T01:24:06.788131+00:00,ATLASQUANT_MODEL_PAPER_V1,f90986245599dc7ba30f200b,470b6b880d702f14b99d1ce1,AMD,M15,2026-10-02T01:22:30.190089+00:00,🟢 AMD / PO3 EM DISTRIBUIÇÃO,100.0,"{""acc_high"": 0.83135, ""acc_low"": 0.83064, ""manipulation_side"": ""SSL"", ""phase"": ""DISTRIBUIÇÃO"", ""score"": 100.0, ""status"": ""🟢 AMD / PO3 EM DISTRIBUIÇÃO"", ""target"": 0.83135}",False,🔴 BLOQUEADO,H4 está contra o viés | H1 está contra o viés | ADR14 muito esticado (242%),Risco de evento elevado | ADR14 em 242%: evitar perseguir preço | ICT incompleto (49/100),True,M15,1.0,SOURCE_EQUALS_EXECUTION,,,,,,
0e31ecf58a1c391fe0b8e5bf,0e31ecf58a1c391fe0b8e5bf,USD/CHF,BUY,bos-choch-ob,SOURCE_MODEL_EXPLICIT,BLOCKED_CONTEXT,,2026-10-02T01:22:30.190089+00:00,,,,,,,2.0,,,,,,,,,89.0,91.0,89.9,🔴 CONTRA,🔴 CONTRA,🟢 GATILHO,48.8,73.5,B,67.0,242.38151194672824,ALTO,1.45197515,1.45197515,True,100.0,TENDÊNCIA ALTISTA,EXPANSÃO DOS DOIS LADOS,Asian Range,False,"Candidato observado, mas não qualificado para simulação pelo contexto global.",2026-10-02T01:24:06.788131+00:00,2026-10-02T01:24:06.788131+00:00,ATLASQUANT_MODEL_PAPER_V1,c74f1a643899220ff61c743d,0e31ecf58a1c391fe0b8e5bf,BOS_CHOCH_OB,M15,2026-10-02T01:22:30.190089+00:00,CHOCH + 🟡 ORDER BLOCK ATIVO,68.0,"{""break_time"": ""2026-10-02T00:45:00+00:00"", ""invalidated"": false, ""mitigation_depth_pct"": 0.0, ""order_block_side"": ""BUY"", ""order_block_status"": ""🟡 ORDER BLOCK ATIVO"", ""origin_time"": ""2026-10-01T23:45:00+00:00"", ""structure_event"": ""CHOCH"", ""structure_level"": 0.83132, ""structure_side"": ""BUY"", ""structure_status"": ""🟢 CHOCH CONFIRMADO"", ""zone_high"": 0.83093, ""zone_low"": 0.83054}",False,🔴 BLOQUEADO,H4 está contra o viés | H1 está contra o viés | ADR14 muito esticado (242%),Risco de evento elevado | ADR14 em 242%: evitar perseguir preço | ICT incompleto (49/100),True,M15,1.0,SOURCE_EQUALS_EXECUTION,,,,,,
a45854ad9ce8712bed2270d1,a45854ad9ce8712bed2270d1,USD/JPY,BUY,amd-po3,SOURCE_MODEL_EXPLICIT,BLOCKED_CONTEXT,,2026-10-02T01:22:30.190089+00:00,,,,,,,2.0,,,,,,,,,90.0,84.0,87.2,🟢 CONFIRMA,🟡 ALINHADO,🟢 GATILHO,50.8,67.4,WAIT,37.0,113.48844065909962,ALTO,0.5506094666666667,0.5506094666666667,True,100.0,COMPRESSÃO,TENDÊNCIA BAIXISTA,Asian Range,False,"Candidato observado, mas não qualificado para simulação pelo contexto global.",2026-10-02T01:24:06.788131+00:00,2026-10-02T01:24:06.788131+00:00,ATLASQUANT_MODEL_PAPER_V1,5ee9af90b15fbc4b6d48e394,a45854ad9ce8712bed2270d1,AMD,M15,2026-10-02T01:22:30.190089+00:00,🟢 AMD / PO3 EM DISTRIBUIÇÃO,100.0,"{""acc_high"": 158.15675, ""acc_low"": 158.00165, ""manipulation_side"": ""SSL"", ""phase"": ""DISTRIBUIÇÃO"", ""score"": 100.0, ""status"": ""🟢 AMD / PO3 EM DISTRIBUIÇÃO"", ""target"": 158.15675}",False,⚪ EM OBSERVAÇÃO,,Gate ainda não liberou execução | Risco de evento elevado | ADR14 em 113%: evitar perseguir preço | ICT incompleto (51/100) | Fluxo institucional incompleto (67/100),True,M15,1.0,SOURCE_EQUALS_EXECUTION,,,,,,
b0bae2d1e1a987478436f0ce,b0bae2d1e1a987478436f0ce,USD/JPY,BUY,bos-choch-ob,SOURCE_MODEL_EXPLICIT,BLOCKED_CONTEXT,,2026-10-02T01:22:30.190089+00:00,,,,,,,2.0,,,,,,,,,90.0,84.0,87.2,🟢 CONFIRMA,🟡 ALINHADO,🟢 GATILHO,50.8,67.4,WAIT,37.0,113.48844065909962,ALTO,0.5506094666666667,0.5506094666666667,True,100.0,COMPRESSÃO,TENDÊNCIA BAIXISTA,Asian Range,False,"Candidato observado, mas não qualificado para simulação pelo contexto global.",2026-10-02T01:24:06.788131+00:00,2026-10-02T01:24:06.788131+00:00,ATLASQUANT_MODEL_PAPER_V1,127f6513db0f635f185fc186,b0bae2d1e1a987478436f0ce,BOS_CHOCH_OB,M15,2026-10-02T01:22:30.190089+00:00,CHOCH + 🟡 ORDER BLOCK ATIVO,68.0,"{""break_time"": ""2026-10-02T00:45:00+00:00"", ""invalidated"": false, ""mitigation_depth_pct"": 0.0, ""order_block_side"": ""BUY"", ""order_block_status"": ""🟡 ORDER BLOCK ATIVO"", ""origin_time"": ""2026-10-02T00:00:00+00:00"", ""structure_event"": ""CHOCH"", ""structure_level"": 158.1179, ""structure_side"": ""BUY"", ""structure_status"": ""🟢 CHOCH CONFIRMADO"", ""zone_high"": 157.95258, ""zone_low"": 157.79947}",False,⚪ EM OBSERVAÇÃO,,Gate ainda não liberou execução | Risco de evento elevado | ADR14 em 113%: evitar perseguir preço | ICT incompleto (51/100) | Fluxo institucional incompleto (67/100),True,M15,1.0,SOURCE_EQUALS_EXECUTION,,,,,,
bce850b00725210f25681ec9,bce850b00725210f25681ec9,USD/CAD,BUY,crt,SOURCE_MODEL_EXPLICIT,BLOCKED_CONTEXT,,2026-10-02T02:22:12.330630+00:00,,,,,,,2.0,,,,,,,,,89.0,91.0,89.9,🟢 CONFIRMA,🟡 ALINHADO,🔴 SEM GATILHO,53.8,64.2,B,69.0,119.73169368362385,ALTO,1.625120116666667,1.625120116666667,True,100.0,TENDÊNCIA ALTISTA,TENDÊNCIA ALTISTA,Asian Range,False,"Candidato observado, mas não qualificado para simulação pelo contexto global.",2026-10-02T02:23:58.152756+00:00,2026-10-02T02:23:58.152756+00:00,ATLASQUANT_MODEL_PAPER_V1,2e9261e43d9d27ce8ae96bff,bce850b00725210f25681ec9,CRT,H1,2026-10-02T02:22:12.330630+00:00,🟢 CRT CONFIRMADO,100.0,"{""anchor_high"": 1.42242, ""anchor_low"": 1.42203, ""invalidation"": 1.42198, ""phase"": ""DISTRIBUIÇÃO"", ""raid_side"": ""SSL"", ""score"": 100.0, ""status"": ""🟢 CRT CONFIRMADO"", ""target"": 1.42242}",False,🔴 BLOQUEADO,ADR14 muito esticado (120%),Risco de evento elevado | ADR14 em 120%: evitar perseguir preço | ICT incompleto (54/100) | Fluxo institucional incompleto (64/100) | H1 ainda não confirmou gatilho,True,H1,1.0,SOURCE_EQUALS_EXECUTION,,,,,,
8922c221817fc16c4c095f4f,8922c221817fc16c4c095f4f,USD/CHF,BUY,crt,SOURCE_MODEL_EXPLICIT,BLOCKED_CONTEXT,,2026-10-02T02:22:12.330630+00:00,,,,,,,2.0,,,,,,,,,89.0,91.0,89.9,🔴 CONTRA,🔴 CONTRA,🔴 SEM GATILHO,51.8,69.7,B,69.0,242.38151194672824,ALTO,1.5903238666666666,1.5903238666666666,True,100.0,TENDÊNCIA ALTISTA,EXPANSÃO DOS DOIS LADOS,Asian Range,False,"Candidato observado, mas não qualificado para simulação pelo contexto global.",2026-10-02T02:23:58.152756+00:00,2026-10-02T02:23:58.152756+00:00,ATLASQUANT_MODEL_PAPER_V1,7b8f5d500cbe01cefef4cd82,8922c221817fc16c4c095f4f,CRT,H1,2026-10-02T02:22:12.330630+00:00,🟢 CRT CONFIRMADO,100.0,"{""anchor_high"": 0.83132, ""anchor_low"": 0.83054, ""invalidation"": 0.83044, ""phase"": ""DISTRIBUIÇÃO"", ""raid_side"": ""SSL"", ""score"": 100.0, ""status"": ""🟢 CRT CONFIRMADO"", ""target"": 0.83132}",False,🔴 BLOQUEADO,H4 está contra o viés | H1 está contra o viés | ADR14 muito esticado (242%),Risco de evento elevado | ADR14 em 242%: evitar perseguir preço | ICT incompleto (52/100) | Fluxo institucional incompleto (70/100) | H1 ainda não confirmou gatilho,True,H1,1.0,SOURCE_EQUALS_EXECUTION,,,,,,
2d75fbb55529fcca949eccfb,2d75fbb55529fcca949eccfb,USD/CAD,BUY,crt,SOURCE_MODEL_EXPLICIT,BLOCKED_CONTEXT,,2026-10-02T06:28:06.867995+00:00,,,,,,,2.0,,,,,,,,,89.0,91.0,89.9,🟢 CONFIRMA,🔴 CONTRA,🔴 SEM GATILHO,64.2,61.7,B,69.0,22.70408163264875,ALTO,1.6198802333333333,1.6198802333333333,True,100.0,TENDÊNCIA ALTISTA,TENDÊNCIA ALTISTA,London Killzone,False,"Candidato observado, mas não qualificado para simulação pelo contexto global.",2026-10-02T06:29:52.149088+00:00,2026-10-02T06:29:52.149088+00:00,ATLASQUANT_MODEL_PAPER_V1,46ab9212fe10e2d6f1970e5b,2d75fbb55529fcca949eccfb,CRT,H1,2026-10-02T06:28:06.867995+00:00,🟢 CRT CONFIRMADO,100.0,"{""anchor_high"": 1.42229, ""anchor_low"": 1.42118, ""invalidation"": 1.42112, ""phase"": ""DISTRIBUIÇÃO"", ""raid_side"": ""SSL"", ""score"": 100.0, ""status"": ""🟢 CRT CONFIRMADO"", ""target"": 1.42229}",False,🔴 BLOQUEADO,H1 está contra o viés,Risco de evento elevado | ICT incompleto (64/100) | Fluxo institucional incompleto (62/100) | H1 ainda não confirmou gatilho,True,H1,1.0,SOURCE_EQUALS_EXECUTION,,,,,,
5a691d529f5bdcceea3db0a5,5a691d529f5bdcceea3db0a5,NZD/USD,SELL,ote,SOURCE_MODEL_EXPLICIT,BLOCKED_CONTEXT,,2026-10-02T07:24:39.474218+00:00,,,,,,,2.0,,,,,,,,,84.0,91.0,87.1,🟢 CONFIRMA,🟡 ALINHADO,🔴 SEM GATILHO,57.0,59.3,WAIT,60.0,25.109809663249862,ALTO,1.5484218333333333,1.5484218333333333,True,100.0,TENDÊNCIA BAIXISTA,EQUILÍBRIO / LIQUIDEZ,London Killzone,False,"Candidato observado, mas não qualificado para simulação pelo contexto global.",2026-10-02T07:26:18.494543+00:00,2026-10-02T07:26:18.494543+00:00,ATLASQUANT_MODEL_PAPER_V1,2a87ddd3b97272efd6ca04fd,5a691d529f5bdcceea3db0a5,OTE,H1,2026-10-02T07:24:39.474218+00:00,🟢 DENTRO DO OTE,90.0,"{""price"": 0.56134, ""retracement_pct"": 63.80952380952182, ""score"": 90.0, ""status"": ""🟢 DENTRO DO OTE"", ""sweet_705"": 0.561621, ""swing_high"": 0.56286, ""swing_low"": 0.55866, ""zone_high"": 0.561978, ""zone_low"": 0.561264}",False,⚪ EM OBSERVAÇÃO,,Gate ainda não liberou execução | Risco de evento elevado | ICT incompleto (57/100) | Fluxo institucional incompleto (59/100) | H1 ainda não confirmou gatilho,True,H1,1.0,SOURCE_EQUALS_EXECUTION,,,,,,
6e32f5518d718a56709aaa08,6e32f5518d718a56709aaa08,USD/CAD,BUY,amd-po3,SOURCE_MODEL_EXPLICIT,BLOCKED_CONTEXT,,2026-10-02T07:24:39.474218+00:00,,,,,,,2.0,,,,,,,,,89.0,91.0,89.9,🟢 CONFIRMA,🔴 CONTRA,🔴 SEM GATILHO,48.8,78.3,B,69.0,38.52040816326258,ALTO,1.5215278166666666,1.5215278166666666,True,100.0,TENDÊNCIA ALTISTA,TENDÊNCIA ALTISTA,London Killzone,False,"Candidato observado, mas não qualificado para simulação pelo contexto global.",2026-10-02T07:26:18.494543+00:00,2026-10-02T07:26:18.494543+00:00,ATLASQUANT_MODEL_PAPER_V1,1ef7735bf167d0da298e6377,6e32f5518d718a56709aaa08,AMD,M15,2026-10-02T07:24:39.474218+00:00,🟢 AMD / PO3 EM DISTRIBUIÇÃO,100.0,"{""acc_high"": 1.42201, ""acc_low"": 1.42112, ""manipulation_side"": ""SSL"", ""phase"": ""DISTRIBUIÇÃO"", ""score"": 100.0, ""status"": ""🟢 AMD / PO3 EM DISTRIBUIÇÃO"", ""target"": 1.42201}",False,🔴 BLOQUEADO,H1 está contra o viés,Risco de evento elevado | ICT incompleto (49/100) | M15 ainda não confirmou gatilho,True,M15,1.0,SOURCE_EQUALS_EXECUTION,,,,,,
061a48aaaea435403cf5df44,061a48aaaea435403cf5df44,USD/CAD,BUY,bos-choch-ob,SOURCE_MODEL_EXPLICIT,BLOCKED_CONTEXT,,2026-10-02T07:24:39.474218+00:00,,,,,,,2.0,,,,,,,,,89.0,91.0,89.9,🟢 CONFIRMA,🔴 CONTRA,🔴 SEM GATILHO,48.8,78.3,B,69.0,38.52040816326258,ALTO,1.5215278166666666,1.5215278166666666,True,100.0,TENDÊNCIA ALTISTA,TENDÊNCIA ALTISTA,London Killzone,False,"Candidato observado, mas não qualificado para simulação pelo contexto global.",2026-10-02T07:26:18.494543+00:00,2026-10-02T07:26:18.494543+00:00,ATLASQUANT_MODEL_PAPER_V1,38da6e1aee65ca170813b5c7,061a48aaaea435403cf5df44,BOS_CHOCH_OB,M15,2026-10-02T07:24:39.474218+00:00,CHOCH + 🟡 ORDER BLOCK PARCIALMENTE MITIGADO / ATIVO,70.0,"{""break_time"": ""2026-10-02T06:45:00+00:00"", ""invalidated"": false, ""mitigation_depth_pct"": 1.1, ""order_block_side"": ""BUY"", ""order_block_status"": ""🟡 ORDER BLOCK PARCIALMENTE MITIGADO / ATIVO"", ""origin_time"": ""2026-10-02T06:00:00+00:00"", ""structure_event"": ""CHOCH"", ""structure_level"": 1.4219, ""structure_side"": ""BUY"", ""structure_status"": ""🟢 CHOCH CONFIRMADO"", ""zone_high"": 1.42189, ""zone_low"": 1.42101}",False,🔴 BLOQUEADO,H1 está contra o viés,Risco de evento elevado | ICT incompleto (49/100) | M15 ainda não confirmou gatilho,True,M15,1.0,SOURCE_EQUALS_EXECUTION,,,,,,
f14f05a251c8a279f8810716,f14f05a251c8a279f8810716,USD/JPY,BUY,ote,SOURCE_MODEL_EXPLICIT,BLOCKED_CONTEXT,,2026-10-02T08:25:40.105348+00:00,,,,,,,2.0,,,,,,,,,90.0,84.0,87.2,🟢 CONFIRMA,🔴 CONTRA,🔴 SEM GATILHO,67.5,73.9,WAIT,55.0,45.48164849207872,ALTO,0.6981391666666668,0.6981391666666668,True,100.0,COMPRESSÃO,TENDÊNCIA BAIXISTA,London Killzone,False,"Candidato observado, mas não qualificado para simulação pelo contexto global.",2026-10-02T08:27:25.535774+00:00,2026-10-02T08:27:25.535774+00:00,ATLASQUANT_MODEL_PAPER_V1,6e3b20ed8be778fd293485ca,f14f05a251c8a279f8810716,OTE,H1,2026-10-02T08:25:40.105348+00:00,🟢 DENTRO DO OTE,90.0,"{""price"": 157.5658, ""retracement_pct"": 76.68031008479336, ""score"": 90.0, ""status"": ""🟢 DENTRO DO OTE"", ""sweet_705"": 157.61849765, ""swing_high"": 158.21963, ""swing_low"": 157.36696, ""zone_high"": 157.6909746, ""zone_low"": 157.5460207}",False,🔴 BLOQUEADO,H1 está contra o viés | Contexto D1 não alinha com execução H1 (NEUTRO vs ALTISTA),Gate ainda não liberou execução | Risco de evento elevado | ICT incompleto (68/100) | H1 ainda não confirmou gatilho,True,H1,1.0,SOURCE_EQUALS_EXECUTION,,,,,,
ba4d8635b5137da85e531cdf,ba4d8635b5137da85e531cdf,EUR/USD,SELL,amd-po3,SOURCE_MODEL_EXPLICIT,BLOCKED_CONTEXT,,2026-10-02T09:25:44.760617+00:00,,,,,,,2.0,,,,,,,,,78.0,67.0,73.5,🟢 CONFIRMA,🟢 PULLBACK OK,🔴 SEM GATILHO,57.5,82.1,WAIT,53.0,49.79034011492279,ALTO,1.8100126,1.8100126,True,100.0,TENDÊNCIA BAIXISTA,COMPRESSÃO,,False,"Candidato observado, mas não qualificado para simulação pelo contexto global.",2026-10-02T09:27:37.427879+00:00,2026-10-02T09:27:37.427879+00:00,ATLASQUANT_MODEL_PAPER_V1,dec73596b253fe0ab553a13a,ba4d8635b5137da85e531cdf,AMD,M15,2026-10-02T09:25:44.760617+00:00,🟢 AMD / PO3 EM DISTRIBUIÇÃO,100.0,"{""acc_high"": 1.12643, ""acc_low"": 1.12456, ""manipulation_side"": ""BSL"", ""phase"": ""DISTRIBUIÇÃO"", ""score"": 100.0, ""status"": ""🟢 AMD / PO3 EM DISTRIBUIÇÃO"", ""target"": 1.12456}",False,🟡 DIREÇÃO CONFIRMADA — AGUARDAR EXECUÇÃO,,Gate ainda não liberou execução | Risco de evento elevado | ICT incompleto (58/100) | M15 ainda não confirmou gatilho,True,M15,1.0,SOURCE_EQUALS_EXECUTION,,,,,,
b001629541e767cd50ead8f1,b001629541e767cd50ead8f1,NZD/USD,SELL,ote,SOURCE_MODEL_EXPLICIT,BLOCKED_CONTEXT,,2026-10-02T09:25:44.760617+00:00,,,,,,,2.0,,,,,,,,,74.0,88.0,79.8,🟢 CONFIRMA,🟡 ALINHADO,🔴 SEM GATILHO,57.0,56.5,WAIT,53.0,35.35871156661907,ALTO,1.73642205,1.73642205,True,100.0,TENDÊNCIA BAIXISTA,EQUILÍBRIO / LIQUIDEZ,,False,"Candidato observado, mas não qualificado para simulação pelo contexto global.",2026-10-02T09:27:37.427879+00:00,2026-10-02T09:27:37.427879+00:00,ATLASQUANT_MODEL_PAPER_V1,c3cf11d2bf08d956011ddcf6,b001629541e767cd50ead8f1,OTE,H1,2026-10-02T09:25:44.760617+00:00,🟢 DENTRO DO OTE,90.0,"{""price"": 0.56169, ""retracement_pct"": 78.49740932642479, ""score"": 90.0, ""status"": ""🟢 DENTRO DO OTE"", ""sweet_705"": 0.5613813000000001, ""swing_high"": 0.56252, ""swing_low"": 0.55866, ""zone_high"": 0.5617094, ""zone_low"": 0.5610532}",False,⚪ EM OBSERVAÇÃO,,Gate ainda não liberou execução | Risco de evento elevado | ICT incompleto (57/100) | Fluxo institucional incompleto (56/100) | H1 ainda não confirmou gatilho,True,H1,1.0,SOURCE_EQUALS_EXECUTION,,,,,,
282bb95c889416a3890889eb,282bb95c889416a3890889eb,EUR/USD,SELL,bos-choch-ob,SOURCE_MODEL_EXPLICIT,BLOCKED_CONTEXT,,2026-10-02T10:22:54.168790+00:00,,,,,,,2.0,,,,,,,,,91.0,70.0,82.5,🟢 CONFIRMA,🟢 PULLBACK OK,🟢 GATILHO,39.5,81.8,WAIT,53.0,59.57446808510587,ALTO,1.70607605,1.70607605,True,100.0,TENDÊNCIA BAIXISTA,COMPRESSÃO,,False,"Candidato observado, mas não qualificado para simulação pelo contexto global.",2026-10-02T10:24:39.861459+00:00,2026-10-02T10:24:39.861459+00:00,ATLASQUANT_MODEL_PAPER_V1,78200c9306dc87e534e2e550,282bb95c889416a3890889eb,BOS_CHOCH_OB,M15,2026-10-02T10:22:54.168790+00:00,BOS + 🟡 ORDER BLOCK ATIVO,68.0,"{""break_time"": ""2026-10-02T10:00:00+00:00"", ""invalidated"": false, ""mitigation_depth_pct"": 0.0, ""order_block_side"": ""SELL"", ""order_block_status"": ""🟡 ORDER BLOCK ATIVO"", ""origin_time"": ""2026-10-02T09:45:00+00:00"", ""structure_event"": ""BOS"", ""structure_level"": 1.12463, ""structure_side"": ""SELL"", ""structure_status"": ""🟢 BOS CONFIRMADO"", ""zone_high"": 1.12513, ""zone_low"": 1.12466}",False,🟡 DIREÇÃO CONFIRMADA — AGUARDAR EXECUÇÃO,,Gate ainda não liberou execução | Risco de evento elevado | ICT incompleto (40/100),True,M15,1.0,SOURCE_EQUALS_EXECUTION,,,,,,
e529df6f06645090fbac6c0f,e529df6f06645090fbac6c0f,USD/CHF,BUY,bos-choch-ob,SOURCE_MODEL_EXPLICIT,BLOCKED_CONTEXT,,2026-10-02T11:22:36.943589+00:00,,,,,,,2.0,,,,,,,,,89.0,91.0,89.9,🔴 CONTRA,🔴 CONTRA,🔴 SEM GATILHO,39.5,80.2,B,67.0,84.98811482903626,ALTO,1.5266478,1.5266478,True,100.0,TENDÊNCIA ALTISTA,EXPANSÃO DOS DOIS LADOS,New York AM,False,"Candidato observado, mas não qualificado para simulação pelo contexto global.",2026-10-02T11:24:19.623820+00:00,2026-10-02T11:24:19.623820+00:00,ATLASQUANT_MODEL_PAPER_V1,7e280c92a5ae8d0b4b1d4f35,e529df6f06645090fbac6c0f,BOS_CHOCH_OB,M15,2026-10-02T11:22:36.943589+00:00,CHOCH + 🟡 ORDER BLOCK ATIVO,68.0,"{""break_time"": ""2026-10-02T10:45:00+00:00"", ""invalidated"": false, ""mitigation_depth_pct"": 0.0, ""order_block_side"": ""BUY"", ""order_block_status"": ""🟡 ORDER BLOCK ATIVO"", ""origin_time"": ""2026-10-02T10:30:00+00:00"", ""structure_event"": ""CHOCH"", ""structure_level"": 0.82878, ""structure_side"": ""BUY"", ""structure_status"": ""🟢 CHOCH CONFIRMADO"", ""zone_high"": 0.82825, ""zone_low"": 0.82757}",False,🔴 BLOQUEADO,H4 está contra o viés | H1 está contra o viés,Risco de evento elevado | ICT incompleto (40/100) | M15 ainda não confirmou gatilho,True,M15,1.0,SOURCE_EQUALS_EXECUTION,,,,,,
d15e44e7b71bdf3b8053a741,d15e44e7b71bdf3b8053a741,EUR/USD,SELL,bos-choch-ob,SOURCE_MODEL_EXPLICIT,BLOCKED_CONTEXT,,2026-10-02T12:28:59.424828+00:00,,,,,,,2.0,,,,,,,,,91.0,70.0,82.5,🟢 CONFIRMA,🟢 PULLBACK OK,🟢 GATILHO,39.5,76.5,WAIT,52.0,98.49355489982791,ALTO,1.6834439666666663,1.6834439666666663,True,100.0,TENDÊNCIA BAIXISTA,COMPRESSÃO,New York AM,False,"Candidato observado, mas não qualificado para simulação pelo contexto global.",2026-10-02T12:30:43.865693+00:00,2026-10-02T12:30:43.865693+00:00,ATLASQUANT_MODEL_PAPER_V1,b770cd1f8293431ad7701449,d15e44e7b71bdf3b8053a741,BOS_CHOCH_OB,M15,2026-10-02T12:28:59.424828+00:00,BOS + 🟡 ORDER BLOCK ATIVO,68.0,"{""break_time"": ""2026-10-02T12:00:00+00:00"", ""invalidated"": false, ""mitigation_depth_pct"": 0.0, ""order_block_side"": ""SELL"", ""order_block_status"": ""🟡 ORDER BLOCK ATIVO"", ""origin_time"": ""2026-10-02T11:30:00+00:00"", ""structure_event"": ""BOS"", ""structure_level"": 1.12281, ""structure_side"": ""SELL"", ""structure_status"": ""🟢 BOS CONFIRMADO"", ""zone_high"": 1.12428, ""zone_low"": 1.12367}",False,🟡 DIREÇÃO CONFIRMADA — AGUARDAR EXECUÇÃO,,Gate ainda não liberou execução | Risco de evento elevado | ADR14 em 98%: evitar perseguir preço | ICT incompleto (40/100),True,M15,1.0,SOURCE_EQUALS_EXECUTION,,,,,,
0b690d5b41a58336756e2440,0b690d5b41a58336756e2440,GBP/USD,SELL,ote,SOURCE_MODEL_EXPLICIT,BLOCKED_CONTEXT,,2026-10-02T13:24:42.572903+00:00,,,,,,,2.0,,,,,,,,,78.0,70.0,75.2,🟢 CONFIRMA,🔴 CONTRA,🔴 SEM GATILHO,60.0,77.5,WAIT,37.0,71.18033208907049,ALTO,1.6368639833333334,1.6368639833333334,True,100.0,EXPANSÃO DOS DOIS LADOS,TENDÊNCIA ALTISTA,New York AM,False,"Candidato observado, mas não qualificado para simulação pelo contexto global.",2026-10-02T13:26:22.225114+00:00,2026-10-02T13:26:22.225114+00:00,ATLASQUANT_MODEL_PAPER_V1,9563a0bba055a25fb03531ca,0b690d5b41a58336756e2440,OTE,H1,2026-10-02T13:24:42.572903+00:00,🟢 DENTRO DO OTE,90.0,"{""price"": 1.32334, ""retracement_pct"": 77.2727272727262, ""score"": 90.0, ""status"": ""🟢 DENTRO DO OTE"", ""sweet_705"": 1.322893, ""swing_high"": 1.32484, ""swing_low"": 1.31824, ""zone_high"": 1.3234540000000001, ""zone_low"": 1.322332}",False,🔴 BLOQUEADO,H1 está contra o viés,Gate ainda não liberou execução | Risco de evento elevado | ICT incompleto (60/100) | H1 ainda não confirmou gatilho,True,H1,1.0,SOURCE_EQUALS_EXECUTION,,,,,,
a22228a342457811b52e304c,a22228a342457811b52e304c,USD/CAD,BUY,ote,SOURCE_MODEL_EXPLICIT,BLOCKED_CONTEXT,,2026-10-02T13:24:42.572903+00:00,,,,,,,2.0,,,,,,,,,89.0,91.0,89.9,🟢 CONFIRMA,🔴 CONTRA,🔴 SEM GATILHO,55.5,70.0,B,69.0,91.83673469387266,ALTO,1.5129440333333333,1.5129440333333333,True,100.0,TENDÊNCIA ALTISTA,TENDÊNCIA ALTISTA,New York AM,False,"Candidato observado, mas não qualificado para simulação pelo contexto global.",2026-10-02T13:26:22.225114+00:00,2026-10-02T13:26:22.225114+00:00,ATLASQUANT_MODEL_PAPER_V1,7b1a70737f05a5d19f1ae12d,a22228a342457811b52e304c,OTE,H1,2026-10-02T13:24:42.572903+00:00,🟢 DENTRO DO OTE,90.0,"{""price"": 1.42186, ""retracement_pct"": 76.38888888889342, ""score"": 90.0, ""status"": ""🟢 DENTRO DO OTE"", ""sweet_705"": 1.422072, ""swing_high"": 1.42461, ""swing_low"": 1.42101, ""zone_high"": 1.4223780000000001, ""zone_low"": 1.421766}",False,🔴 BLOQUEADO,H1 está contra o viés,Risco de evento elevado | ADR14 em 92%: espaço reduzido | ICT incompleto (56/100) | H1 ainda não confirmou gatilho,True,H1,1.0,SOURCE_EQUALS_EXECUTION,,,,,,
80ff5b33d55dfb521f8a4012,80ff5b33d55dfb521f8a4012,USD/CHF,BUY,amd-po3,SOURCE_MODEL_EXPLICIT,BLOCKED_CONTEXT,,2026-10-02T14:25:32.123786+00:00,,,,,,,2.0,,,,,,,,,89.0,91.0,89.9,🔴 CONTRA,🔴 CONTRA,🔴 SEM GATILHO,71.8,58.8,B,67.0,177.14390199305015,ALTO,1.6191654,1.6191654,True,100.0,TENDÊNCIA ALTISTA,EXPANSÃO DOS DOIS LADOS,London Close,False,"Candidato observado, mas não qualificado para simulação pelo contexto global.",2026-10-02T14:27:19.813097+00:00,2026-10-02T14:27:19.813097+00:00,ATLASQUANT_MODEL_PAPER_V1,27cf981ccb489fdc2eb9be34,80ff5b33d55dfb521f8a4012,AMD,M15,2026-10-02T14:25:32.123786+00:00,🟢 AMD / PO3 EM DISTRIBUIÇÃO,100.0,"{""acc_high"": 0.82899, ""acc_low"": 0.82589, ""manipulation_side"": ""SSL"", ""phase"": ""DISTRIBUIÇÃO"", ""score"": 100.0, ""status"": ""🟢 AMD / PO3 EM DISTRIBUIÇÃO"", ""target"": 0.82899}",False,🔴 BLOQUEADO,H4 está contra o viés | H1 está contra o viés | ADR14 muito esticado (177%),Risco de evento elevado | ADR14 em 177%: evitar perseguir preço | Fluxo institucional incompleto (59/100) | M15 ainda não confirmou gatilho,True,M15,1.0,SOURCE_EQUALS_EXECUTION,,,,,,
125459f2f71d3b774d26bca2,125459f2f71d3b774d26bca2,USD/CHF,BUY,crt,SOURCE_MODEL_EXPLICIT,BLOCKED_CONTEXT,,2026-10-02T14:25:32.123786+00:00,,,,,,,2.0,,,,,,,,,89.0,91.0,89.9,🔴 CONTRA,🔴 CONTRA,🔴 SEM GATILHO,71.8,58.8,B,67.0,177.14390199305015,ALTO,1.6191654,1.6191654,True,100.0,TENDÊNCIA ALTISTA,EXPANSÃO DOS DOIS LADOS,London Close,False,"Candidato observado, mas não qualificado para simulação pelo contexto global.",2026-10-02T14:27:19.813097+00:00,2026-10-02T14:27:19.813097+00:00,ATLASQUANT_MODEL_PAPER_V1,9f5c56012c1ddcf0ebf5827e,125459f2f71d3b774d26bca2,CRT,H1,2026-10-02T14:25:32.123786+00:00,🟢 CRT CONFIRMADO,100.0,"{""anchor_high"": 0.82899, ""anchor_low"": 0.82618, ""invalidation"": 0.82308, ""phase"": ""DISTRIBUIÇÃO"", ""raid_side"": ""SSL"", ""score"": 100.0, ""status"": ""🟢 CRT CONFIRMADO"", ""target"": 0.82899}",False,🔴 BLOQUEADO,H4 está contra o viés | H1 está contra o viés | ADR14 muito esticado (177%),Risco de evento elevado | ADR14 em 177%: evitar perseguir preço | Fluxo institucional incompleto (59/100) | H1 ainda não confirmou gatilho,True,H1,1.0,SOURCE_EQUALS_EXECUTION,,,,,,
f0c8bed94bf4b0c8282a04b9,f0c8bed94bf4b0c8282a04b9,EUR/USD,SELL,ote,SOURCE_MODEL_EXPLICIT,BLOCKED_CONTEXT,,2026-10-02T15:24:51.125944+00:00,,,,,,,2.0,,,,,,,,,91.0,70.0,82.5,🟢 CONFIRMA,🔴 CONTRA,🔴 SEM GATILHO,46.5,63.1,WAIT,60.0,139.80431744059555,ALTO,1.55386325,1.55386325,True,100.0,TENDÊNCIA BAIXISTA,COMPRESSÃO,London Close,False,"Candidato observado, mas não qualificado para simulação pelo contexto global.",2026-10-02T15:26:27.880791+00:00,2026-10-02T15:26:27.880791+00:00,ATLASQUANT_MODEL_PAPER_V1,1cfe486378d050cd61a144e6,f0c8bed94bf4b0c8282a04b9,OTE,H1,2026-10-02T15:24:51.125944+00:00,🟢 DENTRO DO OTE,90.0,"{""price"": 1.12794, ""retracement_pct"": 64.71910112359441, ""score"": 90.0, ""status"": ""🟢 DENTRO DO OTE"", ""sweet_705"": 1.1284545000000001, ""swing_high"": 1.13108, ""swing_low"": 1.12218, ""zone_high"": 1.129211, ""zone_low"": 1.127698}",False,🔴 BLOQUEADO,H1 está contra o viés | ADR14 muito esticado (140%),Gate ainda não liberou execução | Risco de evento elevado | ADR14 em 140%: evitar perseguir preço | ICT incompleto (46/100) | Fluxo institucional incompleto (63/100) | H1 ainda não confirmou gatilho,True,H1,1.0,SOURCE_EQUALS_EXECUTION,,,,,,
4f25440d05051207278643af,4f25440d05051207278643af,USD/JPY,BUY,bos-choch-ob,SOURCE_MODEL_EXPLICIT,BLOCKED_CONTEXT,,2026-10-02T15:24:51.125944+00:00,,,,,,,2.0,,,,,,,,,90.0,84.0,87.2,🟢 CONFIRMA,🔴 CONTRA,🔴 SEM GATILHO,47.0,75.1,WAIT,55.0,99.14522416299002,ALTO,0.5511972666666666,0.5511972666666666,True,100.0,COMPRESSÃO,TENDÊNCIA BAIXISTA,London Close,False,"Candidato observado, mas não qualificado para simulação pelo contexto global.",2026-10-02T15:26:27.880791+00:00,2026-10-02T15:26:27.880791+00:00,ATLASQUANT_MODEL_PAPER_V1,c367bc58dc1d96145bac9b8b,4f25440d05051207278643af,BOS_CHOCH_OB,M15,2026-10-02T15:24:51.125944+00:00,CHOCH + 🟡 ORDER BLOCK ATIVO,68.0,"{""break_time"": ""2026-10-02T14:45:00+00:00"", ""invalidated"": false, ""mitigation_depth_pct"": 0.0, ""order_block_side"": ""BUY"", ""order_block_status"": ""🟡 ORDER BLOCK ATIVO"", ""origin_time"": ""2026-10-02T14:30:00+00:00"", ""structure_event"": ""CHOCH"", ""structure_level"": 157.65035, ""structure_side"": ""BUY"", ""structure_status"": ""🟢 CHOCH CONFIRMADO"", ""zone_high"": 157.57801, ""zone_low"": 157.42728}",False,🔴 BLOQUEADO,H1 está contra o viés,Gate ainda não liberou execução | Risco de evento elevado | ADR14 em 99%: evitar perseguir preço | ICT incompleto (47/100) | M15 ainda não confirmou gatilho,True,M15,1.0,SOURCE_EQUALS_EXECUTION,,,,,,
88f2995c580e01e1cef0515c,88f2995c580e01e1cef0515c,EUR/USD,SELL,ote,SOURCE_MODEL_EXPLICIT,BLOCKED_CONTEXT,,2026-10-02T19:22:47.184945+00:00,,,,,,,2.0,,,,,,,,,91.0,70.0,82.5,🟢 CONFIRMA,🟢 PULLBACK OK,🟡 AGUARDAR GATILHO,53.2,57.4,WAIT,60.0,139.80431744059555,ALTO,0.9293806833333332,0.86305545,True,100.0,TENDÊNCIA BAIXISTA,COMPRESSÃO,New York PM,False,"Candidato observado, mas não qualificado para simulação pelo contexto global.",2026-10-02T19:23:42.947786+00:00,2026-10-02T19:23:42.947786+00:00,ATLASQUANT_MODEL_PAPER_V1,3220b83cdea44218dbf3d9e5,88f2995c580e01e1cef0515c,OTE,H1,2026-10-02T19:22:47.184945+00:00,🟢 DENTRO DO OTE,90.0,"{""price"": 1.12509, ""retracement_pct"": 62.3126338329764, ""score"": 90.0, ""status"": ""🟢 DENTRO DO OTE"", ""sweet_705"": 1.12547235, ""swing_high"": 1.12685, ""swing_low"": 1.12218, ""zone_high"": 1.1258693, ""zone_low"": 1.1250753999999998}",False,🔴 BLOQUEADO,ADR14 muito esticado (140%),Gate ainda não liberou execução | Risco de evento elevado | ADR14 em 140%: evitar perseguir preço | ICT incompleto (53/100) | Fluxo institucional incompleto (57/100),True,H1,1.0,SOURCE_EQUALS_EXECUTION,,,,,,
4ad18f6a77e5861d744753b7,4ad18f6a77e5861d744753b7,USD/CAD,BUY,bos-choch-ob,SOURCE_MODEL_EXPLICIT,BLOCKED_CONTEXT,,2026-10-04T21:13:08.930801+00:00,,,,,,,2.0,,,,,,,,,89.0,91.0,89.9,🟢 CONFIRMA,🟢 PULLBACK OK,🟡 AGUARDAR GATILHO,39.5,55.7,B,70.0,131.97257712683296,ELEVADO,2.535681633333333,2.535681633333333,True,100.0,TENDÊNCIA ALTISTA,TENDÊNCIA ALTISTA,,False,"Candidato observado, mas não qualificado para simulação pelo contexto global.",2026-10-04T21:15:48.388211+00:00,2026-10-04T21:15:48.388211+00:00,ATLASQUANT_MODEL_PAPER_V1,dff9ac7904ca20a3fe64972d,4ad18f6a77e5861d744753b7,BOS_CHOCH_OB,M15,2026-10-04T21:13:08.930801+00:00,CHOCH + 🟢 ORDER BLOCK EM MITIGAÇÃO,92.0,"{""break_time"": ""2026-10-04T18:15:00+00:00"", ""invalidated"": false, ""mitigation_depth_pct"": 100.0, ""order_block_side"": ""BUY"", ""order_block_status"": ""🟢 ORDER BLOCK EM MITIGAÇÃO"", ""origin_time"": ""2026-10-04T18:00:00+00:00"", ""structure_event"": ""CHOCH"", ""structure_level"": 1.42522, ""structure_side"": ""BUY"", ""structure_status"": ""🟢 CHOCH CONFIRMADO"", ""zone_high"": 1.42555, ""zone_low"": 1.42406}",False,🔴 BLOQUEADO,ADR14 muito esticado (132%),Risco de evento elevado | ADR14 em 132%: evitar perseguir preço | ICT incompleto (40/100) | Fluxo institucional incompleto (56/100) | M15 ainda não confirmou gatilho,True,M15,1.0,SOURCE_EQUALS_EXECUTION,,,,,,
56ee68ca6515af452d370649,56ee68ca6515af452d370649,USD/CHF,BUY,bos-choch-ob,SOURCE_MODEL_EXPLICIT,BLOCKED_CONTEXT,,2026-10-04T21:13:08.930801+00:00,,,,,,,2.0,,,,,,,,,89.0,91.0,89.9,🔴 CONTRA,🔴 CONTRA,🔴 SEM GATILHO,24.0,59.5,B,70.0,93.98701742398346,ELEVADO,2.508723733333333,2.508723733333333,True,100.0,TENDÊNCIA ALTISTA,EXPANSÃO DOS DOIS LADOS,,False,"Candidato observado, mas não qualificado para simulação pelo contexto global.",2026-10-04T21:15:48.388211+00:00,2026-10-04T21:15:48.388211+00:00,ATLASQUANT_MODEL_PAPER_V1,e52a5de58e8a1d3d049d04ed,56ee68ca6515af452d370649,BOS_CHOCH_OB,M15,2026-10-04T21:13:08.930801+00:00,BOS + 🟢 ORDER BLOCK EM MITIGAÇÃO,92.0,"{""break_time"": ""2026-10-04T18:15:00+00:00"", ""invalidated"": false, ""mitigation_depth_pct"": 100.0, ""order_block_side"": ""BUY"", ""order_block_status"": ""🟢 ORDER BLOCK EM MITIGAÇÃO"", ""origin_time"": ""2026-10-04T18:00:00+00:00"", ""structure_event"": ""BOS"", ""structure_level"": 0.82996, ""structure_side"": ""BUY"", ""structure_status"": ""🟢 BOS CONFIRMADO"", ""zone_high"": 0.82934, ""zone_low"": 0.82848}",False,🔴 BLOQUEADO,H4 está contra o viés | H1 está contra o viés,Risco de evento elevado | ADR14 em 94%: espaço reduzido | ICT incompleto (24/100) | Fluxo institucional incompleto (60/100) | M15 ainda não confirmou gatilho,True,M15,1.0,SOURCE_EQUALS_EXECUTION,,,,,,
f349f988b2f4ffad872f1285,f349f988b2f4ffad872f1285,EUR/USD,SELL,ote,SOURCE_MODEL_EXPLICIT,BLOCKED_CONTEXT,,2026-10-04T23:19:54.804427+00:00,,,,,,,2.0,,,,,,,,,91.0,70.0,82.5,🟢 CONFIRMA,🔴 CONTRA,🔴 SEM GATILHO,48.0,50.1,WAIT,53.0,67.37746186879912,ELEVADO,1.70468955,1.70468955,True,100.0,TENDÊNCIA BAIXISTA,COMPRESSÃO,,False,"Candidato observado, mas não qualificado para simulação pelo contexto global.",2026-10-04T23:21:40.589796+00:00,2026-10-04T23:21:40.589796+00:00,ATLASQUANT_MODEL_PAPER_V1,45479352c6e8331c860c39cb,f349f988b2f4ffad872f1285,OTE,H1,2026-10-04T23:19:54.804427+00:00,🟢 DENTRO DO OTE,90.0,"{""price"": 1.12603, ""retracement_pct"": 64.30769230769732, ""score"": 90.0, ""status"": ""🟢 DENTRO DO OTE"", ""sweet_705"": 1.12623125, ""swing_high"": 1.12719, ""swing_low"": 1.12394, ""zone_high"": 1.1265075, ""zone_low"": 1.1259549999999998}",False,🔴 BLOQUEADO,H1 está contra o viés,Gate ainda não liberou execução | Risco de evento elevado | ICT incompleto (48/100) | Fluxo institucional incompleto (50/100) | H1 ainda não confirmou gatilho,True,H1,1.0,SOURCE_EQUALS_EXECUTION,,,,,,
e152f5e2fd53def574249dea,e152f5e2fd53def574249dea,GBP/USD,SELL,ote,SOURCE_MODEL_EXPLICIT,BLOCKED_CONTEXT,,2026-10-04T23:19:54.804427+00:00,,,,,,,2.0,,,,,,,,,78.0,70.0,75.2,🔴 CONTRA,🔴 CONTRA,🔴 SEM GATILHO,71.5,56.5,WAIT,48.0,61.52888446215235,ELEVADO,1.7374644833333333,1.7374644833333333,True,100.0,TENDÊNCIA BAIXISTA,TENDÊNCIA ALTISTA,,False,"Candidato observado, mas não qualificado para simulação pelo contexto global.",2026-10-04T23:21:40.589796+00:00,2026-10-04T23:21:40.589796+00:00,ATLASQUANT_MODEL_PAPER_V1,0629f89769ecfa36a4597fe5,e152f5e2fd53def574249dea,OTE,H1,2026-10-04T23:19:54.804427+00:00,🟢 DENTRO DO OTE,100.0,"{""price"": 1.32481, ""retracement_pct"": 70.25495750708257, ""score"": 100.0, ""status"": ""🟢 DENTRO DO OTE"", ""sweet_705"": 1.32481865, ""swing_high"": 1.32586, ""swing_low"": 1.32233, ""zone_high"": 1.3251187, ""zone_low"": 1.3245186}",False,🔴 BLOQUEADO,H4 está contra o viés | H1 está contra o viés,Gate ainda não liberou execução | Risco de evento elevado | Fluxo institucional incompleto (56/100) | H1 ainda não confirmou gatilho,True,H1,1.0,SOURCE_EQUALS_EXECUTION,,,,,,
1a3a4baccd984c2d3cf0f0ab,1a3a4baccd984c2d3cf0f0ab,NZD/USD,SELL,amd-po3,SOURCE_MODEL_EXPLICIT,BLOCKED_CONTEXT,,2026-10-05T00:32:52.331724+00:00,,,,,,,2.0,,,,,,,,,84.0,91.0,87.1,🟢 CONFIRMA,🔴 CONTRA,🔴 SEM GATILHO,50.8,53.1,B,69.0,32.91536050156646,ALTO,2.7258860833333336,2.7258860833333336,True,100.0,TENDÊNCIA BAIXISTA,EQUILÍBRIO / LIQUIDEZ,Asian Range,False,"Candidato observado, mas não qualificado para simulação pelo contexto global.",2026-10-05T00:35:41.823579+00:00,2026-10-05T00:35:41.823579+00:00,ATLASQUANT_MODEL_PAPER_V1,d4a4b93e10a7b4623e18d57c,1a3a4baccd984c2d3cf0f0ab,AMD,M15,2026-10-05T00:32:52.331724+00:00,🟢 AMD / PO3 EM DISTRIBUIÇÃO,100.0,"{""acc_high"": 0.56201, ""acc_low"": 0.56101, ""manipulation_side"": ""BSL"", ""phase"": ""DISTRIBUIÇÃO"", ""score"": 100.0, ""status"": ""🟢 AMD / PO3 EM DISTRIBUIÇÃO"", ""target"": 0.56101}",False,🔴 BLOQUEADO,H1 está contra o viés,Risco de evento elevado | ICT incompleto (51/100) | Fluxo institucional incompleto (53/100) | M15 ainda não confirmou gatilho,True,M15,1.0,SOURCE_EQUALS_EXECUTION,,,,,,
fa2cce34e761e430ae2a4e3f,fa2cce34e761e430ae2a4e3f,USD/CHF,BUY,amd-po3,SOURCE_MODEL_EXPLICIT,BLOCKED_CONTEXT,,2026-10-05T01:22:33.548684+00:00,,,,,,,2.0,,,,,,,,,89.0,91.0,89.9,🔴 CONTRA,🔴 CONTRA,🔴 SEM GATILHO,43.5,61.2,B,69.0,93.98701742398346,ALTO,1.38571435,1.38571435,True,100.0,TENDÊNCIA ALTISTA,EXPANSÃO DOS DOIS LADOS,Asian Range,False,"Candidato observado, mas não qualificado para simulação pelo contexto global.",2026-10-05T01:24:05.912627+00:00,2026-10-05T01:24:05.912627+00:00,ATLASQUANT_MODEL_PAPER_V1,98f0bc3a5a272b1aef9ca812,fa2cce34e761e430ae2a4e3f,AMD,M15,2026-10-05T01:22:33.548684+00:00,🟢 AMD / PO3 EM DISTRIBUIÇÃO,100.0,"{""acc_high"": 0.82912, ""acc_low"": 0.82806, ""manipulation_side"": ""SSL"", ""phase"": ""DISTRIBUIÇÃO"", ""score"": 100.0, ""status"": ""🟢 AMD / PO3 EM DISTRIBUIÇÃO"", ""target"": 0.82912}",False,🔴 BLOQUEADO,H4 está contra o viés | H1 está contra o viés,Risco de evento elevado | ADR14 em 94%: espaço reduzido | ICT incompleto (44/100) | Fluxo institucional incompleto (61/100) | M15 ainda não confirmou gatilho,True,M15,1.0,SOURCE_EQUALS_EXECUTION,,,,,,
0e9ced0c60670ad1f44e193a,0e9ced0c60670ad1f44e193a,NZD/USD,SELL,bos-choch-ob,SOURCE_MODEL_EXPLICIT,BLOCKED_CONTEXT,,2026-10-05T02:23:11.791977+00:00,,,,,,,2.0,,,,,,,,,84.0,91.0,87.1,🟢 CONFIRMA,🟢 PULLBACK OK,🟡 AGUARDAR GATILHO,39.5,63.1,B,67.0,40.7175200278636,ALTO,1.728697266666667,1.728697266666667,True,100.0,TENDÊNCIA BAIXISTA,EQUILÍBRIO / LIQUIDEZ,Asian Range,False,"Candidato observado, mas não qualificado para simulação pelo contexto global.",2026-10-05T02:25:01.770660+00:00,2026-10-05T02:25:01.770660+00:00,ATLASQUANT_MODEL_PAPER_V1,de99790985c6f2a8b1d96d6c,0e9ced0c60670ad1f44e193a,BOS_CHOCH_OB,M15,2026-10-05T02:23:11.791977+00:00,BOS + 🟡 ORDER BLOCK ATIVO,68.0,"{""break_time"": ""2026-10-05T01:30:00+00:00"", ""invalidated"": false, ""mitigation_depth_pct"": 0.0, ""order_block_side"": ""SELL"", ""order_block_status"": ""🟡 ORDER BLOCK ATIVO"", ""origin_time"": ""2026-10-05T00:30:00+00:00"", ""structure_event"": ""BOS"", ""structure_level"": 0.56101, ""structure_side"": ""SELL"", ""structure_status"": ""🟢 BOS CONFIRMADO"", ""zone_high"": 0.5615, ""zone_low"": 0.56128}",False,🟡 DIREÇÃO CONFIRMADA — AGUARDAR EXECUÇÃO,,Risco de evento elevado | ICT incompleto (40/100) | Fluxo institucional incompleto (63/100) | M15 ainda não confirmou gatilho,True,M15,1.0,SOURCE_EQUALS_EXECUTION,,,,,,
e00414ca610d9bc22be66046,e00414ca610d9bc22be66046,USD/CAD,BUY,bos-choch-ob,SOURCE_MODEL_EXPLICIT,BLOCKED_CONTEXT,,2026-10-05T02:23:11.791977+00:00,,,,,,,2.0,,,,,,,,,89.0,91.0,89.9,🟢 CONFIRMA,🟢 PULLBACK OK,🟢 GATILHO,51.8,71.0,B,69.0,135.02648800249577,ALTO,1.692574,1.692574,True,100.0,TENDÊNCIA ALTISTA,TENDÊNCIA ALTISTA,Asian Range,False,"Candidato observado, mas não qualificado para simulação pelo contexto global.",2026-10-05T02:25:01.770660+00:00,2026-10-05T02:25:01.770660+00:00,ATLASQUANT_MODEL_PAPER_V1,a94ffd9ec71f2ab871241c5d,e00414ca610d9bc22be66046,BOS_CHOCH_OB,M15,2026-10-05T02:23:11.791977+00:00,BOS + 🟡 ORDER BLOCK ATIVO,68.0,"{""break_time"": ""2026-10-05T01:45:00+00:00"", ""invalidated"": false, ""mitigation_depth_pct"": 0.0, ""order_block_side"": ""BUY"", ""order_block_status"": ""🟡 ORDER BLOCK ATIVO"", ""origin_time"": ""2026-10-05T01:15:00+00:00"", ""structure_event"": ""BOS"", ""structure_level"": 1.42618, ""structure_side"": ""BUY"", ""structure_status"": ""🟢 BOS CONFIRMADO"", ""zone_high"": 1.42612, ""zone_low"": 1.42587}",False,🔴 BLOQUEADO,ADR14 muito esticado (135%),Risco de evento elevado | ADR14 em 135%: evitar perseguir preço | ICT incompleto (52/100),True,M15,1.0,SOURCE_EQUALS_EXECUTION,,,,,,
fb71cfb622b8fb2ab9afecff,fb71cfb622b8fb2ab9afecff,USD/CAD,BUY,crt,SOURCE_MODEL_EXPLICIT,BLOCKED_CONTEXT,,2026-10-05T02:23:11.791977+00:00,,,,,,,2.0,,,,,,,,,89.0,91.0,89.9,🟢 CONFIRMA,🟢 PULLBACK OK,🟢 GATILHO,51.8,71.0,B,69.0,135.02648800249577,ALTO,1.692574,1.692574,True,100.0,TENDÊNCIA ALTISTA,TENDÊNCIA ALTISTA,Asian Range,False,"Candidato observado, mas não qualificado para simulação pelo contexto global.",2026-10-05T02:25:01.770660+00:00,2026-10-05T02:25:01.770660+00:00,ATLASQUANT_MODEL_PAPER_V1,22f3dd8b6b004b4c03bf9569,fb71cfb622b8fb2ab9afecff,CRT,H1,2026-10-05T02:23:11.791977+00:00,🟢 CRT CONFIRMADO,100.0,"{""anchor_high"": 1.42559, ""anchor_low"": 1.42507, ""invalidation"": 1.42489, ""phase"": ""DISTRIBUIÇÃO"", ""raid_side"": ""SSL"", ""score"": 100.0, ""status"": ""🟢 CRT CONFIRMADO"", ""target"": 1.42559}",False,🔴 BLOQUEADO,ADR14 muito esticado (135%),Risco de evento elevado | ADR14 em 135%: evitar perseguir preço | ICT incompleto (52/100),True,H1,1.0,SOURCE_EQUALS_EXECUTION,,,,,,
0f87966ce247fedd027109b8,0f87966ce247fedd027109b8,USD/CHF,BUY,crt,SOURCE_MODEL_EXPLICIT,BLOCKED_CONTEXT,,2026-10-05T02:23:11.791977+00:00,,,,,,,2.0,,,,,,,,,89.0,91.0,89.9,🔴 CONTRA,🔴 CONTRA,🟢 GATILHO,51.8,75.3,B,69.0,93.98701742398346,ALTO,1.6622021333333334,1.6622021333333334,True,100.0,TENDÊNCIA ALTISTA,EXPANSÃO DOS DOIS LADOS,Asian Range,False,"Candidato observado, mas não qualificado para simulação pelo contexto global.",2026-10-05T02:25:01.770660+00:00,2026-10-05T02:25:01.770660+00:00,ATLASQUANT_MODEL_PAPER_V1,7062798a291fd4d72195f621,0f87966ce247fedd027109b8,CRT,H1,2026-10-05T02:23:11.791977+00:00,🟢 CRT CONFIRMADO,100.0,"{""anchor_high"": 0.82834, ""anchor_low"": 0.82795, ""invalidation"": 0.82785, ""phase"": ""DISTRIBUIÇÃO"", ""raid_side"": ""SSL"", ""score"": 100.0, ""status"": ""🟢 CRT CONFIRMADO"", ""target"": 0.82834}",False,🔴 BLOQUEADO,H4 está contra o viés | H1 está contra o viés,Risco de evento elevado | ADR14 em 94%: espaço reduzido | ICT incompleto (52/100) | H1 ainda não confirmou gatilho,True,H1,1.0,SOURCE_EQUALS_EXECUTION,,,,,,
38242d99dd3c727132296dbc,38242d99dd3c727132296dbc,USD/JPY,BUY,amd-po3,SOURCE_MODEL_EXPLICIT,BLOCKED_CONTEXT,,2026-10-05T02:23:11.791977+00:00,,,,,,,2.0,,,,,,,,,90.0,84.0,87.2,🟡 PARCIAL,🔴 CONTRA,🔴 SEM GATILHO,60.8,67.1,WAIT,37.0,67.27838166289776,ALTO,0.7664381833333334,0.7664381833333334,True,100.0,EXPANSÃO DOS DOIS LADOS,TENDÊNCIA BAIXISTA,Asian Range,False,"Candidato observado, mas não qualificado para simulação pelo contexto global.",2026-10-05T02:25:01.770660+00:00,2026-10-05T02:25:01.770660+00:00,ATLASQUANT_MODEL_PAPER_V1,715f31d2b806eb24989fcc0e,38242d99dd3c727132296dbc,AMD,M15,2026-10-05T02:23:11.791977+00:00,🟢 AMD / PO3 EM DISTRIBUIÇÃO,100.0,"{""acc_high"": 157.84503, ""acc_low"": 157.61945, ""manipulation_side"": ""SSL"", ""phase"": ""DISTRIBUIÇÃO"", ""score"": 100.0, ""status"": ""🟢 AMD / PO3 EM DISTRIBUIÇÃO"", ""target"": 157.84503}",False,🔴 BLOQUEADO,H1 está contra o viés,Gate ainda não liberou execução | Risco de evento elevado | ICT incompleto (61/100) | Fluxo institucional incompleto (67/100) | M15 ainda não confirmou gatilho,True,M15,1.0,SOURCE_EQUALS_EXECUTION,,,,,,
7db0a6801cf722f5493508a3,7db0a6801cf722f5493508a3,USD/JPY,BUY,amd-po3,SOURCE_MODEL_EXPLICIT,BLOCKED_CONTEXT,,2026-10-05T03:24:59.127047+00:00,,,,,,,2.0,,,,,,,,,90.0,84.0,87.2,🟡 PARCIAL,🔴 CONTRA,🟡 AGUARDAR GATILHO,48.8,75.6,WAIT,37.0,67.27838166289776,ALTO,0.7550683666666667,0.7550683666666667,True,100.0,EXPANSÃO DOS DOIS LADOS,TENDÊNCIA BAIXISTA,Asian Range,False,"Candidato observado, mas não qualificado para simulação pelo contexto global.",2026-10-05T03:26:48.342027+00:00,2026-10-05T03:26:48.342027+00:00,ATLASQUANT_MODEL_PAPER_V1,9c20f6fa2b1ce7f9ef31712f,7db0a6801cf722f5493508a3,AMD,M15,2026-10-05T03:24:59.127047+00:00,🟢 AMD / PO3 EM DISTRIBUIÇÃO,100.0,"{""acc_high"": 157.8257, ""acc_low"": 157.60549, ""manipulation_side"": ""SSL"", ""phase"": ""DISTRIBUIÇÃO"", ""score"": 100.0, ""status"": ""🟢 AMD / PO3 EM DISTRIBUIÇÃO"", ""target"": 157.8257}",False,🔴 BLOQUEADO,H1 está contra o viés,Gate ainda não liberou execução | Risco de evento elevado | ICT incompleto (49/100) | M15 ainda não confirmou gatilho,True,M15,1.0,SOURCE_EQUALS_EXECUTION,,,,,,
ab98cbd4e70e5bb6e5722f79,ab98cbd4e70e5bb6e5722f79,EUR/USD,SELL,fvg,SOURCE_MODEL_EXPLICIT,BLOCKED_CONTEXT,,2026-10-05T05:53:06.220294+00:00,,,,,,,2.0,,,,,,,,,91.0,70.0,82.5,🟢 CONFIRMA,🟢 PULLBACK OK,🔴 SEM GATILHO,43.2,46.5,WAIT,45.0,58.63984386728454,ALTO,1.6256028333333332,1.6256028333333332,True,100.0,TENDÊNCIA BAIXISTA,COMPRESSÃO,,False,"Candidato observado, mas não qualificado para simulação pelo contexto global.",2026-10-05T05:54:46.748860+00:00,2026-10-05T05:54:46.748860+00:00,ATLASQUANT_MODEL_PAPER_V1,2ded7c8676f90dc7ca0d6fb1,ab98cbd4e70e5bb6e5722f79,FVG,M15,2026-10-05T05:53:06.220294+00:00,🟢 FVG EM TESTE,90.0,"{""price"": 1.11891, ""score"": 90.0, ""status"": ""🟢 FVG EM TESTE"", ""zone_high"": 1.12047, ""zone_low"": 1.11832}",False,🟡 DIREÇÃO CONFIRMADA — AGUARDAR EXECUÇÃO,,Gate ainda não liberou execução | Risco de evento elevado | ICT incompleto (43/100) | Fluxo institucional incompleto (46/100) | M15 ainda não confirmou gatilho,True,M15,1.0,SOURCE_EQUALS_EXECUTION,,,,,,
16a1a52ac60055e59db4c82e,16a1a52ac60055e59db4c82e,GBP/USD,SELL,fvg,SOURCE_MODEL_EXPLICIT,BLOCKED_CONTEXT,,2026-10-05T05:53:06.220294+00:00,,,,,,,2.0,,,,,,,,,78.0,70.0,75.2,🟢 CONFIRMA,🟢 PULLBACK OK,🟡 AGUARDAR GATILHO,43.2,47.7,WAIT,30.0,34.01737378824123,ALTO,1.6539702666666665,1.6539702666666665,True,100.0,TENDÊNCIA BAIXISTA,TENDÊNCIA ALTISTA,,False,"Candidato observado, mas não qualificado para simulação pelo contexto global.",2026-10-05T05:54:46.748860+00:00,2026-10-05T05:54:46.748860+00:00,ATLASQUANT_MODEL_PAPER_V1,7e290fe67c69809364ffd114,16a1a52ac60055e59db4c82e,FVG,M15,2026-10-05T05:53:06.220294+00:00,🟢 FVG EM TESTE,90.0,"{""price"": 1.32053, ""score"": 90.0, ""status"": ""🟢 FVG EM TESTE"", ""zone_high"": 1.32192, ""zone_low"": 1.32032}",False,🟡 DIREÇÃO CONFIRMADA — AGUARDAR EXECUÇÃO,,Gate ainda não liberou execução | Risco de evento elevado | ICT incompleto (43/100) | Fluxo institucional incompleto (48/100) | M15 ainda não confirmou gatilho,True,M15,1.0,SOURCE_EQUALS_EXECUTION,,,,,,
5eedc07e28fa7d4091feebed,5eedc07e28fa7d4091feebed,USD/CAD,BUY,fvg,SOURCE_MODEL_EXPLICIT,BLOCKED_CONTEXT,,2026-10-05T05:53:06.220294+00:00,,,,,,,2.0,,,,,,,,,89.0,91.0,89.9,🟢 CONFIRMA,🟢 PULLBACK OK,🔴 SEM GATILHO,43.2,46.2,B,69.0,31.236055332442,ALTO,1.5417819166666669,1.5417819166666669,True,100.0,TENDÊNCIA ALTISTA,TENDÊNCIA ALTISTA,,False,"Candidato observado, mas não qualificado para simulação pelo contexto global.",2026-10-05T05:54:46.748860+00:00,2026-10-05T05:54:46.748860+00:00,ATLASQUANT_MODEL_PAPER_V1,ce06c76ef710aa182d647c03,5eedc07e28fa7d4091feebed,FVG,M15,2026-10-05T05:53:06.220294+00:00,🟢 FVG EM TESTE,90.0,"{""price"": 1.42807, ""score"": 90.0, ""status"": ""🟢 FVG EM TESTE"", ""zone_high"": 1.42841, ""zone_low"": 1.42753}",False,🟡 DIREÇÃO CONFIRMADA — AGUARDAR EXECUÇÃO,,Risco de evento elevado | ICT incompleto (43/100) | Fluxo institucional incompleto (46/100) | M15 ainda não confirmou gatilho,True,M15,1.0,SOURCE_EQUALS_EXECUTION,,,,,,
b447285a1e96c314079bba7b,b447285a1e96c314079bba7b,EUR/USD,SELL,fvg,SOURCE_MODEL_EXPLICIT,BLOCKED_CONTEXT,,2026-10-05T07:02:01.896081+00:00,,,,,,,2.0,,,,,,,,,91.0,70.0,82.5,🟢 CONFIRMA,🟢 PULLBACK OK,🔴 SEM GATILHO,52.2,52.0,WAIT,52.0,81.12895961567354,ALTO,1.62019745,1.62019745,True,100.0,TENDÊNCIA BAIXISTA,COMPRESSÃO,London Killzone,False,"Candidato observado, mas não qualificado para simulação pelo contexto global.",2026-10-05T07:03:42.285503+00:00,2026-10-05T07:03:42.285503+00:00,ATLASQUANT_MODEL_PAPER_V1,a86f7e24625f4978efbfcd08,b447285a1e96c314079bba7b,FVG,M15,2026-10-05T07:02:01.896081+00:00,🟢 FVG EM TESTE,90.0,"{""price"": 1.11902, ""score"": 90.0, ""status"": ""🟢 FVG EM TESTE"", ""zone_high"": 1.11918, ""zone_low"": 1.11887}",False,🟡 DIREÇÃO CONFIRMADA — AGUARDAR EXECUÇÃO,,Gate ainda não liberou execução | Risco de evento elevado | ICT incompleto (52/100) | Fluxo institucional incompleto (52/100) | M15 ainda não confirmou gatilho,True,M15,1.0,SOURCE_EQUALS_EXECUTION,,,,,,
f45e396ce0bc9ff482867bc0,f45e396ce0bc9ff482867bc0,NZD/USD,SELL,fvg,SOURCE_MODEL_EXPLICIT,BLOCKED_CONTEXT,,2026-10-05T07:02:01.896081+00:00,,,,,,,2.0,,,,,,,,,84.0,91.0,87.1,🟢 CONFIRMA,🟢 PULLBACK OK,🔴 SEM GATILHO,52.2,44.1,B,67.0,23.604346197077827,ALTO,1.5705184666666667,1.5705184666666667,True,100.0,TENDÊNCIA BAIXISTA,EQUILÍBRIO / LIQUIDEZ,London Killzone,False,"Candidato observado, mas não qualificado para simulação pelo contexto global.",2026-10-05T07:03:42.285503+00:00,2026-10-05T07:03:42.285503+00:00,ATLASQUANT_MODEL_PAPER_V1,89ea15cabe045b1b0ec4408f,f45e396ce0bc9ff482867bc0,FVG,M15,2026-10-05T07:02:01.896081+00:00,🟢 FVG EM TESTE,90.0,"{""price"": 0.55947, ""score"": 90.0, ""status"": ""🟢 FVG EM TESTE"", ""zone_high"": 0.55982, ""zone_low"": 0.55928}",False,🟡 DIREÇÃO CONFIRMADA — AGUARDAR EXECUÇÃO,,Risco de evento elevado | ICT incompleto (52/100) | Fluxo institucional incompleto (44/100) | M15 ainda não confirmou gatilho,True,M15,1.0,SOURCE_EQUALS_EXECUTION,,,,,,
4c310c6b7368786fbf65dfd7,4c310c6b7368786fbf65dfd7,USD/JPY,BUY,ote,SOURCE_MODEL_EXPLICIT,BLOCKED_CONTEXT,,2026-10-05T07:02:01.896081+00:00,,,,,,,2.0,,,,,,,,,90.0,84.0,87.2,🟢 CONFIRMA,🔴 CONTRA,🔴 SEM GATILHO,49.0,63.3,WAIT,37.0,51.00016519986989,ALTO,0.6101217666666667,0.6101217666666667,True,100.0,EXPANSÃO DOS DOIS LADOS,TENDÊNCIA BAIXISTA,London Killzone,False,"Candidato observado, mas não qualificado para simulação pelo contexto global.",2026-10-05T07:03:42.285503+00:00,2026-10-05T07:03:42.285503+00:00,ATLASQUANT_MODEL_PAPER_V1,4b3e24bf8d0e97710f0a31e1,4c310c6b7368786fbf65dfd7,OTE,H1,2026-10-05T07:02:01.896081+00:00,🟢 DENTRO DO OTE,100.0,"{""price"": 157.66614, ""retracement_pct"": 68.56189559060648, ""score"": 100.0, ""status"": ""🟢 DENTRO DO OTE"", ""sweet_705"": 157.65185055, ""swing_high"": 158.17164, ""swing_low"": 157.43435, ""zone_high"": 157.71452019999998, ""zone_low"": 157.5891809}",False,🔴 BLOQUEADO,H1 está contra o viés | Contexto D1 não alinha com execução H1 (NEUTRO vs ALTISTA),Gate ainda não liberou execução | Risco de evento elevado | ICT incompleto (49/100) | Fluxo institucional incompleto (63/100) | H1 ainda não confirmou gatilho,True,H1,1.0,SOURCE_EQUALS_EXECUTION,,,,,,
5d2d86c71b709b82f7fc6954,5d2d86c71b709b82f7fc6954,USD/CHF,BUY,ote,SOURCE_MODEL_EXPLICIT,BLOCKED_CONTEXT,,2026-10-05T08:52:57.059266+00:00,,,,,,,2.0,,,,,,,,,89.0,91.0,89.9,🔴 CONTRA,🔴 CONTRA,🔴 SEM GATILHO,58.0,63.5,B,69.0,68.33898305084738,ALTO,1.7503695666666668,1.7503695666666668,True,100.0,TENDÊNCIA ALTISTA,EXPANSÃO DOS DOIS LADOS,London Killzone,False,"Candidato observado, mas não qualificado para simulação pelo contexto global.",2026-10-05T08:54:53.127868+00:00,2026-10-05T08:54:53.127868+00:00,ATLASQUANT_MODEL_PAPER_V1,ead50c24bba7ba0e4d858b14,5d2d86c71b709b82f7fc6954,OTE,H1,2026-10-05T08:52:57.059266+00:00,🟢 DENTRO DO OTE,100.0,"{""price"": 0.82902, ""retracement_pct"": 66.92913385826944, ""score"": 100.0, ""status"": ""🟢 DENTRO DO OTE"", ""sweet_705"": 0.82888395, ""swing_high"": 0.83157, ""swing_low"": 0.82776, ""zone_high"": 0.8292078, ""zone_low"": 0.8285601}",False,🔴 BLOQUEADO,H4 está contra o viés | H1 está contra o viés,Risco de evento elevado | ICT incompleto (58/100) | Fluxo institucional incompleto (64/100) | H1 ainda não confirmou gatilho,True,H1,1.0,SOURCE_EQUALS_EXECUTION,,,,,,
24a44588ec769b2b2ef533a8,24a44588ec769b2b2ef533a8,USD/JPY,BUY,amd-po3,SOURCE_MODEL_EXPLICIT,BLOCKED_CONTEXT,,2026-10-05T09:53:30.459777+00:00,,,,,,,2.0,,,,,,,,,90.0,84.0,87.2,🟡 PARCIAL,🔴 CONTRA,🟡 AGUARDAR GATILHO,78.5,53.1,WAIT,38.0,59.0317028435564,ALTO,0.9964683666666668,0.9964683666666668,True,100.0,EXPANSÃO DOS DOIS LADOS,TENDÊNCIA BAIXISTA,,False,"Candidato observado, mas não qualificado para simulação pelo contexto global.",2026-10-05T09:55:34.275847+00:00,2026-10-05T09:55:34.275847+00:00,ATLASQUANT_MODEL_PAPER_V1,d330a435618f1a9a5f5a0ef8,24a44588ec769b2b2ef533a8,AMD,M15,2026-10-05T09:53:30.459777+00:00,🟢 AMD / PO3 EM DISTRIBUIÇÃO,100.0,"{""acc_high"": 158.0525, ""acc_low"": 157.65207, ""manipulation_side"": ""SSL"", ""phase"": ""DISTRIBUIÇÃO"", ""score"": 100.0, ""status"": ""🟢 AMD / PO3 EM DISTRIBUIÇÃO"", ""target"": 158.0525}",False,🔴 BLOQUEADO,H1 está contra o viés,Gate ainda não liberou execução | Risco de evento elevado | Fluxo institucional incompleto (53/100) | M15 ainda não confirmou gatilho,True,M15,1.0,SOURCE_EQUALS_EXECUTION,,,,,,
1bfd7d46ede835ef5e558115,1bfd7d46ede835ef5e558115,USD/JPY,BUY,crt,SOURCE_MODEL_EXPLICIT,BLOCKED_CONTEXT,,2026-10-05T09:53:30.459777+00:00,,,,,,,2.0,,,,,,,,,90.0,84.0,87.2,🟡 PARCIAL,🔴 CONTRA,🟡 AGUARDAR GATILHO,78.5,53.1,WAIT,38.0,59.0317028435564,ALTO,0.9964683666666668,0.9964683666666668,True,100.0,EXPANSÃO DOS DOIS LADOS,TENDÊNCIA BAIXISTA,,False,"Candidato observado, mas não qualificado para simulação pelo contexto global.",2026-10-05T09:55:34.275847+00:00,2026-10-05T09:55:34.275847+00:00,ATLASQUANT_MODEL_PAPER_V1,daaa5d4ddd73d06098481fb7,1bfd7d46ede835ef5e558115,CRT,H1,2026-10-05T09:53:30.459777+00:00,🟢 CRT CONFIRMADO,100.0,"{""anchor_high"": 157.84942, ""anchor_low"": 157.65564, ""invalidation"": 157.60517, ""phase"": ""DISTRIBUIÇÃO"", ""raid_side"": ""SSL"", ""score"": 100.0, ""status"": ""🟢 CRT CONFIRMADO"", ""target"": 157.84942}",False,🔴 BLOQUEADO,H1 está contra o viés | Contexto D1 não alinha com execução H1 (NEUTRO vs ALTISTA),Gate ainda não liberou execução | Risco de evento elevado | Fluxo institucional incompleto (53/100) | H1 ainda não confirmou gatilho,True,H1,1.0,SOURCE_EQUALS_EXECUTION,,,,,,
3c98fa98a84c7b8a9931505b,3c98fa98a84c7b8a9931505b,NZD/USD,SELL,amd-po3,SOURCE_MODEL_EXPLICIT,BLOCKED_CONTEXT,,2026-10-05T10:52:24.930338+00:00,,,,,,,2.0,,,,,,,,,84.0,91.0,87.1,🟢 CONFIRMA,🟢 PULLBACK OK,🟡 AGUARDAR GATILHO,69.5,61.8,WAIT,60.0,38.02922442862652,ALTO,1.7386389666666666,1.7386389666666666,True,100.0,TENDÊNCIA BAIXISTA,EQUILÍBRIO / LIQUIDEZ,,False,"Candidato observado, mas não qualificado para simulação pelo contexto global.",2026-10-05T10:54:16.776051+00:00,2026-10-05T10:54:16.776051+00:00,ATLASQUANT_MODEL_PAPER_V1,c39c20ca0bfdbb2a298a6128,3c98fa98a84c7b8a9931505b,AMD,M15,2026-10-05T10:52:24.930338+00:00,🟢 AMD / PO3 EM DISTRIBUIÇÃO,100.0,"{""acc_high"": 0.56013, ""acc_low"": 0.55891, ""manipulation_side"": ""BSL"", ""phase"": ""DISTRIBUIÇÃO"", ""score"": 100.0, ""status"": ""🟢 AMD / PO3 EM DISTRIBUIÇÃO"", ""target"": 0.55891}",False,🟡 DIREÇÃO CONFIRMADA — AGUARDAR EXECUÇÃO,,Gate ainda não liberou execução | Risco de evento elevado | ICT incompleto (70/100) | Fluxo institucional incompleto (62/100) | M15 ainda não confirmou gatilho,True,M15,1.0,SOURCE_EQUALS_EXECUTION,,,,,,
bd6a020462444964b35f3227,bd6a020462444964b35f3227,USD/JPY,BUY,crt,SOURCE_MODEL_EXPLICIT,BLOCKED_CONTEXT,,2026-10-05T10:52:24.930338+00:00,,,,,,,2.0,,,,,,,,,90.0,84.0,87.2,🟡 PARCIAL,🟢 PULLBACK OK,🟡 AGUARDAR GATILHO,60.5,57.3,WAIT,30.0,59.0317028435564,ALTO,0.7987987166666667,0.7987987166666667,True,100.0,EXPANSÃO DOS DOIS LADOS,TENDÊNCIA BAIXISTA,,False,"Candidato observado, mas não qualificado para simulação pelo contexto global.",2026-10-05T10:54:16.776051+00:00,2026-10-05T10:54:16.776051+00:00,ATLASQUANT_MODEL_PAPER_V1,8713488524e41851e955c545,bd6a020462444964b35f3227,CRT,H1,2026-10-05T10:52:24.930338+00:00,🟢 CRT CONFIRMADO,100.0,"{""anchor_high"": 157.78413, ""anchor_low"": 157.60517, ""invalidation"": 157.57438, ""phase"": ""DISTRIBUIÇÃO"", ""raid_side"": ""SSL"", ""score"": 100.0, ""status"": ""🟢 CRT CONFIRMADO"", ""target"": 157.78413}",False,🔴 BLOQUEADO,Contexto D1 não alinha com execução H1 (NEUTRO vs ALTISTA),Gate ainda não liberou execução | Risco de evento elevado | ICT incompleto (60/100) | Fluxo institucional incompleto (57/100),True,H1,1.0,SOURCE_EQUALS_EXECUTION,,,,,,
dc434947fd2481ae47a2e6bb,dc434947fd2481ae47a2e6bb,EUR/USD,SELL,crt,SOURCE_MODEL_EXPLICIT,BLOCKED_CONTEXT,,2026-10-05T11:52:35.052972+00:00,,,,,,,2.0,,,,,,,,,91.0,70.0,82.5,🟢 CONFIRMA,🟢 PULLBACK OK,🔴 SEM GATILHO,53.8,56.0,WAIT,52.0,126.10719111244218,ALTO,1.6664985833333332,1.6664985833333332,True,100.0,TENDÊNCIA BAIXISTA,COMPRESSÃO,New York AM,False,"Candidato observado, mas não qualificado para simulação pelo contexto global.",2026-10-05T11:54:18.465864+00:00,2026-10-05T11:54:18.465864+00:00,ATLASQUANT_MODEL_PAPER_V1,af967945045b5eaaaf940481,dc434947fd2481ae47a2e6bb,CRT,H1,2026-10-05T11:52:35.052972+00:00,🟢 CRT CONFIRMADO,100.0,"{""anchor_high"": 1.12183, ""anchor_low"": 1.11957, ""invalidation"": 1.12217, ""phase"": ""DISTRIBUIÇÃO"", ""raid_side"": ""BSL"", ""score"": 100.0, ""status"": ""🟢 CRT CONFIRMADO"", ""target"": 1.11957}",False,🔴 BLOQUEADO,ADR14 muito esticado (126%),Gate ainda não liberou execução | Risco de evento elevado | ADR14 em 126%: evitar perseguir preço | ICT incompleto (54/100) | Fluxo institucional incompleto (56/100),True,H1,1.0,SOURCE_EQUALS_EXECUTION,,,,,,
093400a0fb7c31a426156592,093400a0fb7c31a426156592,GBP/USD,SELL,bos-choch-ob,SOURCE_MODEL_EXPLICIT,BLOCKED_CONTEXT,,2026-10-05T11:52:35.052972+00:00,,,,,,,2.0,,,,,,,,,78.0,70.0,75.2,🟢 CONFIRMA,🟢 PULLBACK OK,🔴 SEM GATILHO,39.5,79.2,WAIT,37.0,83.72151580007669,ALTO,1.696615,1.696615,True,100.0,TENDÊNCIA BAIXISTA,TENDÊNCIA ALTISTA,New York AM,False,"Candidato observado, mas não qualificado para simulação pelo contexto global.",2026-10-05T11:54:18.465864+00:00,2026-10-05T11:54:18.465864+00:00,ATLASQUANT_MODEL_PAPER_V1,fa32dbcf0489c2d2fe425881,093400a0fb7c31a426156592,BOS_CHOCH_OB,M15,2026-10-05T11:52:35.052972+00:00,CHOCH + 🟡 ORDER BLOCK ATIVO,68.0,"{""break_time"": ""2026-10-05T11:30:00+00:00"", ""invalidated"": false, ""mitigation_depth_pct"": 0.0, ""order_block_side"": ""SELL"", ""order_block_status"": ""🟡 ORDER BLOCK ATIVO"", ""origin_time"": ""2026-10-05T11:15:00+00:00"", ""structure_event"": ""CHOCH"", ""structure_level"": 1.32184, ""structure_side"": ""SELL"", ""structure_status"": ""🟢 CHOCH CONFIRMADO"", ""zone_high"": 1.32292, ""zone_low"": 1.32202}",False,🟡 DIREÇÃO CONFIRMADA — AGUARDAR EXECUÇÃO,,Gate ainda não liberou execução | Risco de evento elevado | ICT incompleto (40/100) | M15 ainda não confirmou gatilho,True,M15,1.0,SOURCE_EQUALS_EXECUTION,,,,,,
c817839a4841900a440e9606,c817839a4841900a440e9606,NZD/USD,SELL,crt,SOURCE_MODEL_EXPLICIT,BLOCKED_CONTEXT,,2026-10-05T11:52:35.052972+00:00,,,,,,,2.0,,,,,,,,,84.0,91.0,87.1,🟢 CONFIRMA,🟢 PULLBACK OK,🟡 AGUARDAR GATILHO,60.5,53.9,B,67.0,38.02922442862652,ALTO,1.6124733666666666,1.6124733666666666,True,100.0,TENDÊNCIA BAIXISTA,EQUILÍBRIO / LIQUIDEZ,New York AM,False,"Candidato observado, mas não qualificado para simulação pelo contexto global.",2026-10-05T11:54:18.465864+00:00,2026-10-05T11:54:18.465864+00:00,ATLASQUANT_MODEL_PAPER_V1,ce4c1fe16fae124b2fbb86c5,c817839a4841900a440e9606,CRT,H1,2026-10-05T11:52:35.052972+00:00,🟢 CRT CONFIRMADO,100.0,"{""anchor_high"": 0.56013, ""anchor_low"": 0.55945, ""invalidation"": 0.5602, ""phase"": ""DISTRIBUIÇÃO"", ""raid_side"": ""BSL"", ""score"": 100.0, ""status"": ""🟢 CRT CONFIRMADO"", ""target"": 0.55945}",False,🟡 DIREÇÃO CONFIRMADA — AGUARDAR EXECUÇÃO,,Risco de evento elevado | ICT incompleto (60/100) | Fluxo institucional incompleto (54/100),True,H1,1.0,SOURCE_EQUALS_EXECUTION,,,,,,
ee3b54439592391b33b49c1f,ee3b54439592391b33b49c1f,USD/CAD,BUY,crt,SOURCE_MODEL_EXPLICIT,BLOCKED_CONTEXT,,2026-10-05T11:52:35.052972+00:00,,,,,,,2.0,,,,,,,,,89.0,91.0,89.9,🟢 CONFIRMA,🔴 CONTRA,🔴 SEM GATILHO,60.5,53.8,B,69.0,115.78164509891415,ALTO,1.5829774166666666,1.5829774166666666,True,100.0,TENDÊNCIA ALTISTA,TENDÊNCIA ALTISTA,New York AM,False,"Candidato observado, mas não qualificado para simulação pelo contexto global.",2026-10-05T11:54:18.465864+00:00,2026-10-05T11:54:18.465864+00:00,ATLASQUANT_MODEL_PAPER_V1,bffdca65bff895678a3af962,ee3b54439592391b33b49c1f,CRT,H1,2026-10-05T11:52:35.052972+00:00,🟢 CRT CONFIRMADO,100.0,"{""anchor_high"": 1.42616, ""anchor_low"": 1.42432, ""invalidation"": 1.42385, ""phase"": ""DISTRIBUIÇÃO"", ""raid_side"": ""SSL"", ""score"": 100.0, ""status"": ""🟢 CRT CONFIRMADO"", ""target"": 1.42616}",False,🔴 BLOQUEADO,H1 está contra o viés | ADR14 muito esticado (116%),Risco de evento elevado | ADR14 em 116%: evitar perseguir preço | ICT incompleto (60/100) | Fluxo institucional incompleto (54/100) | H1 ainda não confirmou gatilho,True,H1,1.0,SOURCE_EQUALS_EXECUTION,,,,,,
4c554234862bc2320b1ae464,4c554234862bc2320b1ae464,USD/JPY,BUY,bos-choch-ob,SOURCE_MODEL_EXPLICIT,BLOCKED_CONTEXT,,2026-10-05T11:52:35.052972+00:00,,,,,,,2.0,,,,,,,,,90.0,84.0,87.2,🟡 PARCIAL,🟢 PULLBACK OK,🟢 GATILHO,39.5,64.7,WAIT,37.0,69.83760993910266,ALTO,0.6600184833333334,0.6600184833333334,True,100.0,EXPANSÃO DOS DOIS LADOS,TENDÊNCIA BAIXISTA,New York AM,False,"Candidato observado, mas não qualificado para simulação pelo contexto global.",2026-10-05T11:54:18.465864+00:00,2026-10-05T11:54:18.465864+00:00,ATLASQUANT_MODEL_PAPER_V1,e39758288601c20c6aac9536,4c554234862bc2320b1ae464,BOS_CHOCH_OB,M15,2026-10-05T11:52:35.052972+00:00,BOS + 🟡 ORDER BLOCK ATIVO,68.0,"{""break_time"": ""2026-10-05T11:15:00+00:00"", ""invalidated"": false, ""mitigation_depth_pct"": 0.0, ""order_block_side"": ""BUY"", ""order_block_status"": ""🟡 ORDER BLOCK ATIVO"", ""origin_time"": ""2026-10-05T10:45:00+00:00"", ""structure_event"": ""BOS"", ""structure_level"": 157.98394, ""structure_side"": ""BUY"", ""structure_status"": ""🟢 BOS CONFIRMADO"", ""zone_high"": 157.98354, ""zone_low"": 157.89107}",False,⚪ EM OBSERVAÇÃO,,Gate ainda não liberou execução | Risco de evento elevado | ICT incompleto (40/100) | Fluxo institucional incompleto (65/100),True,M15,1.0,SOURCE_EQUALS_EXECUTION,,,,,,
bd6600df5c2696a1bdad99ad,bd6600df5c2696a1bdad99ad,GBP/USD,SELL,bos-choch-ob,SOURCE_MODEL_EXPLICIT,BLOCKED_CONTEXT,,2026-10-05T13:54:55.297786+00:00,,,,,,,2.0,,,,,,,,,78.0,70.0,75.2,🟢 CONFIRMA,🟢 PULLBACK OK,🟢 GATILHO,60.5,74.4,WAIT,37.0,83.72151580007669,ALTO,1.8866605333333333,1.8866605333333333,True,100.0,TENDÊNCIA BAIXISTA,TENDÊNCIA ALTISTA,New York AM,False,"Candidato observado, mas não qualificado para simulação pelo contexto global.",2026-10-05T13:56:50.233569+00:00,2026-10-05T13:56:50.233569+00:00,ATLASQUANT_MODEL_PAPER_V1,54f49ae0204449146801ecf5,bd6600df5c2696a1bdad99ad,BOS_CHOCH_OB,M15,2026-10-05T13:54:55.297786+00:00,BOS + 🟡 ORDER BLOCK PARCIALMENTE MITIGADO / ATIVO,70.0,"{""break_time"": ""2026-10-05T13:00:00+00:00"", ""invalidated"": false, ""mitigation_depth_pct"": 11.6, ""order_block_side"": ""SELL"", ""order_block_status"": ""🟡 ORDER BLOCK PARCIALMENTE MITIGADO / ATIVO"", ""origin_time"": ""2026-10-05T12:45:00+00:00"", ""structure_event"": ""BOS"", ""structure_level"": 1.32158, ""structure_side"": ""SELL"", ""structure_status"": ""🟢 BOS CONFIRMADO"", ""zone_high"": 1.32204, ""zone_low"": 1.32135}",False,🟡 DIREÇÃO CONFIRMADA — AGUARDAR EXECUÇÃO,,Gate ainda não liberou execução | Risco de evento elevado | ICT incompleto (60/100),True,M15,1.0,SOURCE_EQUALS_EXECUTION,,,,,,
771fdb758a47378e6e9ca2ea,771fdb758a47378e6e9ca2ea,GBP/USD,SELL,crt,SOURCE_MODEL_EXPLICIT,BLOCKED_CONTEXT,,2026-10-05T13:54:55.297786+00:00,,,,,,,2.0,,,,,,,,,78.0,70.0,75.2,🟢 CONFIRMA,🟢 PULLBACK OK,🟢 GATILHO,60.5,74.4,WAIT,37.0,83.72151580007669,ALTO,1.8866605333333333,1.8866605333333333,True,100.0,TENDÊNCIA BAIXISTA,TENDÊNCIA ALTISTA,New York AM,False,"Candidato observado, mas não qualificado para simulação pelo contexto global.",2026-10-05T13:56:50.233569+00:00,2026-10-05T13:56:50.233569+00:00,ATLASQUANT_MODEL_PAPER_V1,45269cd819a01667c38733f6,771fdb758a47378e6e9ca2ea,CRT,H1,2026-10-05T13:54:55.297786+00:00,🟢 CRT CONFIRMADO,100.0,"{""anchor_high"": 1.32287, ""anchor_low"": 1.32207, ""invalidation"": 1.3231, ""phase"": ""DISTRIBUIÇÃO"", ""raid_side"": ""BSL"", ""score"": 100.0, ""status"": ""🟢 CRT CONFIRMADO"", ""target"": 1.32207}",False,🟡 DIREÇÃO CONFIRMADA — AGUARDAR EXECUÇÃO,,Gate ainda não liberou execução | Risco de evento elevado | ICT incompleto (60/100),True,H1,1.0,SOURCE_EQUALS_EXECUTION,,,,,,
3ad9e0d34c7d02921421a532,3ad9e0d34c7d02921421a532,NZD/USD,SELL,crt,SOURCE_MODEL_EXPLICIT,BLOCKED_CONTEXT,,2026-10-05T13:54:55.297786+00:00,,,,,,,2.0,,,,,,,,,84.0,91.0,87.1,🟢 CONFIRMA,🟢 PULLBACK OK,🟡 AGUARDAR GATILHO,60.5,59.1,B,67.0,53.76545522667647,ALTO,1.7805093833333332,1.7805093833333332,True,100.0,TENDÊNCIA BAIXISTA,EQUILÍBRIO / LIQUIDEZ,New York AM,False,"Candidato observado, mas não qualificado para simulação pelo contexto global.",2026-10-05T13:56:50.233569+00:00,2026-10-05T13:56:50.233569+00:00,ATLASQUANT_MODEL_PAPER_V1,ca4bf5d060e479ca4087a5d4,3ad9e0d34c7d02921421a532,CRT,H1,2026-10-05T13:54:55.297786+00:00,🟢 CRT CONFIRMADO,100.0,"{""anchor_high"": 0.55965, ""anchor_low"": 0.55911, ""invalidation"": 0.55968, ""phase"": ""DISTRIBUIÇÃO"", ""raid_side"": ""BSL"", ""score"": 100.0, ""status"": ""🟢 CRT CONFIRMADO"", ""target"": 0.55911}",False,🟡 DIREÇÃO CONFIRMADA — AGUARDAR EXECUÇÃO,,Risco de evento elevado | ICT incompleto (60/100) | Fluxo institucional incompleto (59/100),True,H1,1.0,SOURCE_EQUALS_EXECUTION,,,,,,
ee361488cdd214db09d46772,ee361488cdd214db09d46772,USD/JPY,BUY,crt,SOURCE_MODEL_EXPLICIT,BLOCKED_CONTEXT,,2026-10-05T13:54:55.297786+00:00,,,,,,,2.0,,,,,,,,,90.0,84.0,87.2,🟢 CONFIRMA,🟢 PULLBACK OK,🔴 SEM GATILHO,60.5,45.7,WAIT,37.0,71.49610368339415,ALTO,0.8422105999999999,0.8422105999999999,True,100.0,EXPANSÃO DOS DOIS LADOS,TENDÊNCIA BAIXISTA,New York AM,False,"Candidato observado, mas não qualificado para simulação pelo contexto global.",2026-10-05T13:56:50.233569+00:00,2026-10-05T13:56:50.233569+00:00,ATLASQUANT_MODEL_PAPER_V1,d7abf016910063bc708132ff,ee361488cdd214db09d46772,CRT,H1,2026-10-05T13:54:55.297786+00:00,🟢 CRT CONFIRMADO,100.0,"{""anchor_high"": 157.98394, ""anchor_low"": 157.89107, ""invalidation"": 157.85256, ""phase"": ""DISTRIBUIÇÃO"", ""raid_side"": ""SSL"", ""score"": 100.0, ""status"": ""🟢 CRT CONFIRMADO"", ""target"": 157.98394}",False,🔴 BLOQUEADO,Contexto D1 não alinha com execução H1 (NEUTRO vs ALTISTA),Gate ainda não liberou execução | Risco de evento elevado | ICT incompleto (60/100) | Fluxo institucional incompleto (46/100),True,H1,1.0,SOURCE_EQUALS_EXECUTION,,,,,,
6fb6d7a7326492715029bf22,6fb6d7a7326492715029bf22,EUR/USD,SELL,fvg,SOURCE_MODEL_EXPLICIT,BLOCKED_CONTEXT,,2026-10-05T14:53:36.657220+00:00,,,,,,,2.0,,,,,,,,,91.0,70.0,82.5,🟢 CONFIRMA,🟢 PULLBACK OK,🔴 SEM GATILHO,55.2,78.2,WAIT,52.0,126.10719111244218,ALTO,1.70616965,1.70616965,True,100.0,TENDÊNCIA BAIXISTA,COMPRESSÃO,London Close,False,"Candidato observado, mas não qualificado para simulação pelo contexto global.",2026-10-05T14:55:22.397672+00:00,2026-10-05T14:55:22.397672+00:00,ATLASQUANT_MODEL_PAPER_V1,824d7fc007639f1e863d3278,6fb6d7a7326492715029bf22,FVG,M15,2026-10-05T14:53:36.657220+00:00,🟢 FVG EM TESTE,90.0,"{""price"": 1.11997, ""score"": 90.0, ""status"": ""🟢 FVG EM TESTE"", ""zone_high"": 1.12006, ""zone_low"": 1.11944}",False,🔴 BLOQUEADO,ADR14 muito esticado (126%),Gate ainda não liberou execução | Risco de evento elevado | ADR14 em 126%: evitar perseguir preço | ICT incompleto (55/100) | M15 ainda não confirmou gatilho,True,M15,1.0,SOURCE_EQUALS_EXECUTION,,,,,,
c1b10bede55f2cb70cb99d9b,c1b10bede55f2cb70cb99d9b,USD/CAD,BUY,amd-po3,SOURCE_MODEL_EXPLICIT,BLOCKED_CONTEXT,,2026-10-05T14:53:36.657220+00:00,,,,,,,2.0,,,,,,,,,89.0,91.0,89.9,🟢 CONFIRMA,🟢 PULLBACK OK,🔴 SEM GATILHO,71.8,65.6,B,69.0,115.78164509891415,ALTO,1.611452433333333,1.611452433333333,True,100.0,TENDÊNCIA ALTISTA,TENDÊNCIA ALTISTA,London Close,False,"Candidato observado, mas não qualificado para simulação pelo contexto global.",2026-10-05T14:55:22.397672+00:00,2026-10-05T14:55:22.397672+00:00,ATLASQUANT_MODEL_PAPER_V1,18cb507d6d0463315b323d2a,c1b10bede55f2cb70cb99d9b,AMD,M15,2026-10-05T14:53:36.657220+00:00,🟢 AMD / PO3 EM DISTRIBUIÇÃO,100.0,"{""acc_high"": 1.4262, ""acc_low"": 1.42489, ""manipulation_side"": ""SSL"", ""phase"": ""DISTRIBUIÇÃO"", ""score"": 100.0, ""status"": ""🟢 AMD / PO3 EM DISTRIBUIÇÃO"", ""target"": 1.4262}",False,🔴 BLOQUEADO,ADR14 muito esticado (116%),Risco de evento elevado | ADR14 em 116%: evitar perseguir preço | Fluxo institucional incompleto (66/100) | M15 ainda não confirmou gatilho,True,M15,1.0,SOURCE_EQUALS_EXECUTION,,,,,,
1f766ae7b49b0d91fa12425d,1f766ae7b49b0d91fa12425d,USD/CAD,BUY,crt,SOURCE_MODEL_EXPLICIT,BLOCKED_CONTEXT,,2026-10-05T14:53:36.657220+00:00,,,,,,,2.0,,,,,,,,,89.0,91.0,89.9,🟢 CONFIRMA,🟢 PULLBACK OK,🔴 SEM GATILHO,71.8,65.6,B,69.0,115.78164509891415,ALTO,1.611452433333333,1.611452433333333,True,100.0,TENDÊNCIA ALTISTA,TENDÊNCIA ALTISTA,London Close,False,"Candidato observado, mas não qualificado para simulação pelo contexto global.",2026-10-05T14:55:22.397672+00:00,2026-10-05T14:55:22.397672+00:00,ATLASQUANT_MODEL_PAPER_V1,6c677be006b19d0073d62016,1f766ae7b49b0d91fa12425d,CRT,H1,2026-10-05T14:53:36.657220+00:00,🟢 CRT CONFIRMADO,100.0,"{""anchor_high"": 1.4262, ""anchor_low"": 1.42512, ""invalidation"": 1.42485, ""phase"": ""DISTRIBUIÇÃO"", ""raid_side"": ""SSL"", ""score"": 100.0, ""status"": ""🟢 CRT CONFIRMADO"", ""target"": 1.4262}",False,🔴 BLOQUEADO,ADR14 muito esticado (116%),Risco de evento elevado | ADR14 em 116%: evitar perseguir preço | Fluxo institucional incompleto (66/100),True,H1,1.0,SOURCE_EQUALS_EXECUTION,,,,,,
8f719ad51facd035641cbf14,8f719ad51facd035641cbf14,NZD/USD,SELL,fvg,SOURCE_MODEL_EXPLICIT,BLOCKED_CONTEXT,,2026-10-05T16:52:41.635084+00:00,,,,,,,2.0,,,,,,,,,84.0,91.0,87.1,🟢 CONFIRMA,🟡 ALINHADO,🔴 SEM GATILHO,52.2,60.3,WAIT,60.0,55.33907830648321,ALTO,1.782973183333333,1.782973183333333,True,100.0,TENDÊNCIA BAIXISTA,EQUILÍBRIO / LIQUIDEZ,,False,"Candidato observado, mas não qualificado para simulação pelo contexto global.",2026-10-05T16:54:35.720445+00:00,2026-10-05T16:54:35.720445+00:00,ATLASQUANT_MODEL_PAPER_V1,94dc9298161297b1d8b4a3f6,8f719ad51facd035641cbf14,FVG,M15,2026-10-05T16:52:41.635084+00:00,🟢 FVG EM TESTE,90.0,"{""price"": 0.5592, ""score"": 90.0, ""status"": ""🟢 FVG EM TESTE"", ""zone_high"": 0.55963, ""zone_low"": 0.55914}",False,⚪ EM OBSERVAÇÃO,,Gate ainda não liberou execução | Risco de evento elevado | ICT incompleto (52/100) | Fluxo institucional incompleto (60/100) | M15 ainda não confirmou gatilho,True,M15,1.0,SOURCE_EQUALS_EXECUTION,,,,,,
a38eaedcfc4c575a3700f6ce,a38eaedcfc4c575a3700f6ce,NZD/USD,SELL,bos-choch-ob,SOURCE_MODEL_EXPLICIT,BLOCKED_CONTEXT,,2026-10-05T17:50:54.510315+00:00,,,,,,,2.0,,,,,,,,,84.0,91.0,87.1,🟢 CONFIRMA,🟢 PULLBACK OK,🟡 AGUARDAR GATILHO,60.5,55.6,B,67.0,55.33907830648321,ALTO,1.6513329166666668,1.6513329166666668,True,100.0,TENDÊNCIA BAIXISTA,EQUILÍBRIO / LIQUIDEZ,New York PM,False,"Candidato observado, mas não qualificado para simulação pelo contexto global.",2026-10-05T17:52:41.321892+00:00,2026-10-05T17:52:41.321892+00:00,ATLASQUANT_MODEL_PAPER_V1,cd628d9100eeb8647d042f21,a38eaedcfc4c575a3700f6ce,BOS_CHOCH_OB,M15,2026-10-05T17:50:54.510315+00:00,CHOCH + 🟡 ORDER BLOCK ATIVO,68.0,"{""break_time"": ""2026-10-05T17:00:00+00:00"", ""invalidated"": false, ""mitigation_depth_pct"": 0.0, ""order_block_side"": ""SELL"", ""order_block_status"": ""🟡 ORDER BLOCK ATIVO"", ""origin_time"": ""2026-10-05T16:45:00+00:00"", ""structure_event"": ""CHOCH"", ""structure_level"": 0.55886, ""structure_side"": ""SELL"", ""structure_status"": ""🟢 CHOCH CONFIRMADO"", ""zone_high"": 0.55924, ""zone_low"": 0.55902}",False,🟡 DIREÇÃO CONFIRMADA — AGUARDAR EXECUÇÃO,,Risco de evento elevado | ICT incompleto (60/100) | Fluxo institucional incompleto (56/100) | M15 ainda não confirmou gatilho,True,M15,1.0,SOURCE_EQUALS_EXECUTION,,,,,,
59077aa13f61530c64b85990,59077aa13f61530c64b85990,NZD/USD,SELL,crt,SOURCE_MODEL_EXPLICIT,BLOCKED_CONTEXT,,2026-10-05T17:50:54.510315+00:00,,,,,,,2.0,,,,,,,,,84.0,91.0,87.1,🟢 CONFIRMA,🟢 PULLBACK OK,🟡 AGUARDAR GATILHO,60.5,55.6,B,67.0,55.33907830648321,ALTO,1.6513329166666668,1.6513329166666668,True,100.0,TENDÊNCIA BAIXISTA,EQUILÍBRIO / LIQUIDEZ,New York PM,False,"Candidato observado, mas não qualificado para simulação pelo contexto global.",2026-10-05T17:52:41.321892+00:00,2026-10-05T17:52:41.321892+00:00,ATLASQUANT_MODEL_PAPER_V1,caa5dcbfdb89eb1c31404a15,59077aa13f61530c64b85990,CRT,H1,2026-10-05T17:50:54.510315+00:00,🟢 CRT CONFIRMADO,100.0,"{""anchor_high"": 0.55986, ""anchor_low"": 0.55855, ""invalidation"": 0.56008, ""phase"": ""DISTRIBUIÇÃO"", ""raid_side"": ""BSL"", ""score"": 100.0, ""status"": ""🟢 CRT CONFIRMADO"", ""target"": 0.55855}",False,🟡 DIREÇÃO CONFIRMADA — AGUARDAR EXECUÇÃO,,Risco de evento elevado | ICT incompleto (60/100) | Fluxo institucional incompleto (56/100),True,H1,1.0,SOURCE_EQUALS_EXECUTION,,,,,,
ff3a4b43d72bd4f16d646260,ff3a4b43d72bd4f16d646260,USD/CAD,BUY,crt,SOURCE_MODEL_EXPLICIT,BLOCKED_CONTEXT,,2026-10-05T17:50:54.510315+00:00,,,,,,,2.0,,,,,,,,,89.0,91.0,89.9,🟡 PARCIAL,🟡 ALINHADO,🟢 GATILHO,60.5,65.0,B,69.0,118.4887698943916,ALTO,1.6209073166666668,1.6209073166666668,True,100.0,TENDÊNCIA ALTISTA,TENDÊNCIA ALTISTA,New York PM,False,"Candidato observado, mas não qualificado para simulação pelo contexto global.",2026-10-05T17:52:41.321892+00:00,2026-10-05T17:52:41.321892+00:00,ATLASQUANT_MODEL_PAPER_V1,c720ed15dca719f69088610b,ff3a4b43d72bd4f16d646260,CRT,H1,2026-10-05T17:50:54.510315+00:00,🟢 CRT CONFIRMADO,100.0,"{""anchor_high"": 1.4264, ""anchor_low"": 1.42385, ""invalidation"": 1.42372, ""phase"": ""DISTRIBUIÇÃO"", ""raid_side"": ""SSL"", ""score"": 100.0, ""status"": ""🟢 CRT CONFIRMADO"", ""target"": 1.4264}",False,🔴 BLOQUEADO,ADR14 muito esticado (118%),Risco de evento elevado | ADR14 em 118%: evitar perseguir preço | ICT incompleto (60/100) | Fluxo institucional incompleto (65/100) | H1 ainda não confirmou gatilho,True,H1,1.0,SOURCE_EQUALS_EXECUTION,,,,,,
28f4adfb1defea98ea603f29,28f4adfb1defea98ea603f29,USD/CHF,BUY,crt,SOURCE_MODEL_EXPLICIT,BLOCKED_CONTEXT,,2026-10-05T17:50:54.510315+00:00,,,,,,,2.0,,,,,,,,,89.0,91.0,89.9,🟢 CONFIRMA,🟢 PULLBACK OK,🔴 SEM GATILHO,60.5,55.9,B,67.0,90.16949152542442,ALTO,1.5889321833333334,1.5889321833333334,True,100.0,TENDÊNCIA ALTISTA,EXPANSÃO DOS DOIS LADOS,New York PM,False,"Candidato observado, mas não qualificado para simulação pelo contexto global.",2026-10-05T17:52:41.321892+00:00,2026-10-05T17:52:41.321892+00:00,ATLASQUANT_MODEL_PAPER_V1,9afce4ab934d5c55cd6f1fe5,28f4adfb1defea98ea603f29,CRT,H1,2026-10-05T17:50:54.510315+00:00,🟢 CRT CONFIRMADO,100.0,"{""anchor_high"": 0.83225, ""anchor_low"": 0.83122, ""invalidation"": 0.83088, ""phase"": ""DISTRIBUIÇÃO"", ""raid_side"": ""SSL"", ""score"": 100.0, ""status"": ""🟢 CRT CONFIRMADO"", ""target"": 0.83225}",False,🟡 DIREÇÃO CONFIRMADA — AGUARDAR EXECUÇÃO,,Risco de evento elevado | ADR14 em 90%: espaço reduzido | ICT incompleto (60/100) | Fluxo institucional incompleto (56/100),True,H1,1.0,SOURCE_EQUALS_EXECUTION,,,,,,
85ae9b3e4e81d551738e2fe6,85ae9b3e4e81d551738e2fe6,USD/JPY,BUY,fvg,SOURCE_MODEL_EXPLICIT,BLOCKED_CONTEXT,,2026-10-05T17:50:54.510315+00:00,,,,,,,2.0,,,,,,,,,90.0,84.0,87.2,🟢 CONFIRMA,🟢 PULLBACK OK,🟡 AGUARDAR GATILHO,55.2,50.3,WAIT,37.0,71.49610368339415,ALTO,0.7154314666666667,0.7154314666666667,True,100.0,EXPANSÃO DOS DOIS LADOS,TENDÊNCIA BAIXISTA,New York PM,False,"Candidato observado, mas não qualificado para simulação pelo contexto global.",2026-10-05T17:52:41.321892+00:00,2026-10-05T17:52:41.321892+00:00,ATLASQUANT_MODEL_PAPER_V1,fbec7c244fb94c4a4c1d61dc,85ae9b3e4e81d551738e2fe6,FVG,M15,2026-10-05T17:50:54.510315+00:00,🟢 FVG EM TESTE,90.0,"{""price"": 158.09143, ""score"": 90.0, ""status"": ""🟢 FVG EM TESTE"", ""zone_high"": 158.10886, ""zone_low"": 158.08694}",False,🟡 DIREÇÃO CONFIRMADA — AGUARDAR EXECUÇÃO,,Gate ainda não liberou execução | Risco de evento elevado | ICT incompleto (55/100) | Fluxo institucional incompleto (50/100) | M15 ainda não confirmou gatilho,True,M15,1.0,SOURCE_EQUALS_EXECUTION,,,,,,
a5d0f4c9a8c6d626a03ec417,a5d0f4c9a8c6d626a03ec417,USD/CAD,BUY,amd-po3,SOURCE_MODEL_EXPLICIT,BLOCKED_CONTEXT,,2026-10-05T23:20:20.817025+00:00,,,,,,,2.0,,,,,,,,,89.0,91.0,89.9,🟢 CONFIRMA,🟢 PULLBACK OK,🟡 AGUARDAR GATILHO,57.5,60.3,B,69.0,118.4887698943916,ALTO,1.62006925,1.62006925,True,100.0,TENDÊNCIA ALTISTA,TENDÊNCIA ALTISTA,,False,"Candidato observado, mas não qualificado para simulação pelo contexto global.",2026-10-05T23:22:05.518177+00:00,2026-10-05T23:22:05.518177+00:00,ATLASQUANT_MODEL_PAPER_V1,da85bcb5856bbc027925dfb0,a5d0f4c9a8c6d626a03ec417,AMD,M15,2026-10-05T23:20:20.817025+00:00,🟢 AMD / PO3 EM DISTRIBUIÇÃO,100.0,"{""acc_high"": 1.42638, ""acc_low"": 1.42528, ""manipulation_side"": ""SSL"", ""phase"": ""DISTRIBUIÇÃO"", ""score"": 100.0, ""status"": ""🟢 AMD / PO3 EM DISTRIBUIÇÃO"", ""target"": 1.42638}",False,🔴 BLOQUEADO,ADR14 muito esticado (118%),Risco de evento elevado | ADR14 em 118%: evitar perseguir preço | ICT incompleto (58/100) | Fluxo institucional incompleto (60/100) | M15 ainda não confirmou gatilho,True,M15,1.0,SOURCE_EQUALS_EXECUTION,,,,,,
183d17635cb185a77c08b49a,183d17635cb185a77c08b49a,EUR/USD,SELL,bos-choch-ob,SOURCE_MODEL_EXPLICIT,BLOCKED_CONTEXT,,2026-10-06T00:33:11.338192+00:00,,,,,,,2.0,,,,,,,,,91.0,70.0,82.5,🟢 CONFIRMA,🟡 ALINHADO,🔴 SEM GATILHO,39.5,79.3,WAIT,57.0,131.99219336435758,NORMAL,2.697622533333333,2.697622533333333,True,100.0,TENDÊNCIA BAIXISTA,COMPRESSÃO,Asian Range,False,"Candidato observado, mas não qualificado para simulação pelo contexto global.",2026-10-06T00:35:56.460136+00:00,2026-10-06T00:35:56.460136+00:00,ATLASQUANT_MODEL_PAPER_V1,bde6f4a491f4e4e68fccdbef,183d17635cb185a77c08b49a,BOS_CHOCH_OB,M15,2026-10-06T00:33:11.338192+00:00,BOS + 🟡 ORDER BLOCK ATIVO,68.0,"{""break_time"": ""2026-10-05T23:45:00+00:00"", ""invalidated"": false, ""mitigation_depth_pct"": 0.0, ""order_block_side"": ""SELL"", ""order_block_status"": ""🟡 ORDER BLOCK ATIVO"", ""origin_time"": ""2026-10-05T23:30:00+00:00"", ""structure_event"": ""BOS"", ""structure_level"": 1.12178, ""structure_side"": ""SELL"", ""structure_status"": ""🟢 BOS CONFIRMADO"", ""zone_high"": 1.12221, ""zone_low"": 1.12201}",False,🔴 BLOQUEADO,ADR14 muito esticado (132%),Gate ainda não liberou execução | ADR14 em 132%: evitar perseguir preço | ICT incompleto (40/100) | M15 ainda não confirmou gatilho,True,M15,1.0,SOURCE_EQUALS_EXECUTION,,,,,,
6bf26c32c949cf274307ae1c,6bf26c32c949cf274307ae1c,GBP/USD,SELL,bos-choch-ob,SOURCE_MODEL_EXPLICIT,BLOCKED_CONTEXT,,2026-10-06T00:33:11.338192+00:00,,,,,,,2.0,,,,,,,,,78.0,70.0,75.2,🟢 CONFIRMA,🟢 PULLBACK OK,🟡 AGUARDAR GATILHO,60.5,70.6,WAIT,50.0,86.71786478660579,NORMAL,2.72518115,2.72518115,True,100.0,TENDÊNCIA BAIXISTA,TENDÊNCIA ALTISTA,Asian Range,False,"Candidato observado, mas não qualificado para simulação pelo contexto global.",2026-10-06T00:35:56.460136+00:00,2026-10-06T00:35:56.460136+00:00,ATLASQUANT_MODEL_PAPER_V1,e82c41de90c3f0d342356ae0,6bf26c32c949cf274307ae1c,BOS_CHOCH_OB,M15,2026-10-06T00:33:11.338192+00:00,CHOCH + 🟡 ORDER BLOCK ATIVO,68.0,"{""break_time"": ""2026-10-05T23:45:00+00:00"", ""invalidated"": false, ""mitigation_depth_pct"": 0.0, ""order_block_side"": ""SELL"", ""order_block_status"": ""🟡 ORDER BLOCK ATIVO"", ""origin_time"": ""2026-10-05T23:15:00+00:00"", ""structure_event"": ""CHOCH"", ""structure_level"": 1.32205, ""structure_side"": ""SELL"", ""structure_status"": ""🟢 CHOCH CONFIRMADO"", ""zone_high"": 1.32238, ""zone_low"": 1.32207}",False,🟡 DIREÇÃO CONFIRMADA — AGUARDAR EXECUÇÃO,,Gate ainda não liberou execução | ADR14 em 87%: espaço reduzido | ICT incompleto (60/100) | M15 ainda não confirmou gatilho,True,M15,1.0,SOURCE_EQUALS_EXECUTION,,,,,,
d6cf645911da6d22a71302d7,d6cf645911da6d22a71302d7,GBP/USD,SELL,crt,SOURCE_MODEL_EXPLICIT,BLOCKED_CONTEXT,,2026-10-06T00:33:11.338192+00:00,,,,,,,2.0,,,,,,,,,78.0,70.0,75.2,🟢 CONFIRMA,🟢 PULLBACK OK,🟡 AGUARDAR GATILHO,60.5,70.6,WAIT,50.0,86.71786478660579,NORMAL,2.72518115,2.72518115,True,100.0,TENDÊNCIA BAIXISTA,TENDÊNCIA ALTISTA,Asian Range,False,"Candidato observado, mas não qualificado para simulação pelo contexto global.",2026-10-06T00:35:56.460136+00:00,2026-10-06T00:35:56.460136+00:00,ATLASQUANT_MODEL_PAPER_V1,b66f5ebf24cde88b9e9f4340,d6cf645911da6d22a71302d7,CRT,H1,2026-10-06T00:33:11.338192+00:00,🟢 CRT CONFIRMADO,100.0,"{""anchor_high"": 1.32249, ""anchor_low"": 1.32146, ""invalidation"": 1.32266, ""phase"": ""DISTRIBUIÇÃO"", ""raid_side"": ""BSL"", ""score"": 100.0, ""status"": ""🟢 CRT CONFIRMADO"", ""target"": 1.32146}",False,🟡 DIREÇÃO CONFIRMADA — AGUARDAR EXECUÇÃO,,Gate ainda não liberou execução | ADR14 em 87%: espaço reduzido | ICT incompleto (60/100),True,H1,1.0,SOURCE_EQUALS_EXECUTION,,,,,,
c6adfc08b2df5aab185c6189,c6adfc08b2df5aab185c6189,USD/CHF,BUY,crt,SOURCE_MODEL_EXPLICIT,BLOCKED_CONTEXT,,2026-10-06T00:33:11.338192+00:00,,,,,,,2.0,,,,,,,,,89.0,91.0,89.9,🟡 PARCIAL,🟢 PULLBACK OK,🟢 GATILHO,60.5,75.2,B,72.0,90.16949152542442,NORMAL,2.5856574166666664,2.5856574166666664,True,100.0,TENDÊNCIA ALTISTA,EXPANSÃO DOS DOIS LADOS,Asian Range,False,"Candidato observado, mas não qualificado para simulação pelo contexto global.",2026-10-06T00:35:56.460136+00:00,2026-10-06T00:35:56.460136+00:00,ATLASQUANT_MODEL_PAPER_V1,7672ae9e2c9ae8e0498509c5,c6adfc08b2df5aab185c6189,CRT,H1,2026-10-06T00:33:11.338192+00:00,🟢 CRT CONFIRMADO,100.0,"{""anchor_high"": 0.8313, ""anchor_low"": 0.83056, ""invalidation"": 0.83055, ""phase"": ""DISTRIBUIÇÃO"", ""raid_side"": ""SSL"", ""score"": 100.0, ""status"": ""🟢 CRT CONFIRMADO"", ""target"": 0.8313}",False,🟠 SETUP EM FORMAÇÃO,,ADR14 em 90%: espaço reduzido | ICT incompleto (60/100),True,H1,1.0,SOURCE_EQUALS_EXECUTION,,,,,,
8a14542bfef2caa9863ee6ab,8a14542bfef2caa9863ee6ab,USD/JPY,BUY,amd-po3,SOURCE_MODEL_EXPLICIT,BLOCKED_CONTEXT,,2026-10-06T00:33:11.338192+00:00,,,,,,,2.0,,,,,,,,,90.0,84.0,87.2,🟢 CONFIRMA,🟢 PULLBACK OK,🔴 SEM GATILHO,73.2,63.9,WAIT,42.0,71.49610368339415,NORMAL,1.68671385,1.68671385,True,100.0,EXPANSÃO DOS DOIS LADOS,TENDÊNCIA BAIXISTA,Asian Range,False,"Candidato observado, mas não qualificado para simulação pelo contexto global.",2026-10-06T00:35:56.460136+00:00,2026-10-06T00:35:56.460136+00:00,ATLASQUANT_MODEL_PAPER_V1,6ebef3cd01de695077e4cf54,8a14542bfef2caa9863ee6ab,AMD,M15,2026-10-06T00:33:11.338192+00:00,🟢 AMD / PO3 EM DISTRIBUIÇÃO,100.0,"{""acc_high"": 158.01235, ""acc_low"": 157.83496, ""manipulation_side"": ""SSL"", ""phase"": ""DISTRIBUIÇÃO"", ""score"": 100.0, ""status"": ""🟢 AMD / PO3 EM DISTRIBUIÇÃO"", ""target"": 158.01235}",False,🟡 DIREÇÃO CONFIRMADA — AGUARDAR EXECUÇÃO,,Gate ainda não liberou execução | Fluxo institucional incompleto (64/100) | M15 ainda não confirmou gatilho,True,M15,1.0,SOURCE_EQUALS_EXECUTION,,,,,,
c9aa650f80ae2d3e86045aa8,c9aa650f80ae2d3e86045aa8,USD/JPY,BUY,bos-choch-ob,SOURCE_MODEL_EXPLICIT,BLOCKED_CONTEXT,,2026-10-06T00:33:11.338192+00:00,,,,,,,2.0,,,,,,,,,90.0,84.0,87.2,🟢 CONFIRMA,🟢 PULLBACK OK,🔴 SEM GATILHO,73.2,63.9,WAIT,42.0,71.49610368339415,NORMAL,1.68671385,1.68671385,True,100.0,EXPANSÃO DOS DOIS LADOS,TENDÊNCIA BAIXISTA,Asian Range,False,"Candidato observado, mas não qualificado para simulação pelo contexto global.",2026-10-06T00:35:56.460136+00:00,2026-10-06T00:35:56.460136+00:00,ATLASQUANT_MODEL_PAPER_V1,c3c7b3a9a6dda8ae990e1ac6,c9aa650f80ae2d3e86045aa8,BOS_CHOCH_OB,M15,2026-10-06T00:33:11.338192+00:00,CHOCH + 🟡 ORDER BLOCK MITIGADO / ATIVO,72.0,"{""break_time"": ""2026-10-05T23:45:00+00:00"", ""invalidated"": false, ""mitigation_depth_pct"": 100.0, ""order_block_side"": ""BUY"", ""order_block_status"": ""🟡 ORDER BLOCK MITIGADO / ATIVO"", ""origin_time"": ""2026-10-05T23:15:00+00:00"", ""structure_event"": ""CHOCH"", ""structure_level"": 157.94316, ""structure_side"": ""BUY"", ""structure_status"": ""🟢 CHOCH CONFIRMADO"", ""zone_high"": 157.93011, ""zone_low"": 157.88085}",False,🟡 DIREÇÃO CONFIRMADA — AGUARDAR EXECUÇÃO,,Gate ainda não liberou execução | Fluxo institucional incompleto (64/100) | M15 ainda não confirmou gatilho,True,M15,1.0,SOURCE_EQUALS_EXECUTION,,,,,,
23af3b72cda7560fb46dfae0,23af3b72cda7560fb46dfae0,USD/JPY,BUY,crt,SOURCE_MODEL_EXPLICIT,BLOCKED_CONTEXT,,2026-10-06T00:33:11.338192+00:00,,,,,,,2.0,,,,,,,,,90.0,84.0,87.2,🟢 CONFIRMA,🟢 PULLBACK OK,🔴 SEM GATILHO,73.2,63.9,WAIT,42.0,71.49610368339415,NORMAL,1.68671385,1.68671385,True,100.0,EXPANSÃO DOS DOIS LADOS,TENDÊNCIA BAIXISTA,Asian Range,False,"Candidato observado, mas não qualificado para simulação pelo contexto global.",2026-10-06T00:35:56.460136+00:00,2026-10-06T00:35:56.460136+00:00,ATLASQUANT_MODEL_PAPER_V1,1c0e9108c53036d02ab7cd6f,23af3b72cda7560fb46dfae0,CRT,H1,2026-10-06T00:33:11.338192+00:00,🟢 CRT CONFIRMADO,100.0,"{""anchor_high"": 158.01235, ""anchor_low"": 157.866, ""invalidation"": 157.83496, ""phase"": ""DISTRIBUIÇÃO"", ""raid_side"": ""SSL"", ""score"": 100.0, ""status"": ""🟢 CRT CONFIRMADO"", ""target"": 158.01235}",False,🔴 BLOQUEADO,Contexto D1 não alinha com execução H1 (NEUTRO vs ALTISTA),Gate ainda não liberou execução | Fluxo institucional incompleto (64/100),True,H1,1.0,SOURCE_EQUALS_EXECUTION,,,,,,
e0a473b1ebf24147de44db31,e0a473b1ebf24147de44db31,USD/CAD,BUY,fvg,SOURCE_MODEL_EXPLICIT,BLOCKED_CONTEXT,,2026-10-06T01:22:48.849652+00:00,,,,,,,2.0,,,,,,,,,89.0,91.0,89.9,🟢 CONFIRMA,🟢 PULLBACK OK,🔴 SEM GATILHO,43.2,61.3,B,77.0,118.4887698943916,NORMAL,0.5271584500000001,0.5271584500000001,True,100.0,TENDÊNCIA ALTISTA,TENDÊNCIA ALTISTA,Asian Range,False,"Candidato observado, mas não qualificado para simulação pelo contexto global.",2026-10-06T01:23:21.880001+00:00,2026-10-06T01:23:21.880001+00:00,ATLASQUANT_MODEL_PAPER_V1,1ae8be8147778bea36e14bfa,e0a473b1ebf24147de44db31,FVG,M15,2026-10-06T01:22:48.849652+00:00,🟢 FVG EM TESTE,90.0,"{""price"": 1.42618, ""score"": 90.0, ""status"": ""🟢 FVG EM TESTE"", ""zone_high"": 1.42641, ""zone_low"": 1.42611}",False,🔴 BLOQUEADO,ADR14 muito esticado (118%),ADR14 em 118%: evitar perseguir preço | ICT incompleto (43/100) | Fluxo institucional incompleto (61/100) | M15 ainda não confirmou gatilho,True,M15,1.0,SOURCE_EQUALS_EXECUTION,,,,,,
169afd668d72a927165e5e39,169afd668d72a927165e5e39,EUR/USD,SELL,amd-po3,SOURCE_MODEL_EXPLICIT,BLOCKED_CONTEXT,,2026-10-06T02:50:24.940987+00:00,,,,,,,2.0,,,,,,,,,91.0,70.0,82.5,🟢 CONFIRMA,🟡 ALINHADO,🟢 GATILHO,57.5,73.5,WAIT,57.0,145.65380573487346,NORMAL,1.5306670833333331,1.5306670833333331,True,100.0,TENDÊNCIA BAIXISTA,COMPRESSÃO,Asian Range,False,"Candidato observado, mas não qualificado para simulação pelo contexto global.",2026-10-06T02:51:59.777666+00:00,2026-10-06T02:51:59.777666+00:00,ATLASQUANT_MODEL_PAPER_V1,855eb146d3f37cfa3c0e49dd,169afd668d72a927165e5e39,AMD,M15,2026-10-06T02:50:24.940987+00:00,🟢 AMD / PO3 EM DISTRIBUIÇÃO,100.0,"{""acc_high"": 1.12222, ""acc_low"": 1.12136, ""manipulation_side"": ""BSL"", ""phase"": ""DISTRIBUIÇÃO"", ""score"": 100.0, ""status"": ""🟢 AMD / PO3 EM DISTRIBUIÇÃO"", ""target"": 1.12136}",False,🔴 BLOQUEADO,ADR14 muito esticado (146%),Gate ainda não liberou execução | ADR14 em 146%: evitar perseguir preço | ICT incompleto (58/100),True,M15,1.0,SOURCE_EQUALS_EXECUTION,,,,,,
65b4d38e9c5ad8716b19fcbc,65b4d38e9c5ad8716b19fcbc,GBP/USD,SELL,amd-po3,SOURCE_MODEL_EXPLICIT,BLOCKED_CONTEXT,,2026-10-06T02:50:24.940987+00:00,,,,,,,2.0,,,,,,,,,78.0,70.0,75.2,🟢 CONFIRMA,🟡 ALINHADO,🟢 GATILHO,57.5,75.7,WAIT,42.0,86.71786478660579,NORMAL,1.55852755,1.55852755,True,100.0,TENDÊNCIA BAIXISTA,TENDÊNCIA ALTISTA,Asian Range,False,"Candidato observado, mas não qualificado para simulação pelo contexto global.",2026-10-06T02:51:59.777666+00:00,2026-10-06T02:51:59.777666+00:00,ATLASQUANT_MODEL_PAPER_V1,ff34951ad3e2611b5636f07d,65b4d38e9c5ad8716b19fcbc,AMD,M15,2026-10-06T02:50:24.940987+00:00,🟢 AMD / PO3 EM DISTRIBUIÇÃO,100.0,"{""acc_high"": 1.32248, ""acc_low"": 1.32163, ""manipulation_side"": ""BSL"", ""phase"": ""DISTRIBUIÇÃO"", ""score"": 100.0, ""status"": ""🟢 AMD / PO3 EM DISTRIBUIÇÃO"", ""target"": 1.32163}",False,⚪ EM OBSERVAÇÃO,,Gate ainda não liberou execução | ADR14 em 87%: espaço reduzido | ICT incompleto (58/100),True,M15,1.0,SOURCE_EQUALS_EXECUTION,,,,,,
e1d19e5dbb28d1addb8c7812,e1d19e5dbb28d1addb8c7812,USD/CAD,BUY,amd-po3,SOURCE_MODEL_EXPLICIT,BLOCKED_CONTEXT,,2026-10-06T02:50:24.940987+00:00,,,,,,,2.0,,,,,,,,,89.0,91.0,89.9,🟢 CONFIRMA,🟢 PULLBACK OK,🟢 GATILHO,57.5,60.8,B,77.0,118.4887698943916,NORMAL,1.4520771,1.4520771,True,100.0,TENDÊNCIA ALTISTA,TENDÊNCIA ALTISTA,Asian Range,False,"Candidato observado, mas não qualificado para simulação pelo contexto global.",2026-10-06T02:51:59.777666+00:00,2026-10-06T02:51:59.777666+00:00,ATLASQUANT_MODEL_PAPER_V1,03f1153e1a3e853978122371,e1d19e5dbb28d1addb8c7812,AMD,M15,2026-10-06T02:50:24.940987+00:00,🟢 AMD / PO3 EM DISTRIBUIÇÃO,100.0,"{""acc_high"": 1.42688, ""acc_low"": 1.4257, ""manipulation_side"": ""SSL"", ""phase"": ""DISTRIBUIÇÃO"", ""score"": 100.0, ""status"": ""🟢 AMD / PO3 EM DISTRIBUIÇÃO"", ""target"": 1.42688}",False,🔴 BLOQUEADO,ADR14 muito esticado (118%),ADR14 em 118%: evitar perseguir preço | ICT incompleto (58/100) | Fluxo institucional incompleto (61/100),True,M15,1.0,SOURCE_EQUALS_EXECUTION,,,,,,
80026e44858fe973994f40fa,80026e44858fe973994f40fa,USD/CHF,BUY,amd-po3,SOURCE_MODEL_EXPLICIT,BLOCKED_CONTEXT,,2026-10-06T02:50:24.940987+00:00,,,,,,,2.0,,,,,,,,,89.0,91.0,89.9,🟢 CONFIRMA,🟢 PULLBACK OK,🟢 GATILHO,57.5,59.4,B,72.0,90.16949152542442,NORMAL,1.4277768,1.4277768,True,100.0,TENDÊNCIA ALTISTA,EXPANSÃO DOS DOIS LADOS,Asian Range,False,"Candidato observado, mas não qualificado para simulação pelo contexto global.",2026-10-06T02:51:59.777666+00:00,2026-10-06T02:51:59.777666+00:00,ATLASQUANT_MODEL_PAPER_V1,9c14cdc36956e4d5dddb91d1,80026e44858fe973994f40fa,AMD,M15,2026-10-06T02:50:24.940987+00:00,🟢 AMD / PO3 EM DISTRIBUIÇÃO,100.0,"{""acc_high"": 0.8318, ""acc_low"": 0.83082, ""manipulation_side"": ""SSL"", ""phase"": ""DISTRIBUIÇÃO"", ""score"": 100.0, ""status"": ""🟢 AMD / PO3 EM DISTRIBUIÇÃO"", ""target"": 0.8318}",False,🟡 DIREÇÃO CONFIRMADA — AGUARDAR EXECUÇÃO,,ADR14 em 90%: espaço reduzido | ICT incompleto (58/100) | Fluxo institucional incompleto (59/100),True,M15,1.0,SOURCE_EQUALS_EXECUTION,,,,,,
870ca94b0f05f8df7ca0ff7e,870ca94b0f05f8df7ca0ff7e,USD/JPY,BUY,amd-po3,SOURCE_MODEL_EXPLICIT,BLOCKED_CONTEXT,,2026-10-06T02:50:24.940987+00:00,,,,,,,2.0,,,,,,,,,90.0,84.0,87.2,🟢 CONFIRMA,🔴 CONTRA,🔴 SEM GATILHO,69.5,67.4,WAIT,50.0,71.49610368339415,NORMAL,0.5210960333333333,0.5210960333333333,True,100.0,EXPANSÃO DOS DOIS LADOS,TENDÊNCIA BAIXISTA,Asian Range,False,"Candidato observado, mas não qualificado para simulação pelo contexto global.",2026-10-06T02:51:59.777666+00:00,2026-10-06T02:51:59.777666+00:00,ATLASQUANT_MODEL_PAPER_V1,627c14f9abca63f8ff6fb282,870ca94b0f05f8df7ca0ff7e,AMD,M15,2026-10-06T02:50:24.940987+00:00,🟢 AMD / PO3 EM DISTRIBUIÇÃO,100.0,"{""acc_high"": 157.97819, ""acc_low"": 157.83131, ""manipulation_side"": ""SSL"", ""phase"": ""DISTRIBUIÇÃO"", ""score"": 100.0, ""status"": ""🟢 AMD / PO3 EM DISTRIBUIÇÃO"", ""target"": 157.97819}",False,🔴 BLOQUEADO,H1 está contra o viés,Gate ainda não liberou execução | ICT incompleto (70/100) | Fluxo institucional incompleto (67/100) | M15 ainda não confirmou gatilho,True,M15,1.0,SOURCE_EQUALS_EXECUTION,,,,,,
c9b1d1b43410109fe68d1c2a,c9b1d1b43410109fe68d1c2a,GBP/USD,SELL,fvg,SOURCE_MODEL_EXPLICIT,BLOCKED_CONTEXT,,2026-10-06T03:51:43.948585+00:00,,,,,,,2.0,,,,,,,,,78.0,70.0,75.2,🟢 CONFIRMA,🟡 ALINHADO,🔴 SEM GATILHO,43.2,61.2,WAIT,42.0,86.71786478660579,NORMAL,1.76001385,1.76001385,True,100.0,TENDÊNCIA BAIXISTA,TENDÊNCIA ALTISTA,Asian Range,False,"Candidato observado, mas não qualificado para simulação pelo contexto global.",2026-10-06T03:53:31.153347+00:00,2026-10-06T03:53:31.153347+00:00,ATLASQUANT_MODEL_PAPER_V1,d22124f3334a797a94d56ef4,c9b1d1b43410109fe68d1c2a,FVG,M15,2026-10-06T03:51:43.948585+00:00,🟢 FVG EM TESTE,90.0,"{""price"": 1.32234, ""score"": 90.0, ""status"": ""🟢 FVG EM TESTE"", ""zone_high"": 1.32266, ""zone_low"": 1.32226}",False,⚪ EM OBSERVAÇÃO,,Gate ainda não liberou execução | ADR14 em 87%: espaço reduzido | ICT incompleto (43/100) | Fluxo institucional incompleto (61/100) | M15 ainda não confirmou gatilho,True,M15,1.0,SOURCE_EQUALS_EXECUTION,,,,,,
09ff90d95c968cb81e391c50,09ff90d95c968cb81e391c50,USD/JPY,BUY,crt,SOURCE_MODEL_EXPLICIT,BLOCKED_CONTEXT,,2026-10-06T03:51:43.948585+00:00,,,,,,,2.0,,,,,,,,,90.0,84.0,87.2,🟢 CONFIRMA,🟢 PULLBACK OK,🔴 SEM GATILHO,60.5,60.7,WAIT,50.0,71.49610368339415,NORMAL,0.7224040166666666,0.7224040166666666,True,100.0,EXPANSÃO DOS DOIS LADOS,TENDÊNCIA BAIXISTA,Asian Range,False,"Candidato observado, mas não qualificado para simulação pelo contexto global.",2026-10-06T03:53:31.153347+00:00,2026-10-06T03:53:31.153347+00:00,ATLASQUANT_MODEL_PAPER_V1,ab26f6c15bfe5bd303e3c472,09ff90d95c968cb81e391c50,CRT,H1,2026-10-06T03:51:43.948585+00:00,🟢 CRT CONFIRMADO,100.0,"{""anchor_high"": 157.97228, ""anchor_low"": 157.83131, ""invalidation"": 157.78307, ""phase"": ""DISTRIBUIÇÃO"", ""raid_side"": ""SSL"", ""score"": 100.0, ""status"": ""🟢 CRT CONFIRMADO"", ""target"": 157.97228}",False,🔴 BLOQUEADO,Contexto D1 não alinha com execução H1 (NEUTRO vs ALTISTA),Gate ainda não liberou execução | ICT incompleto (60/100) | Fluxo institucional incompleto (61/100),True,H1,1.0,SOURCE_EQUALS_EXECUTION,,,,,,
9e77784c7b1d47abe75d4e2b,9e77784c7b1d47abe75d4e2b,USD/JPY,BUY,bos-choch-ob,SOURCE_MODEL_EXPLICIT,BLOCKED_CONTEXT,,2026-10-06T05:49:57.325897+00:00,,,,,,,2.0,,,,,,,,,90.0,84.0,87.2,🟢 CONFIRMA,🟢 PULLBACK OK,🟡 AGUARDAR GATILHO,39.5,67.7,WAIT,35.0,25.254912909061048,NORMAL,0.5373654833333333,0.5373654833333333,True,100.0,EQUILÍBRIO / LIQUIDEZ,TENDÊNCIA BAIXISTA,,False,"Candidato observado, mas não qualificado para simulação pelo contexto global.",2026-10-06T05:51:33.086146+00:00,2026-10-06T05:51:33.086146+00:00,ATLASQUANT_MODEL_PAPER_V1,dee4087821cab8166aad4d94,9e77784c7b1d47abe75d4e2b,BOS_CHOCH_OB,M15,2026-10-06T05:49:57.325897+00:00,BOS + 🟢 ORDER BLOCK EM MITIGAÇÃO,92.0,"{""break_time"": ""2026-10-06T05:15:00+00:00"", ""invalidated"": false, ""mitigation_depth_pct"": 100.0, ""order_block_side"": ""BUY"", ""order_block_status"": ""🟢 ORDER BLOCK EM MITIGAÇÃO"", ""origin_time"": ""2026-10-06T04:45:00+00:00"", ""structure_event"": ""BOS"", ""structure_level"": 158.18321, ""structure_side"": ""BUY"", ""structure_status"": ""🟢 BOS CONFIRMADO"", ""zone_high"": 158.17719, ""zone_low"": 158.12972}",False,🟡 DIREÇÃO CONFIRMADA — AGUARDAR EXECUÇÃO,,Gate ainda não liberou execução | ICT incompleto (40/100) | Fluxo institucional incompleto (68/100) | M15 ainda não confirmou gatilho,True,M15,1.0,SOURCE_EQUALS_EXECUTION,,,,,,
fea160dd36fcdff3beab9cd8,fea160dd36fcdff3beab9cd8,USD/CHF,BUY,bos-choch-ob,SOURCE_MODEL_EXPLICIT,BLOCKED_CONTEXT,,2026-10-06T06:55:55.402881+00:00,,,,,,,2.0,,,,,,,,,89.0,91.0,89.9,🟢 CONFIRMA,🟢 PULLBACK OK,🟢 GATILHO,60.5,64.8,B,72.0,26.22679045092754,NORMAL,1.5151821166666666,1.5151821166666666,True,100.0,TENDÊNCIA ALTISTA,EXPANSÃO DOS DOIS LADOS,London Killzone,False,"Candidato observado, mas não qualificado para simulação pelo contexto global.",2026-10-06T06:57:36.448717+00:00,2026-10-06T06:57:36.448717+00:00,ATLASQUANT_MODEL_PAPER_V1,f331d8549d15ef3871fe8480,fea160dd36fcdff3beab9cd8,BOS_CHOCH_OB,M15,2026-10-06T06:55:55.402881+00:00,BOS + 🟡 ORDER BLOCK MITIGADO / ATIVO,72.0,"{""break_time"": ""2026-10-06T06:00:00+00:00"", ""invalidated"": false, ""mitigation_depth_pct"": 100.0, ""order_block_side"": ""BUY"", ""order_block_status"": ""🟡 ORDER BLOCK MITIGADO / ATIVO"", ""origin_time"": ""2026-10-06T05:45:00+00:00"", ""structure_event"": ""BOS"", ""structure_level"": 0.83189, ""structure_side"": ""BUY"", ""structure_status"": ""🟢 BOS CONFIRMADO"", ""zone_high"": 0.83188, ""zone_low"": 0.8317}",False,🟡 DIREÇÃO CONFIRMADA — AGUARDAR EXECUÇÃO,,ICT incompleto (60/100) | Fluxo institucional incompleto (65/100),True,M15,1.0,SOURCE_EQUALS_EXECUTION,,,,,,
238d5039361f57080e67000b,238d5039361f57080e67000b,USD/CHF,BUY,crt,SOURCE_MODEL_EXPLICIT,BLOCKED_CONTEXT,,2026-10-06T06:55:55.402881+00:00,,,,,,,2.0,,,,,,,,,89.0,91.0,89.9,🟢 CONFIRMA,🟢 PULLBACK OK,🟢 GATILHO,60.5,64.8,B,72.0,26.22679045092754,NORMAL,1.5151821166666666,1.5151821166666666,True,100.0,TENDÊNCIA ALTISTA,EXPANSÃO DOS DOIS LADOS,London Killzone,False,"Candidato observado, mas não qualificado para simulação pelo contexto global.",2026-10-06T06:57:36.448717+00:00,2026-10-06T06:57:36.448717+00:00,ATLASQUANT_MODEL_PAPER_V1,66055fbadb1863bfed99f7f6,238d5039361f57080e67000b,CRT,H1,2026-10-06T06:55:55.402881+00:00,🟢 CRT CONFIRMADO,100.0,"{""anchor_high"": 0.83182, ""anchor_low"": 0.8311, ""invalidation"": 0.83109, ""phase"": ""DISTRIBUIÇÃO"", ""raid_side"": ""SSL"", ""score"": 100.0, ""status"": ""🟢 CRT CONFIRMADO"", ""target"": 0.83182}",False,🟡 DIREÇÃO CONFIRMADA — AGUARDAR EXECUÇÃO,,ICT incompleto (60/100) | Fluxo institucional incompleto (65/100),True,H1,1.0,SOURCE_EQUALS_EXECUTION,,,,,,
d1559228daabcd68bd48e17b,d1559228daabcd68bd48e17b,NZD/USD,SELL,ote,SOURCE_MODEL_EXPLICIT,BLOCKED_CONTEXT,,2026-10-06T08:52:39.266932+00:00,,,,,,,2.0,,,,,,,,,84.0,91.0,87.1,🟢 CONFIRMA,🔴 CONTRA,🔴 SEM GATILHO,55.5,54.4,B,72.0,44.83807478976717,NORMAL,1.5598336166666666,1.5598336166666666,True,100.0,TENDÊNCIA BAIXISTA,EQUILÍBRIO / LIQUIDEZ,London Killzone,False,"Candidato observado, mas não qualificado para simulação pelo contexto global.",2026-10-06T08:54:18.693742+00:00,2026-10-06T08:54:18.693742+00:00,ATLASQUANT_MODEL_PAPER_V1,b749ce047d4f9b4ecf7c2871,d1559228daabcd68bd48e17b,OTE,H1,2026-10-06T08:52:39.266932+00:00,🟢 DENTRO DO OTE,90.0,"{""price"": 0.56049, ""retracement_pct"": 65.06024096385828, ""score"": 90.0, ""status"": ""🟢 DENTRO DO OTE"", ""sweet_705"": 0.56062545, ""swing_high"": 0.56136, ""swing_low"": 0.55887, ""zone_high"": 0.5608371, ""zone_low"": 0.5604138}",False,🔴 BLOQUEADO,H1 está contra o viés,ICT incompleto (56/100) | Fluxo institucional incompleto (54/100) | H1 ainda não confirmou gatilho,True,H1,1.0,SOURCE_EQUALS_EXECUTION,,,,,,
d0c39a90083af2b63c99f477,d0c39a90083af2b63c99f477,USD/CAD,BUY,ote,SOURCE_MODEL_EXPLICIT,BLOCKED_CONTEXT,,2026-10-06T12:56:31.387428+00:00,,,,,,,2.0,,,,,,,,,89.0,91.0,89.9,🟢 CONFIRMA,🔴 CONTRA,🔴 SEM GATILHO,61.0,64.1,B,77.0,85.06632434745246,NORMAL,1.5299219333333334,1.5299219333333334,True,100.0,TENDÊNCIA ALTISTA,TENDÊNCIA ALTISTA,New York AM,False,"Candidato observado, mas não qualificado para simulação pelo contexto global.",2026-10-06T12:58:12.475281+00:00,2026-10-06T12:58:12.475281+00:00,ATLASQUANT_MODEL_PAPER_V1,c75b3661f660e17eff841a79,d0c39a90083af2b63c99f477,OTE,H1,2026-10-06T12:56:31.387428+00:00,🟢 DENTRO DO OTE,100.0,"{""price"": 1.42518, ""retracement_pct"": 69.89690721649782, ""score"": 100.0, ""status"": ""🟢 DENTRO DO OTE"", ""sweet_705"": 1.42515075, ""swing_high"": 1.42857, ""swing_low"": 1.42372, ""zone_high"": 1.425563, ""zone_low"": 1.4247385000000001}",False,🔴 BLOQUEADO,H1 está contra o viés,ADR14 em 85%: espaço reduzido | ICT incompleto (61/100) | Fluxo institucional incompleto (64/100) | H1 ainda não confirmou gatilho,True,H1,1.0,SOURCE_EQUALS_EXECUTION,,,,,,
3570725b518c4b386e003d2a,3570725b518c4b386e003d2a,EUR/USD,SELL,amd-po3,SOURCE_MODEL_EXPLICIT,BLOCKED_CONTEXT,,2026-10-06T13:52:12.385123+00:00,,,,,,,2.0,,,,,,,,,91.0,70.0,82.5,🟡 PARCIAL,🔴 CONTRA,🔴 SEM GATILHO,60.8,65.5,B,65.0,145.47187797902924,NORMAL,1.7159174,1.7159174,True,100.0,TENDÊNCIA BAIXISTA,COMPRESSÃO,New York AM,False,"Candidato observado, mas não qualificado para simulação pelo contexto global.",2026-10-06T13:53:59.086182+00:00,2026-10-06T13:53:59.086182+00:00,ATLASQUANT_MODEL_PAPER_V1,5aaab2c69f94b8ddc2b06b08,3570725b518c4b386e003d2a,AMD,M15,2026-10-06T13:52:12.385123+00:00,🟢 AMD / PO3 EM DISTRIBUIÇÃO,100.0,"{""acc_high"": 1.12713, ""acc_low"": 1.12408, ""manipulation_side"": ""BSL"", ""phase"": ""DISTRIBUIÇÃO"", ""score"": 100.0, ""status"": ""🟢 AMD / PO3 EM DISTRIBUIÇÃO"", ""target"": 1.12408}",False,🔴 BLOQUEADO,H1 está contra o viés | ADR14 muito esticado (145%),ADR14 em 145%: evitar perseguir preço | ICT incompleto (61/100) | Fluxo institucional incompleto (66/100) | M15 ainda não confirmou gatilho,True,M15,1.0,SOURCE_EQUALS_EXECUTION,,,,,,
9f7105e25b35226b7a8d3239,9f7105e25b35226b7a8d3239,USD/CHF,BUY,bos-choch-ob,SOURCE_MODEL_EXPLICIT,BLOCKED_CONTEXT,,2026-10-06T13:52:12.385123+00:00,,,,,,,2.0,,,,,,,,,89.0,91.0,89.9,🟢 CONFIRMA,🟡 ALINHADO,🔴 SEM GATILHO,39.5,84.6,B,77.0,68.46816976127336,NORMAL,1.5755980333333333,1.5755980333333333,True,100.0,TENDÊNCIA ALTISTA,EXPANSÃO DOS DOIS LADOS,New York AM,False,"Candidato observado, mas não qualificado para simulação pelo contexto global.",2026-10-06T13:53:59.086182+00:00,2026-10-06T13:53:59.086182+00:00,ATLASQUANT_MODEL_PAPER_V1,e162c78e7a2574e3f108159b,9f7105e25b35226b7a8d3239,BOS_CHOCH_OB,M15,2026-10-06T13:52:12.385123+00:00,CHOCH + 🟡 ORDER BLOCK ATIVO,68.0,"{""break_time"": ""2026-10-06T13:15:00+00:00"", ""invalidated"": false, ""mitigation_depth_pct"": 0.0, ""order_block_side"": ""BUY"", ""order_block_status"": ""🟡 ORDER BLOCK ATIVO"", ""origin_time"": ""2026-10-06T13:00:00+00:00"", ""structure_event"": ""CHOCH"", ""structure_level"": 0.83113, ""structure_side"": ""BUY"", ""structure_status"": ""🟢 CHOCH CONFIRMADO"", ""zone_high"": 0.83095, ""zone_low"": 0.83072}",False,🟠 SETUP EM FORMAÇÃO,,ICT incompleto (40/100) | M15 ainda não confirmou gatilho,True,M15,1.0,SOURCE_EQUALS_EXECUTION,,,,,,
5e12e7a6cf14ac9ae3938095,5e12e7a6cf14ac9ae3938095,EUR/USD,SELL,crt,SOURCE_MODEL_EXPLICIT,BLOCKED_CONTEXT,,2026-10-06T14:52:12.508063+00:00,,,,,,,2.0,,,,,,,,,91.0,70.0,82.5,🟡 PARCIAL,🔴 CONTRA,🔴 SEM GATILHO,51.8,75.2,B,65.0,145.47187797902924,NORMAL,1.843448083333333,1.843448083333333,True,100.0,TENDÊNCIA BAIXISTA,COMPRESSÃO,London Close,False,"Candidato observado, mas não qualificado para simulação pelo contexto global.",2026-10-06T14:54:07.365443+00:00,2026-10-06T14:54:07.365443+00:00,ATLASQUANT_MODEL_PAPER_V1,a8ce87d1c053f60507a1dbd2,5e12e7a6cf14ac9ae3938095,CRT,H1,2026-10-06T14:52:12.508063+00:00,🟢 CRT CONFIRMADO,100.0,"{""anchor_high"": 1.12727, ""anchor_low"": 1.12414, ""invalidation"": 1.12786, ""phase"": ""DISTRIBUIÇÃO"", ""raid_side"": ""BSL"", ""score"": 100.0, ""status"": ""🟢 CRT CONFIRMADO"", ""target"": 1.12414}",False,🔴 BLOQUEADO,H1 está contra o viés | ADR14 muito esticado (145%),ADR14 em 145%: evitar perseguir preço | ICT incompleto (52/100) | H1 ainda não confirmou gatilho,True,H1,1.0,SOURCE_EQUALS_EXECUTION,,,,,,
d5dbb8ed4049823b59cf810e,d5dbb8ed4049823b59cf810e,USD/CHF,BUY,fvg,SOURCE_MODEL_EXPLICIT,BLOCKED_CONTEXT,,2026-10-06T14:52:12.508063+00:00,,,,,,,2.0,,,,,,,,,89.0,91.0,89.9,🟢 CONFIRMA,🟢 PULLBACK OK,🟡 AGUARDAR GATILHO,43.2,74.6,B,72.0,68.46816976127336,NORMAL,1.7049441,1.7049441,True,100.0,TENDÊNCIA ALTISTA,EXPANSÃO DOS DOIS LADOS,London Close,False,"Candidato observado, mas não qualificado para simulação pelo contexto global.",2026-10-06T14:54:07.365443+00:00,2026-10-06T14:54:07.365443+00:00,ATLASQUANT_MODEL_PAPER_V1,9a1a908f2505cea407e5edac,d5dbb8ed4049823b59cf810e,FVG,M15,2026-10-06T14:52:12.508063+00:00,🟢 FVG EM TESTE,90.0,"{""price"": 0.83186, ""score"": 90.0, ""status"": ""🟢 FVG EM TESTE"", ""zone_high"": 0.83204, ""zone_low"": 0.83157}",False,🟡 DIREÇÃO CONFIRMADA — AGUARDAR EXECUÇÃO,,ICT incompleto (43/100) | M15 ainda não confirmou gatilho,True,M15,1.0,SOURCE_EQUALS_EXECUTION,,,,,,
80bd54fb2a4da56648813cdf,80bd54fb2a4da56648813cdf,EUR/USD,SELL,amd-po3,SOURCE_MODEL_EXPLICIT,BLOCKED_CONTEXT,,2026-10-06T16:52:43.824925+00:00,,,,,,,2.0,,,,,,,,,84.0,70.0,78.3,🟡 PARCIAL,🔴 CONTRA,🔴 SEM GATILHO,48.8,59.7,WAIT,58.0,145.47187797902924,NORMAL,1.6938372000000002,1.6938372000000002,True,100.0,TENDÊNCIA BAIXISTA,COMPRESSÃO,,False,"Candidato observado, mas não qualificado para simulação pelo contexto global.",2026-10-06T16:54:29.155219+00:00,2026-10-06T16:54:29.155219+00:00,ATLASQUANT_MODEL_PAPER_V1,aa63bb5cf41aa327431bdac7,80bd54fb2a4da56648813cdf,AMD,M15,2026-10-06T16:52:43.824925+00:00,🟢 AMD / PO3 EM DISTRIBUIÇÃO,100.0,"{""acc_high"": 1.1266, ""acc_low"": 1.12458, ""manipulation_side"": ""BSL"", ""phase"": ""DISTRIBUIÇÃO"", ""score"": 100.0, ""status"": ""🟢 AMD / PO3 EM DISTRIBUIÇÃO"", ""target"": 1.12458}",False,🔴 BLOQUEADO,H1 está contra o viés | ADR14 muito esticado (145%),Gate ainda não liberou execução | ADR14 em 145%: evitar perseguir preço | ICT incompleto (49/100) | Fluxo institucional incompleto (60/100) | M15 ainda não confirmou gatilho,True,M15,1.0,SOURCE_EQUALS_EXECUTION,,,,,,
d823da423ce3f471a3e025df,d823da423ce3f471a3e025df,USD/CHF,BUY,ote,SOURCE_MODEL_EXPLICIT,BLOCKED_CONTEXT,,2026-10-06T18:55:12.561103+00:00,,,,,,,2.0,,,,,,,,,79.0,88.0,82.7,🟢 CONFIRMA,🟡 ALINHADO,🟢 GATILHO,53.2,65.4,B,77.0,68.46816976127336,NORMAL,2.034165916666667,2.034165916666667,True,100.0,TENDÊNCIA ALTISTA,EXPANSÃO DOS DOIS LADOS,New York PM,False,"Candidato observado, mas não qualificado para simulação pelo contexto global.",2026-10-06T18:57:26.370141+00:00,2026-10-06T18:57:26.370141+00:00,ATLASQUANT_MODEL_PAPER_V1,d2b486e76144f6afd6ab2f79,d823da423ce3f471a3e025df,OTE,H1,2026-10-06T18:55:12.561103+00:00,🟢 DENTRO DO OTE,90.0,"{""price"": 0.83115, ""retracement_pct"": 66.26016260162186, ""score"": 90.0, ""status"": ""🟢 DENTRO DO OTE"", ""sweet_705"": 0.8310457, ""swing_high"": 0.83278, ""swing_low"": 0.83032, ""zone_high"": 0.8312548, ""zone_low"": 0.8308365999999999}",False,⚪ EM OBSERVAÇÃO,,ICT incompleto (53/100) | Fluxo institucional incompleto (65/100) | H1 ainda não confirmou gatilho,True,H1,1.0,SOURCE_EQUALS_EXECUTION,,,,,,
c7a494e3edf37393026fb85a,c7a494e3edf37393026fb85a,USD/JPY,BUY,amd-po3,SOURCE_MODEL_EXPLICIT,BLOCKED_CONTEXT,,2026-10-06T20:24:02.128076+00:00,,,,,,,2.0,,,,,,,,,84.0,84.0,83.6,🟢 CONFIRMA,🟢 PULLBACK OK,🔴 SEM GATILHO,71.8,44.5,WAIT,35.0,32.19056667333643,NORMAL,0.7870456833333334,0.7870456833333334,True,100.0,EQUILÍBRIO / LIQUIDEZ,TENDÊNCIA BAIXISTA,,False,"Candidato observado, mas não qualificado para simulação pelo contexto global.",2026-10-06T20:25:53.489789+00:00,2026-10-06T20:25:53.489789+00:00,ATLASQUANT_MODEL_PAPER_V1,6b4671db94132b669d6ec5be,c7a494e3edf37393026fb85a,AMD,M15,2026-10-06T20:24:02.128076+00:00,🟢 AMD / PO3 EM DISTRIBUIÇÃO,100.0,"{""acc_high"": 158.20104, ""acc_low"": 158.06473, ""manipulation_side"": ""SSL"", ""phase"": ""DISTRIBUIÇÃO"", ""score"": 100.0, ""status"": ""🟢 AMD / PO3 EM DISTRIBUIÇÃO"", ""target"": 158.20104}",False,🟡 DIREÇÃO CONFIRMADA — AGUARDAR EXECUÇÃO,,Gate ainda não liberou execução | Fluxo institucional incompleto (44/100) | M15 ainda não confirmou gatilho,True,M15,1.0,SOURCE_EQUALS_EXECUTION,,,,,,
1aba0f84e0241a90761db1b5,1aba0f84e0241a90761db1b5,USD/JPY,BUY,crt,SOURCE_MODEL_EXPLICIT,BLOCKED_CONTEXT,,2026-10-06T20:24:02.128076+00:00,,,,,,,2.0,,,,,,,,,84.0,84.0,83.6,🟢 CONFIRMA,🟢 PULLBACK OK,🔴 SEM GATILHO,71.8,44.5,WAIT,35.0,32.19056667333643,NORMAL,0.7870456833333334,0.7870456833333334,True,100.0,EQUILÍBRIO / LIQUIDEZ,TENDÊNCIA BAIXISTA,,False,"Candidato observado, mas não qualificado para simulação pelo contexto global.",2026-10-06T20:25:53.489789+00:00,2026-10-06T20:25:53.489789+00:00,ATLASQUANT_MODEL_PAPER_V1,ffe7c4bb32826a2abcf73f19,1aba0f84e0241a90761db1b5,CRT,H1,2026-10-06T20:24:02.128076+00:00,🟢 CRT CONFIRMADO,100.0,"{""anchor_high"": 158.20104, ""anchor_low"": 158.10624, ""invalidation"": 158.06376, ""phase"": ""DISTRIBUIÇÃO"", ""raid_side"": ""SSL"", ""score"": 100.0, ""status"": ""🟢 CRT CONFIRMADO"", ""target"": 158.20104}",False,🔴 BLOQUEADO,Contexto D1 não alinha com execução H1 (NEUTRO vs ALTISTA),Gate ainda não liberou execução | Fluxo institucional incompleto (44/100),True,H1,1.0,SOURCE_EQUALS_EXECUTION,,,,,,
bb02132683f3ca793fc2a84f,bb02132683f3ca793fc2a84f,NZD/USD,SELL,crt,SOURCE_MODEL_EXPLICIT,BLOCKED_CONTEXT,,2026-10-06T21:22:15.207430+00:00,,,,,,,2.0,,,,,,,,,74.0,88.0,79.8,🔴 CONTRA,🔴 CONTRA,🔴 SEM GATILHO,53.8,67.7,B,65.0,99.19484702093546,NORMAL,1.5559982833333337,1.5559982833333337,True,100.0,TENDÊNCIA BAIXISTA,EQUILÍBRIO / LIQUIDEZ,,False,"Candidato observado, mas não qualificado para simulação pelo contexto global.",2026-10-06T21:23:54.929777+00:00,2026-10-06T21:23:54.929777+00:00,ATLASQUANT_MODEL_PAPER_V1,14111b8a24fa8dd482b473e2,bb02132683f3ca793fc2a84f,CRT,H1,2026-10-06T21:22:15.207430+00:00,🟢 CRT CONFIRMADO,100.0,"{""anchor_high"": 0.56272, ""anchor_low"": 0.56233, ""invalidation"": 0.56278, ""phase"": ""DISTRIBUIÇÃO"", ""raid_side"": ""BSL"", ""score"": 100.0, ""status"": ""🟢 CRT CONFIRMADO"", ""target"": 0.56233}",False,🔴 BLOQUEADO,H4 está contra o viés | H1 está contra o viés,ADR14 em 99%: evitar perseguir preço | ICT incompleto (54/100) | Fluxo institucional incompleto (68/100) | H1 ainda não confirmou gatilho,True,H1,1.0,SOURCE_EQUALS_EXECUTION,,,,,,
5b2d1f8ebf4615e48ae1990a,5b2d1f8ebf4615e48ae1990a,USD/CHF,BUY,fvg,SOURCE_MODEL_EXPLICIT,BLOCKED_CONTEXT,,2026-10-06T21:22:15.207430+00:00,,,,,,,2.0,,,,,,,,,79.0,88.0,82.7,🟢 CONFIRMA,🟢 PULLBACK OK,🔴 SEM GATILHO,43.2,57.6,B,65.0,68.46816976127336,NORMAL,1.49748855,1.49748855,True,100.0,TENDÊNCIA ALTISTA,EXPANSÃO DOS DOIS LADOS,,False,"Candidato observado, mas não qualificado para simulação pelo contexto global.",2026-10-06T21:23:54.929777+00:00,2026-10-06T21:23:54.929777+00:00,ATLASQUANT_MODEL_PAPER_V1,310de263d3e76f435bbdc1ad,5b2d1f8ebf4615e48ae1990a,FVG,M15,2026-10-06T21:22:15.207430+00:00,🟢 FVG EM TESTE,90.0,"{""price"": 0.83154, ""score"": 90.0, ""status"": ""🟢 FVG EM TESTE"", ""zone_high"": 0.83154, ""zone_low"": 0.83141}",False,🟡 DIREÇÃO CONFIRMADA — AGUARDAR EXECUÇÃO,,ICT incompleto (43/100) | Fluxo institucional incompleto (58/100) | M15 ainda não confirmou gatilho,True,M15,1.0,SOURCE_EQUALS_EXECUTION,,,,,,
06be47cc64753a79a1a5df6c,06be47cc64753a79a1a5df6c,EUR/USD,SELL,amd-po3,SOURCE_MODEL_EXPLICIT,BLOCKED_CONTEXT,,2026-10-06T23:20:56.311323+00:00,,,,,,,2.0,,,,,,,,,78.0,67.0,73.5,🔴 CONTRA,🔴 CONTRA,🟢 GATILHO,64.5,66.9,WAIT,50.0,145.47187797902924,NORMAL,1.6554753333333332,1.6554753333333332,True,100.0,TENDÊNCIA BAIXISTA,COMPRESSÃO,,False,"Candidato observado, mas não qualificado para simulação pelo contexto global.",2026-10-06T23:22:39.014348+00:00,2026-10-06T23:22:39.014348+00:00,ATLASQUANT_MODEL_PAPER_V1,5e3b3b635d4a67f0d38975f7,06be47cc64753a79a1a5df6c,AMD,M15,2026-10-06T23:20:56.311323+00:00,🟢 AMD / PO3 EM DISTRIBUIÇÃO,100.0,"{""acc_high"": 1.1262, ""acc_low"": 1.12571, ""manipulation_side"": ""BSL"", ""phase"": ""DISTRIBUIÇÃO"", ""score"": 100.0, ""status"": ""🟢 AMD / PO3 EM DISTRIBUIÇÃO"", ""target"": 1.12571}",False,🔴 BLOQUEADO,H4 está contra o viés | H1 está contra o viés | ADR14 muito esticado (145%),Gate ainda não liberou execução | ADR14 em 145%: evitar perseguir preço | ICT incompleto (64/100) | Fluxo institucional incompleto (67/100),True,M15,1.0,SOURCE_EQUALS_EXECUTION,,,,,,
253ddc49084175cd180ed4ea,253ddc49084175cd180ed4ea,EUR/USD,SELL,crt,SOURCE_MODEL_EXPLICIT,BLOCKED_CONTEXT,,2026-10-06T23:20:56.311323+00:00,,,,,,,2.0,,,,,,,,,78.0,67.0,73.5,🔴 CONTRA,🔴 CONTRA,🟢 GATILHO,64.5,66.9,WAIT,50.0,145.47187797902924,NORMAL,1.6554753333333332,1.6554753333333332,True,100.0,TENDÊNCIA BAIXISTA,COMPRESSÃO,,False,"Candidato observado, mas não qualificado para simulação pelo contexto global.",2026-10-06T23:22:39.014348+00:00,2026-10-06T23:22:39.014348+00:00,ATLASQUANT_MODEL_PAPER_V1,16a97007ea47dd641331dd4b,253ddc49084175cd180ed4ea,CRT,H1,2026-10-06T23:20:56.311323+00:00,🟢 CRT CONFIRMADO,100.0,"{""anchor_high"": 1.12609, ""anchor_low"": 1.12571, ""invalidation"": 1.12624, ""phase"": ""DISTRIBUIÇÃO"", ""raid_side"": ""BSL"", ""score"": 100.0, ""status"": ""🟢 CRT CONFIRMADO"", ""target"": 1.12571}",False,🔴 BLOQUEADO,H4 está contra o viés | H1 está contra o viés | ADR14 muito esticado (145%),Gate ainda não liberou execução | ADR14 em 145%: evitar perseguir preço | ICT incompleto (64/100) | Fluxo institucional incompleto (67/100) | H1 ainda não confirmou gatilho,True,H1,1.0,SOURCE_EQUALS_EXECUTION,,,,,,
a3e1e05fc4245f6e2e42366e,a3e1e05fc4245f6e2e42366e,USD/JPY,BUY,amd-po3,SOURCE_MODEL_EXPLICIT,BLOCKED_CONTEXT,,2026-10-06T23:20:56.311323+00:00,,,,,,,2.0,,,,,,,,,79.0,81.0,79.5,🟢 CONFIRMA,🟢 PULLBACK OK,🟢 GATILHO,57.5,62.5,WAIT,35.0,32.19056667333643,NORMAL,0.65012065,0.65012065,True,100.0,EQUILÍBRIO / LIQUIDEZ,TENDÊNCIA BAIXISTA,,False,"Candidato observado, mas não qualificado para simulação pelo contexto global.",2026-10-06T23:22:39.014348+00:00,2026-10-06T23:22:39.014348+00:00,ATLASQUANT_MODEL_PAPER_V1,12c9103e6915667e631c714b,a3e1e05fc4245f6e2e42366e,AMD,M15,2026-10-06T23:20:56.311323+00:00,🟢 AMD / PO3 EM DISTRIBUIÇÃO,100.0,"{""acc_high"": 158.18303, ""acc_low"": 158.09988, ""manipulation_side"": ""SSL"", ""phase"": ""DISTRIBUIÇÃO"", ""score"": 100.0, ""status"": ""🟢 AMD / PO3 EM DISTRIBUIÇÃO"", ""target"": 158.18303}",False,🟡 DIREÇÃO CONFIRMADA — AGUARDAR EXECUÇÃO,,Gate ainda não liberou execução | ICT incompleto (58/100) | Fluxo institucional incompleto (62/100),True,M15,1.0,SOURCE_EQUALS_EXECUTION,,,,,,
61c5e730e10aa7ee2705bf5f,61c5e730e10aa7ee2705bf5f,USD/JPY,BUY,crt,SOURCE_MODEL_EXPLICIT,BLOCKED_CONTEXT,,2026-10-07T00:34:18.784153+00:00,,,,,,,2.0,,,,,,,,,79.0,81.0,79.5,🟢 CONFIRMA,🟢 PULLBACK OK,🟢 GATILHO,60.5,64.7,WAIT,42.0,54.123225651606965,NORMAL,1.7602019333333334,1.7602019333333334,True,100.0,EQUILÍBRIO / LIQUIDEZ,TENDÊNCIA BAIXISTA,Asian Range,False,"Candidato observado, mas não qualificado para simulação pelo contexto global.",2026-10-07T00:37:08.071768+00:00,2026-10-07T00:37:08.071768+00:00,ATLASQUANT_MODEL_PAPER_V1,f4b52ebc649b15fe69f19ad0,61c5e730e10aa7ee2705bf5f,CRT,H1,2026-10-07T00:34:18.784153+00:00,🟢 CRT CONFIRMADO,100.0,"{""anchor_high"": 158.17356, ""anchor_low"": 158.09988, ""invalidation"": 158.07907, ""phase"": ""DISTRIBUIÇÃO"", ""raid_side"": ""SSL"", ""score"": 100.0, ""status"": ""🟢 CRT CONFIRMADO"", ""target"": 158.17356}",False,🔴 BLOQUEADO,Contexto D1 não alinha com execução H1 (NEUTRO vs ALTISTA),Gate ainda não liberou execução | ICT incompleto (60/100) | Fluxo institucional incompleto (65/100),True,H1,1.0,SOURCE_EQUALS_EXECUTION,,,,,,
df425a5e5b227e8669e1b255,df425a5e5b227e8669e1b255,EUR/USD,SELL,bos-choch-ob,SOURCE_MODEL_EXPLICIT,BLOCKED_CONTEXT,,2026-10-07T05:23:54.665732+00:00,,,,,,,2.0,,,,,,,,,78.0,67.0,73.5,🔴 CONTRA,🔴 CONTRA,🟡 AGUARDAR GATILHO,60.5,60.0,WAIT,50.0,18.74507744814964,NORMAL,1.6209348666666663,1.6209348666666663,True,100.0,TENDÊNCIA BAIXISTA,COMPRESSÃO,,False,"Candidato observado, mas não qualificado para simulação pelo contexto global.",2026-10-07T05:25:34.826993+00:00,2026-10-07T05:25:34.826993+00:00,ATLASQUANT_MODEL_PAPER_V1,e538d7f3b8c33684fab75f4e,df425a5e5b227e8669e1b255,BOS_CHOCH_OB,M15,2026-10-07T05:23:54.665732+00:00,BOS + 🟡 ORDER BLOCK ATIVO,68.0,"{""break_time"": ""2026-10-07T04:15:00+00:00"", ""invalidated"": false, ""mitigation_depth_pct"": 0.0, ""order_block_side"": ""SELL"", ""order_block_status"": ""🟡 ORDER BLOCK ATIVO"", ""origin_time"": ""2026-10-07T03:30:00+00:00"", ""structure_event"": ""BOS"", ""structure_level"": 1.12338, ""structure_side"": ""SELL"", ""structure_status"": ""🟢 BOS CONFIRMADO"", ""zone_high"": 1.12397, ""zone_low"": 1.12375}",False,🔴 BLOQUEADO,H4 está contra o viés | H1 está contra o viés,Gate ainda não liberou execução | ICT incompleto (60/100) | Fluxo institucional incompleto (60/100) | M15 ainda não confirmou gatilho,True,M15,1.0,SOURCE_EQUALS_EXECUTION,,,,,,
a7fc01f3269276465a31ac8d,a7fc01f3269276465a31ac8d,EUR/USD,SELL,crt,SOURCE_MODEL_EXPLICIT,BLOCKED_CONTEXT,,2026-10-07T05:23:54.665732+00:00,,,,,,,2.0,,,,,,,,,78.0,67.0,73.5,🔴 CONTRA,🔴 CONTRA,🟡 AGUARDAR GATILHO,60.5,60.0,WAIT,50.0,18.74507744814964,NORMAL,1.6209348666666663,1.6209348666666663,True,100.0,TENDÊNCIA BAIXISTA,COMPRESSÃO,,False,"Candidato observado, mas não qualificado para simulação pelo contexto global.",2026-10-07T05:25:34.826993+00:00,2026-10-07T05:25:34.826993+00:00,ATLASQUANT_MODEL_PAPER_V1,216615828d6bbd5cfdecef1e,a7fc01f3269276465a31ac8d,CRT,H1,2026-10-07T05:23:54.665732+00:00,🟢 CRT CONFIRMADO,100.0,"{""anchor_high"": 1.12394, ""anchor_low"": 1.12338, ""invalidation"": 1.12397, ""phase"": ""DISTRIBUIÇÃO"", ""raid_side"": ""BSL"", ""score"": 100.0, ""status"": ""🟢 CRT CONFIRMADO"", ""target"": 1.12338}",False,🔴 BLOQUEADO,H4 está contra o viés | H1 está contra o viés,Gate ainda não liberou execução | ICT incompleto (60/100) | Fluxo institucional incompleto (60/100) | H1 ainda não confirmou gatilho,True,H1,1.0,SOURCE_EQUALS_EXECUTION,,,,,,
5be945e2c11217123b8e0669,5be945e2c11217123b8e0669,NZD/USD,SELL,bos-choch-ob,SOURCE_MODEL_EXPLICIT,BLOCKED_CONTEXT,,2026-10-07T05:23:54.665732+00:00,,,,,,,2.0,,,,,,,,,74.0,88.0,79.8,🔴 CONTRA,🔴 CONTRA,🟡 AGUARDAR GATILHO,39.5,68.0,WAIT,50.0,14.151810328984864,NORMAL,1.54272725,1.54272725,True,100.0,TENDÊNCIA BAIXISTA,EQUILÍBRIO / LIQUIDEZ,,False,"Candidato observado, mas não qualificado para simulação pelo contexto global.",2026-10-07T05:25:34.826993+00:00,2026-10-07T05:25:34.826993+00:00,ATLASQUANT_MODEL_PAPER_V1,c5ba9f9f3409ca18729d63da,5be945e2c11217123b8e0669,BOS_CHOCH_OB,M15,2026-10-07T05:23:54.665732+00:00,BOS + 🟡 ORDER BLOCK ATIVO,68.0,"{""break_time"": ""2026-10-07T04:15:00+00:00"", ""invalidated"": false, ""mitigation_depth_pct"": 0.0, ""order_block_side"": ""SELL"", ""order_block_status"": ""🟡 ORDER BLOCK ATIVO"", ""origin_time"": ""2026-10-07T03:30:00+00:00"", ""structure_event"": ""BOS"", ""structure_level"": 0.56084, ""structure_side"": ""SELL"", ""structure_status"": ""🟢 BOS CONFIRMADO"", ""zone_high"": 0.56105, ""zone_low"": 0.5609}",False,🔴 BLOQUEADO,H4 está contra o viés | H1 está contra o viés,Gate ainda não liberou execução | ICT incompleto (40/100) | Fluxo institucional incompleto (68/100) | M15 ainda não confirmou gatilho,True,M15,1.0,SOURCE_EQUALS_EXECUTION,,,,,,
e077ca409bc1a1b8e3f4e487,e077ca409bc1a1b8e3f4e487,EUR/USD,SELL,bos-choch-ob,SOURCE_MODEL_EXPLICIT,BLOCKED_CONTEXT,,2026-10-07T06:28:01.839064+00:00,,,,,,,2.0,,,,,,,,,78.0,67.0,73.5,🔴 CONTRA,🔴 CONTRA,🟢 GATILHO,60.5,73.1,WAIT,57.0,26.09608821212892,NORMAL,1.4630932333333333,1.4630932333333333,True,100.0,TENDÊNCIA BAIXISTA,COMPRESSÃO,London Killzone,False,"Candidato observado, mas não qualificado para simulação pelo contexto global.",2026-10-07T06:29:33.101815+00:00,2026-10-07T06:29:33.101815+00:00,ATLASQUANT_MODEL_PAPER_V1,9fdb62976f73ff98155f35b9,e077ca409bc1a1b8e3f4e487,BOS_CHOCH_OB,M15,2026-10-07T06:28:01.839064+00:00,BOS + 🟡 ORDER BLOCK ATIVO,68.0,"{""break_time"": ""2026-10-07T06:00:00+00:00"", ""invalidated"": false, ""mitigation_depth_pct"": 0.0, ""order_block_side"": ""SELL"", ""order_block_status"": ""🟡 ORDER BLOCK ATIVO"", ""origin_time"": ""2026-10-07T05:45:00+00:00"", ""structure_event"": ""BOS"", ""structure_level"": 1.12285, ""structure_side"": ""SELL"", ""structure_status"": ""🟢 BOS CONFIRMADO"", ""zone_high"": 1.12328, ""zone_low"": 1.12301}",False,🔴 BLOQUEADO,H4 está contra o viés | H1 está contra o viés,Gate ainda não liberou execução | ICT incompleto (60/100),True,M15,1.0,SOURCE_EQUALS_EXECUTION,,,,,,
ee54d7463f30ad6548a98a75,ee54d7463f30ad6548a98a75,NZD/USD,SELL,bos-choch-ob,SOURCE_MODEL_EXPLICIT,BLOCKED_CONTEXT,,2026-10-07T06:28:01.839064+00:00,,,,,,,2.0,,,,,,,,,74.0,88.0,79.8,🔴 CONTRA,🔴 CONTRA,🟢 GATILHO,39.5,69.0,WAIT,57.0,20.84175702995989,NORMAL,1.380114683333333,1.380114683333333,True,100.0,TENDÊNCIA BAIXISTA,EQUILÍBRIO / LIQUIDEZ,London Killzone,False,"Candidato observado, mas não qualificado para simulação pelo contexto global.",2026-10-07T06:29:33.101815+00:00,2026-10-07T06:29:33.101815+00:00,ATLASQUANT_MODEL_PAPER_V1,724ecaddf4ff255ad2c647cf,ee54d7463f30ad6548a98a75,BOS_CHOCH_OB,M15,2026-10-07T06:28:01.839064+00:00,BOS + 🟡 ORDER BLOCK ATIVO,68.0,"{""break_time"": ""2026-10-07T06:00:00+00:00"", ""invalidated"": false, ""mitigation_depth_pct"": 0.0, ""order_block_side"": ""SELL"", ""order_block_status"": ""🟡 ORDER BLOCK ATIVO"", ""origin_time"": ""2026-10-07T05:30:00+00:00"", ""structure_event"": ""BOS"", ""structure_level"": 0.56039, ""structure_side"": ""SELL"", ""structure_status"": ""🟢 BOS CONFIRMADO"", ""zone_high"": 0.56059, ""zone_low"": 0.56039}",False,🔴 BLOQUEADO,H4 está contra o viés | H1 está contra o viés,Gate ainda não liberou execução | ICT incompleto (40/100) | Fluxo institucional incompleto (69/100),True,M15,1.0,SOURCE_EQUALS_EXECUTION,,,,,,
5cd6d8a89124ae7a3214df62,5cd6d8a89124ae7a3214df62,EUR/USD,SELL,bos-choch-ob,SOURCE_MODEL_EXPLICIT,BLOCKED_CONTEXT,,2026-10-07T08:26:30.486352+00:00,,,,,,,2.0,,,,,,,,,78.0,67.0,73.5,🟡 PARCIAL,🔴 CONTRA,🟡 AGUARDAR GATILHO,39.5,73.1,WAIT,57.0,102.54660015752088,NORMAL,1.7911280166666663,1.7911280166666663,True,100.0,TENDÊNCIA BAIXISTA,COMPRESSÃO,London Killzone,False,"Candidato observado, mas não qualificado para simulação pelo contexto global.",2026-10-07T08:28:21.429032+00:00,2026-10-07T08:28:21.429032+00:00,ATLASQUANT_MODEL_PAPER_V1,dd426802ad0280351fa26d59,5cd6d8a89124ae7a3214df62,BOS_CHOCH_OB,M15,2026-10-07T08:26:30.486352+00:00,BOS + 🟡 ORDER BLOCK ATIVO,68.0,"{""break_time"": ""2026-10-07T07:15:00+00:00"", ""invalidated"": false, ""mitigation_depth_pct"": 0.0, ""order_block_side"": ""SELL"", ""order_block_status"": ""🟡 ORDER BLOCK ATIVO"", ""origin_time"": ""2026-10-07T06:45:00+00:00"", ""structure_event"": ""BOS"", ""structure_level"": 1.12227, ""structure_side"": ""SELL"", ""structure_status"": ""🟢 BOS CONFIRMADO"", ""zone_high"": 1.12299, ""zone_low"": 1.12248}",False,🔴 BLOQUEADO,H1 está contra o viés,Gate ainda não liberou execução | ADR14 em 103%: evitar perseguir preço | ICT incompleto (40/100) | M15 ainda não confirmou gatilho,True,M15,1.0,SOURCE_EQUALS_EXECUTION,,,,,,
2818a95a77b7c087620d10e0,2818a95a77b7c087620d10e0,NZD/USD,SELL,amd-po3,SOURCE_MODEL_EXPLICIT,BLOCKED_CONTEXT,,2026-10-07T08:26:30.486352+00:00,,,,,,,2.0,,,,,,,,,74.0,88.0,79.8,🟡 PARCIAL,🔴 CONTRA,🟢 GATILHO,50.8,69.5,WAIT,57.0,22.385590884029515,NORMAL,1.6921379833333332,1.6921379833333332,True,100.0,TENDÊNCIA BAIXISTA,EQUILÍBRIO / LIQUIDEZ,London Killzone,False,"Candidato observado, mas não qualificado para simulação pelo contexto global.",2026-10-07T08:28:21.429032+00:00,2026-10-07T08:28:21.429032+00:00,ATLASQUANT_MODEL_PAPER_V1,0b38432dfa81cf2aa63199e0,2818a95a77b7c087620d10e0,AMD,M15,2026-10-07T08:26:30.486352+00:00,🟢 AMD / PO3 EM DISTRIBUIÇÃO,100.0,"{""acc_high"": 0.56086, ""acc_low"": 0.56019, ""manipulation_side"": ""BSL"", ""phase"": ""DISTRIBUIÇÃO"", ""score"": 100.0, ""status"": ""🟢 AMD / PO3 EM DISTRIBUIÇÃO"", ""target"": 0.56019}",False,🔴 BLOQUEADO,H1 está contra o viés,Gate ainda não liberou execução | ICT incompleto (51/100) | Fluxo institucional incompleto (70/100),True,M15,1.0,SOURCE_EQUALS_EXECUTION,,,,,,
5f62690c333298d54f9c9c97,5f62690c333298d54f9c9c97,NZD/USD,SELL,bos-choch-ob,SOURCE_MODEL_EXPLICIT,BLOCKED_CONTEXT,,2026-10-07T08:26:30.486352+00:00,,,,,,,2.0,,,,,,,,,74.0,88.0,79.8,🟡 PARCIAL,🔴 CONTRA,🟢 GATILHO,50.8,69.5,WAIT,57.0,22.385590884029515,NORMAL,1.6921379833333332,1.6921379833333332,True,100.0,TENDÊNCIA BAIXISTA,EQUILÍBRIO / LIQUIDEZ,London Killzone,False,"Candidato observado, mas não qualificado para simulação pelo contexto global.",2026-10-07T08:28:21.429032+00:00,2026-10-07T08:28:21.429032+00:00,ATLASQUANT_MODEL_PAPER_V1,477384202eaae7997d109b7c,5f62690c333298d54f9c9c97,BOS_CHOCH_OB,M15,2026-10-07T08:26:30.486352+00:00,CHOCH + 🟡 ORDER BLOCK ATIVO,68.0,"{""break_time"": ""2026-10-07T08:00:00+00:00"", ""invalidated"": false, ""mitigation_depth_pct"": 0.0, ""order_block_side"": ""SELL"", ""order_block_status"": ""🟡 ORDER BLOCK ATIVO"", ""origin_time"": ""2026-10-07T07:30:00+00:00"", ""structure_event"": ""CHOCH"", ""structure_level"": 0.56042, ""structure_side"": ""SELL"", ""structure_status"": ""🟢 CHOCH CONFIRMADO"", ""zone_high"": 0.56092, ""zone_low"": 0.56069}",False,🔴 BLOQUEADO,H1 está contra o viés,Gate ainda não liberou execução | ICT incompleto (51/100) | Fluxo institucional incompleto (70/100),True,M15,1.0,SOURCE_EQUALS_EXECUTION,,,,,,
9c763c359c3291aadd060db0,9c763c359c3291aadd060db0,USD/CAD,BUY,amd-po3,SOURCE_MODEL_EXPLICIT,BLOCKED_CONTEXT,,2026-10-07T08:26:30.486352+00:00,,,,,,,2.0,,,,,,,,,79.0,88.0,82.7,🔴 CONTRA,🔴 CONTRA,🟢 GATILHO,57.5,73.8,B,77.0,29.53504510756355,NORMAL,1.6556946833333333,1.6556946833333333,True,100.0,TENDÊNCIA ALTISTA,TENDÊNCIA ALTISTA,London Killzone,False,"Candidato observado, mas não qualificado para simulação pelo contexto global.",2026-10-07T08:28:21.429032+00:00,2026-10-07T08:28:21.429032+00:00,ATLASQUANT_MODEL_PAPER_V1,b2206872598cf03acd368e9b,9c763c359c3291aadd060db0,AMD,M15,2026-10-07T08:26:30.486352+00:00,🟢 AMD / PO3 EM DISTRIBUIÇÃO,100.0,"{""acc_high"": 1.42283, ""acc_low"": 1.42216, ""manipulation_side"": ""SSL"", ""phase"": ""DISTRIBUIÇÃO"", ""score"": 100.0, ""status"": ""🟢 AMD / PO3 EM DISTRIBUIÇÃO"", ""target"": 1.42283}",False,🔴 BLOQUEADO,H4 está contra o viés | H1 está contra o viés,ICT incompleto (58/100),True,M15,1.0,SOURCE_EQUALS_EXECUTION,,,,,,
478c37564aa49307b265334a,478c37564aa49307b265334a,USD/CHF,BUY,amd-po3,SOURCE_MODEL_EXPLICIT,CLOSED,LOSS,2026-10-07T09:15:00+00:00,2026-10-07T09:00:00+00:00,2026-10-07T09:15:00+00:00,0.83379,0.8332757142857143,0.8348185714285714,0.0005142857142857,2.0,2026-10-07T09:45:00+00:00,0.8332757142857143,STOP,-1.0,2.0,0.0389,1.0306,False,79.0,88.0,82.7,🟢 CONFIRMA,🟢 PULLBACK OK,🟢 GATILHO,78.5,76.9,B,65.0,43.76478540047347,NORMAL,0.6070127500000001,0.6070127500000001,True,100.0,TENDÊNCIA ALTISTA,EXPANSÃO DOS DOIS LADOS,,True,Candidato explícito do modelo + contexto global qualificado; Paper de pesquisa aguardando candle M15 posterior.,2026-10-07T09:26:27.997083+00:00,2026-10-07T10:26:04.740839+00:00,ATLASQUANT_MODEL_PAPER_V1,6b0f0b6e8754c41e9571ca24,478c37564aa49307b265334a,AMD,M15,2026-10-07T09:24:47.701012+00:00,🟢 AMD / PO3 EM DISTRIBUIÇÃO,100.0,"{""acc_high"": 0.83368, ""acc_low"": 0.83221, ""manipulation_side"": ""SSL"", ""phase"": ""DISTRIBUIÇÃO"", ""score"": 100.0, ""status"": ""🟢 AMD / PO3 EM DISTRIBUIÇÃO"", ""target"": 0.83368}",True,🟢 EXECUTÁVEL,,,True,M15,True,SOURCE_EQUALS_EXECUTION,-1.0,0.04,0.02,0.06,-1.06,V11.6_PAPER_FRICTION
6414aea1194b1184f66aa254,6414aea1194b1184f66aa254,USD/CHF,BUY,bos-choch-ob,SOURCE_MODEL_EXPLICIT,CLOSED,LOSS,2026-10-07T09:15:00+00:00,2026-10-07T09:00:00+00:00,2026-10-07T09:15:00+00:00,0.83379,0.8332757142857143,0.8348185714285714,0.0005142857142857,2.0,2026-10-07T09:45:00+00:00,0.8332757142857143,STOP,-1.0,2.0,0.0389,1.0306,False,79.0,88.0,82.7,🟢 CONFIRMA,🟢 PULLBACK OK,🟢 GATILHO,78.5,76.9,B,65.0,43.76478540047347,NORMAL,0.6070127500000001,0.6070127500000001,True,100.0,TENDÊNCIA ALTISTA,EXPANSÃO DOS DOIS LADOS,,True,Candidato explícito do modelo + contexto global qualificado; Paper de pesquisa aguardando candle M15 posterior.,2026-10-07T09:26:27.997083+00:00,2026-10-07T10:26:04.740839+00:00,ATLASQUANT_MODEL_PAPER_V1,b808e050f6d8f746c9bbde69,6414aea1194b1184f66aa254,BOS_CHOCH_OB,M15,2026-10-07T09:24:47.701012+00:00,CHOCH + 🟡 ORDER BLOCK ATIVO,68.0,"{""break_time"": ""2026-10-07T09:00:00+00:00"", ""invalidated"": false, ""mitigation_depth_pct"": 0.0, ""order_block_side"": ""BUY"", ""order_block_status"": ""🟡 ORDER BLOCK ATIVO"", ""origin_time"": ""2026-10-07T08:30:00+00:00"", ""structure_event"": ""CHOCH"", ""structure_level"": 0.83361, ""structure_side"": ""BUY"", ""structure_status"": ""🟢 CHOCH CONFIRMADO"", ""zone_high"": 0.83336, ""zone_low"": 0.83289}",True,🟢 EXECUTÁVEL,,,True,M15,True,SOURCE_EQUALS_EXECUTION,-1.0,0.04,0.02,0.06,-1.06,V11.6_PAPER_FRICTION
2ee2c4af05417e267337448a,2ee2c4af05417e267337448a,USD/CHF,BUY,crt,SOURCE_MODEL_EXPLICIT,CLOSED,LOSS,2026-10-07T09:00:00+00:00,2026-10-07T08:00:00+00:00,2026-10-07T09:00:00+00:00,0.83323,0.8326321428571429,0.8344257142857143,0.0005978571428571,2.0,2026-10-07T11:00:00+00:00,0.8326321428571429,STOP,-1.0,2.0,1.037,1.4719,False,79.0,88.0,82.7,🟢 CONFIRMA,🟢 PULLBACK OK,🟢 GATILHO,78.5,76.9,B,65.0,43.76478540047347,NORMAL,0.6070127500000001,0.6070127500000001,True,100.0,TENDÊNCIA ALTISTA,EXPANSÃO DOS DOIS LADOS,,True,Candidato explícito do modelo + contexto global qualificado; Paper de pesquisa aguardando candle H1 posterior.,2026-10-07T09:26:27.997083+00:00,2026-10-07T11:25:13.991653+00:00,ATLASQUANT_MODEL_PAPER_V1,93cc2d521f10ea1c3aef5a2b,2ee2c4af05417e267337448a,CRT,H1,2026-10-07T09:24:47.701012+00:00,🟢 CRT CONFIRMADO,100.0,"{""anchor_high"": 0.83368, ""anchor_low"": 0.83224, ""invalidation"": 0.832, ""phase"": ""DISTRIBUIÇÃO"", ""raid_side"": ""SSL"", ""score"": 100.0, ""status"": ""🟢 CRT CONFIRMADO"", ""target"": 0.83368}",True,🟢 EXECUTÁVEL,,,True,H1,True,SOURCE_EQUALS_EXECUTION,-1.0,0.04,0.02,0.06,-1.06,V11.6_PAPER_FRICTION
c9a0b658687e10cc5ce92807,c9a0b658687e10cc5ce92807,USD/JPY,BUY,amd-po3,SOURCE_MODEL_EXPLICIT,BLOCKED_CONTEXT,,2026-10-07T10:24:25.624195+00:00,,,,,,,2.0,,,,,,,,,79.0,81.0,79.5,🟢 CONFIRMA,🟡 ALINHADO,🔴 SEM GATILHO,65.0,73.6,WAIT,43.0,62.78045906925393,NORMAL,1.5309537666666666,1.5309537666666666,True,100.0,EQUILÍBRIO / LIQUIDEZ,TENDÊNCIA BAIXISTA,,False,"Candidato observado, mas não qualificado para simulação pelo contexto global.",2026-10-07T10:26:04.740839+00:00,2026-10-07T10:26:04.740839+00:00,ATLASQUANT_MODEL_PAPER_V1,3717382a0c44606e06048360,c9a0b658687e10cc5ce92807,AMD,M15,2026-10-07T10:24:25.624195+00:00,🟢 AMD / PO3 EM DISTRIBUIÇÃO,100.0,"{""acc_high"": 158.40708, ""acc_low"": 157.95271, ""manipulation_side"": ""SSL"", ""phase"": ""DISTRIBUIÇÃO"", ""score"": 100.0, ""status"": ""🟢 AMD / PO3 EM DISTRIBUIÇÃO"", ""target"": 158.40708}",False,⚪ EM OBSERVAÇÃO,,Gate ainda não liberou execução | ICT incompleto (65/100) | M15 ainda não confirmou gatilho,True,M15,True,SOURCE_EQUALS_EXECUTION,,,,,,
3b9eb29af284e3c022bb81de,3b9eb29af284e3c022bb81de,NZD/USD,SELL,crt,SOURCE_MODEL_EXPLICIT,BLOCKED_CONTEXT,,2026-10-07T11:23:21.507745+00:00,,,,,,,2.0,,,,,,,,,74.0,88.0,79.8,🟡 PARCIAL,🔴 CONTRA,🟢 GATILHO,60.5,59.6,WAIT,57.0,33.44973350486942,NORMAL,1.7033351,1.7033351,True,100.0,TENDÊNCIA BAIXISTA,EQUILÍBRIO / LIQUIDEZ,New York AM,False,"Candidato observado, mas não qualificado para simulação pelo contexto global.",2026-10-07T11:25:13.991653+00:00,2026-10-07T11:25:13.991653+00:00,ATLASQUANT_MODEL_PAPER_V1,7e388da2f6255321f95d7efb,3b9eb29af284e3c022bb81de,CRT,H1,2026-10-07T11:23:21.507745+00:00,🟢 CRT CONFIRMADO,100.0,"{""anchor_high"": 0.5609, ""anchor_low"": 0.56022, ""invalidation"": 0.56105, ""phase"": ""DISTRIBUIÇÃO"", ""raid_side"": ""BSL"", ""score"": 100.0, ""status"": ""🟢 CRT CONFIRMADO"", ""target"": 0.56022}",False,🔴 BLOQUEADO,H1 está contra o viés,Gate ainda não liberou execução | ICT incompleto (60/100) | Fluxo institucional incompleto (60/100) | H1 ainda não confirmou gatilho,True,H1,True,SOURCE_EQUALS_EXECUTION,,,,,,
